image_id,tp,fp_phantom,fp_overlap,fn
_469_jpg.rf.2291690d90e5c84a62cd533cce8f2a7c.jpg,1,0,0,0
closed_eye_1943-jpg_face_1_jpg.rf.9ac99f581ec497a09791541ac3745716.jpg,2,0,0,0
1067_jpg.rf.b7a4568ec2b1cbfc56a0074e5b80294a.jpg,1,1,0,1
23_jpg.rf.b578313c647e3f64c696e3f855c1843b.jpg,2,0,0,0
820_jpg.rf.bc963620c6275e73ce92fbac709be887.jpg,1,2,0,0
closed_eye_2335-jpg_face_1_jpg.rf.fa8fa76c29d183e8811089ffd60eb92e.jpg,2,0,0,0
345_jpg.rf.de4c10a5f760509a6d8d124f30ab3c05.jpg,1,0,2,2
8_jpg.rf.22f710522c34399d6cf112289a1986bf.jpg,3,0,0,0
12_jpg.rf.369e645030fd1e9a2bf469e98c77e592.jpg,1,2,0,0
499_jpg.rf.10474ea4660746fcc54944a9441f8d39.jpg,1,2,0,0
1537_jpg.rf.7c6b1a523c50339f17971718ad4ff3e6.jpg,0,1,1,2
1774_jpg.rf.cc05ec2927824deb060329b110836653.jpg,1,0,0,0
_451_jpg.rf.1e801fc30cb759c4913c4eeb29ac2e52.jpg,0,1,0,1
closed_eye_0191-jpg_face_1_jpg.rf.bd9962f79bbe5ce41ddf4002b8fcc021.jpg,1,0,0,0
424_jpg.rf.d54ddc0c8fd9440f67b1ee4ec4a0c6f2.jpg,2,0,1,1
img_000407_jpg.rf.7d35ffb51db41324a053f2893caece8f.jpg,1,3,0,0
_565_jpg.rf.8d668cf44c4ccdada57c6f94d4d06639.jpg,1,0,0,0
78_jpg.rf.25ac7caa4d68171b3e9a0428892186a3.jpg,1,0,0,0
776_jpg.rf.027eb455fea5356999a8a01ecbe799b9.jpg,1,2,0,0
117_jpg.rf.2edc4b74321434a1b9a05ef9f36ce8ec.jpg,1,2,0,0
1166_jpg.rf.25d63b67dfc02c33fc8eb1fa2e6fe5c2.jpg,1,0,0,0
138_jpg.rf.25d0ddc4fccf7dbbf04ce9425b877ee6.jpg,1,0,0,0
199_jpg.rf.b4dbe10c42d3b9ea46899dda289a3179.jpg,1,1,0,1
1660_jpg.rf.d4e27e024f50e560117e07ea57d2a88f.jpg,1,0,0,0
closed_eye_2582-jpg_face_1_jpg.rf.1130b230c819db4e2ef6a2fd5f82c3f4.jpg,2,0,0,0
_379_jpg.rf.e6199259690af5cb88f0b8839a3a1376.jpg,1,0,0,0
_710_jpg.rf.6e9af4a1c2da93360512b0f54557b87e.jpg,1,1,0,0
closed_eye_0670-jpg_face_1_jpg.rf.977f35602ddeac9cbe85abee74c52e49.jpg,1,1,0,0
000598_jpg.rf.db85f75a525425af30d940c43b5fc81e.jpg,2,0,0,0
793_jpg.rf.4aede636f1399229fb1db96ff35d6633.jpg,1,1,0,0
closed_eye_0228-jpg_face_2_jpg.rf.61798332cf9edb9df39c4fdc43c61b89.jpg,1,1,1,1
98_jpg.rf.955379c0a575d37afabef94f47ef6ac7.jpg,1,1,0,1
000277_jpg.rf.e0aec3b761ef29fff1cded0431a74f41.jpg,2,0,0,0
73_jpg.rf.445fbb919bfccc91c67fcc56c3d07200.jpg,1,0,0,0
s0016_01381_1_0_0_1_1_01_png.rf.2b1163c0996894f813deb05b4a622fb9.jpg,1,0,0,0
000303_jpg.rf.f794a3d067e0870e82ea75164ef756be.jpg,2,0,0,0
closed_eye_0557-jpg_face_1_jpg.rf.206ec1ffba96dcc55a19c94f800200a1.jpg,2,0,0,0
1913_jpg.rf.9465a5a413c0e7aec6e98004383157b6.jpg,1,0,1,1
_669_jpg.rf.adba97c80386da7091d304d350c6e407.jpg,1,0,0,0
closed_eye_0226-BMP_face_1_jpg.rf.bf7b0e8cf6c8422d9d73d3d7bceb7f0c.jpg,2,0,0,0
_158_jpg.rf.efef0b84e2770d4d4da6716f0ed35faf.jpg,1,0,0,0
closed_eye_1023-jpg_face_1_jpg.rf.da5b9857c2a269c919be11566b86d2d7.jpg,2,0,0,0
152_jpg.rf.19f917bcd16906b22eb5f22f5410a4e5.jpg,1,0,0,0
Yimg_000059_jpg.rf.c590135c85f11b00725c04f692f700f5.jpg,1,0,0,0
_660_jpg.rf.a7ab80ba72f292028ec228d095b824f7.jpg,1,0,0,0
_426_jpg.rf.248b933e314b35111dd573c12dacac7a.jpg,1,0,0,0
img_g_15030_jpg.rf.86d85836fdcaac1c329e5cfda45965f8.jpg,2,0,0,0
1124465440_1_jpg.rf.bb2c0587438f6b491fd6f3279d6b831f.jpg,1,0,0,0
closed_eye_0749-jpg_face_1_jpg.rf.35ea3672ec787d9d10250cef162bab90.jpg,1,2,0,0
_721_jpg.rf.fb1f371b6c73ddd2e196d5cd805dde1c.jpg,1,0,0,0
WIN_20211018_21_12_39_Pro_jpg.rf.26bf4cacf9f661ecbe433619c8edc726.jpg,1,0,1,0
_660_jpg.rf.c0812bb7a2a186e69de5db8dd56d526a.jpg,1,0,0,0
_601_jpg.rf.0b946c816e79aa95bcf1ba95ae65f876.jpg,1,0,0,0
111287440_1_jpg.rf.4ed9c1ae49fe6e691a30a4277ed88960.jpg,0,1,0,2
img_h_630-Copy_jpg.rf.40324f4759039d0b4cc74c622af53609.jpg,2,0,0,0
_284_jpg.rf.fd8ee868d2279bfc4ead14a2d6643f68.jpg,1,0,0,0
_195_jpg.rf.30224a4b94057e0f64ebfbf6dde9db42.jpg,1,0,0,0
closed_eye_0034-jpg_face_4_jpg.rf.081fdca75f65c179b02654316a04f637.jpg,1,2,0,1
_428_jpg.rf.5ce745b3bd2eca66b9ca76c20ca8e78d.jpg,1,0,0,0
closed_eye_0594-jpg_face_2_jpg.rf.a1d42303c73b2e02015f6204b21a7fec.jpg,2,0,0,0
_286_jpg.rf.0cddc128c000bcbe429da6b77e139bcf.jpg,1,0,0,0
135_jpg.rf.81c6013323b18538b15d0f3ef7ba7a92.jpg,1,1,0,0
_495_jpg.rf.83f33a63dc92c8f516b601023c36b21d.jpg,1,0,0,0
480_jpg.rf.0abef7537892436a26256047155f55ce.jpg,1,0,2,2
167_jpg.rf.5a4e6657e733288bec0e1b247ce61c62.jpg,1,0,0,0
1348_jpg.rf.e313cc52827982ceb50257b6f575a269.jpg,1,0,0,0
166_jpg.rf.e1abd673deb2dc40bf481cbaf7162d97.jpg,1,1,1,1
_687_jpg.rf.30e66f3bf3466b0f7e32b56d3937c2fd.jpg,1,0,0,0
_454_jpg.rf.238fdbd5d6e01208e7f19028fb13415e.jpg,0,0,1,1
s0014_08351_0_0_1_1_0_02_png_jpg.rf.610e09b7a3007d1f80a5964863b57c7f.jpg,1,0,0,0
_514_jpg.rf.25560c1e08dd350b9d4bb0beedf988e8.jpg,1,0,0,0
45_jpg.rf.20d500a3cc4fbc1652f7f5bb5f93ef02.jpg,0,1,1,2
s0019_06023_0_0_1_0_0_01_png_jpg.rf.9b4160f05bdbe0f2af0e9693ea447676.jpg,1,0,0,0
000147_jpg.rf.e00cd0fed8014a6b7dc09979c23aaba2.jpg,2,0,0,0
closed_eye_1690-jpg_face_1_jpg.rf.aedc64eabc51d19d2d83d979f42e83f2.jpg,2,0,0,0
image_2040_jpg.rf.9ced8c0e48904fc6b1281453b4fb975a.jpg,2,0,0,0
433_jpg.rf.3e138c6addbde2df78f74788d3fdd831.jpg,2,0,1,1
closed_eye_2137-jpg_face_1_jpg.rf.4dfa24bf3b37f5afe63c5b3d826332d7.jpg,1,1,0,0
img_000523_jpg.rf.201e5be5e75406759f54988bec8aa166.jpg,1,1,0,0
492_jpg.rf.e790cd49601363c41843345860455297.jpg,1,1,0,0
67_jpg.rf.e0bf712b9004d70db9aee6d0052da525.jpg,2,1,0,0
94_jpg.rf.af369892910d4325a06084a88b985b2b.jpg,1,0,0,0
_173_jpg.rf.efa137cd16beabbe6917a0afbb9723cb.jpg,0,0,1,1
670_jpg.rf.a309f79455c21d628da752558e402b4b.jpg,1,1,0,1
closed_eye_1393-jpg_face_1_jpg.rf.2399bf4d9a147e18796952cb64161b06.jpg,2,0,0,0
1615_jpg.rf.7a6eeb8ba0f7c7b5f09b6cd2ed3c249b.jpg,1,0,0,0
_426_jpg.rf.59e037dc0ed6148d687674c4424f624e.jpg,0,0,1,1
_420_jpg.rf.ec0c6912b653cf656981a308dd64791f.jpg,1,0,0,0
closed_eye_2046-jpg_face_1_jpg.rf.884eff3f4d66ff98b6c5544353dad50c.jpg,2,0,0,0
img_000475_jpg.rf.1c2a6944aac0135c2d185da62d061fbb.jpg,1,2,0,0
closed_eye_2165-jpg_face_3_jpg.rf.094a3b2049664ac2ff554bfbb40c98e9.jpg,2,2,0,0
s0034_00005_0_0_0_0_0_02_png.rf.cd818bba425da48e76ed2e610bac4b38.jpg,1,0,0,0
1252_jpg.rf.69306d6d7b24bde5e1637930dec2aa31.jpg,1,2,0,0
closed_eye_0253-jpg_face_3_jpg.rf.d793c0825575da9a5163e28642acc260.jpg,2,0,0,0
231_jpg.rf.d52960dde6beb9bcd939e4c130d362b5.jpg,1,2,0,0
176_jpg.rf.d997bb5f1b9b039cb6ff5e4ac02d3679.jpg,1,0,0,0
738_jpg.rf.db297f682219b28c363a34d0a358756b.jpg,1,0,0,0
909_jpg.rf.2d969066c4d85bef2ce40be4fd36dd64.jpg,1,1,0,0
_659_jpg.rf.24e7e3d3248972331a4e8dcab1e9caa1.jpg,0,0,0,1
_462_jpg.rf.3abf1a5710cc17d7c39ed9e3b70b67d7.jpg,1,0,0,0
2478_jpg.rf.d2c7c0caaafe04ebe05f93432adfafe5.jpg,2,0,0,0
763_jpg.rf.e1c2cfc7d4b100db9733ba77e1bcbefa.jpg,1,0,0,0
_342_jpg.rf.ae31dca94cf61f7993e1283bb6a2834c.jpg,1,0,0,0
Yimg_000143_jpg.rf.a1d99816d57cc328e841ea7afce097f6.jpg,1,0,0,0
417_jpg.rf.77e20c8173dd26fb01b0b75bab98d2a2.jpg,1,0,0,0
_702_jpg.rf.cd8c3fab5d706d98759e20364c9cee12.jpg,0,0,1,1
_212_jpg.rf.98be6f40f906d9be8d44c1a0d83f3db8.jpg,1,0,0,0
_229_jpg.rf.b84aa86554c01a0695291e8c704d4fbd.jpg,1,0,0,0
closed_eye_1260-jpg_face_2_jpg.rf.61be4495ec8a4b464c4a286ba48cfe19.jpg,2,0,0,0
404_jpg.rf.1145b960ca779e4facbd0948cc2f1735.jpg,1,3,0,0
_168_jpg.rf.d6d803884d4ea199ee69aa578e6e86f7.jpg,1,0,0,0
704_jpg.rf.2813789b10467da271b303c15b06dd93.jpg,1,0,0,0
311_jpg.rf.1143c09edbe2c6429a3e1a0a2575014e.jpg,1,0,0,0
yawn-908b6ede-3043-11ec-bb8f-302432df5bc8_jpg.rf.a5b4eb1597f727a19d93e7c32fb89b82.jpg,1,0,0,0
1320_jpg.rf.4babc204e3a7f5b28262d438f26b1800.jpg,1,0,0,0
closed_eye_2267-jpg_face_1_jpg.rf.13e1e327c54eb494db8925d689fa3527.jpg,2,0,0,0
139_jpg.rf.519c11d3bab5b8b4f1cfd1f4fe34dac9.jpg,1,1,0,0
_260_jpg.rf.5fc276fb6555e50897ff74fd8c4ea4e2.jpg,1,1,0,0
_120_jpg.rf.d15fdf528cf247751929019f23b73596.jpg,1,0,0,0
_348_jpg.rf.5680ec1c0ce20c0cc89a185aeca7318e.jpg,0,0,1,1
_703_jpg.rf.06d7f0f483b03da84bbb139b06416506.jpg,0,1,0,0
closed_eye_0312-jpg_face_2_jpg.rf.a7336c4fb2b4f447394fc648dd8fde76.jpg,2,0,0,0
s0016_00376_1_0_0_0_1_01_png.rf.1a33938e2efe43d6d2011336de6234cd.jpg,1,0,0,0
1346_jpg.rf.7ae3d99402c8b20ebb9c5ce4f7eae869.jpg,1,0,0,0
closed_eye_0649-jpg_face_1_jpg.rf.631ca195fa00e5baf0278bf802cb1f17.jpg,1,0,0,1
_609_jpg.rf.ff03b8545039d46b5020c7a310ff014b.jpg,1,0,0,0
closed_eye_2186-jpg_face_1_jpg.rf.6fb5c2dd11f0071841058cd20d54648d.jpg,0,0,0,2
closed_eye_0638-jpg_face_1_jpg.rf.e8fc9e4f97059d29d17e40fd5b62b527.jpg,2,0,0,0
_342_jpg.rf.cb06804189e85358b7fbf7912b9af58a.jpg,1,0,0,0
_482_jpg.rf.ab872fb8c43b2e13cf8c63a309cbe37f.jpg,0,0,0,1
_699_jpg.rf.0eda89b6853d105b40178a88fb0be01a.jpg,1,0,0,0
876_jpg.rf.0d63ddb897810bf8d14ae6a0c9fbe028.jpg,1,0,0,0
247_jpg.rf.162c2c12b18cf16d43b654a3c3f1ba6a.jpg,1,0,0,0
output_0023-mkv-240_jpg.rf.e44d8a67042afe62e25e8131cce8129c.jpg,0,0,0,3
closed_eye_0899-jpg_face_1_jpg.rf.67c4e51d7ed5469e7096fcac259d2c7c.jpg,2,0,0,0
3223_jpg.rf.e4a6fce773431e84ee58ef3e0e04e4db.jpg,1,0,0,0
499_jpg.rf.313c75d25396691363c1466de7a96841.jpg,1,0,0,0
460_jpg.rf.7823ef2dd29f4418fef155cd25b4540f.jpg,2,2,0,0
61_jpg.rf.6747f0bdd46ae4d51a14493aa321541d.jpg,1,2,0,0
_345_jpg.rf.80d309b75288939f109e563884d676b3.jpg,0,0,1,1
1219_jpg.rf.70e5afa859d957b2f0acd7fdd03f053c.jpg,1,0,0,0
_346_jpg.rf.53d06de73d2edd27747e4c236259b21f.jpg,1,0,0,0
690_jpg.rf.e55ed76ec6205fa626b8e5144e6692df.jpg,1,2,0,0
1744_jpg.rf.05cb165033eaf00f321f2381c7a20315.jpg,1,0,0,0
closed_eye_1363-jpg_face_1_jpg.rf.b4c44b3635cbfda13070e683a8a1f453.jpg,2,0,0,0
295_jpg.rf.f96da4fdeded032abe656a037c3d55ea.jpg,2,1,0,0
1288_jpg.rf.fbc7430d12403ad9929714ad48433df6.jpg,1,1,0,0
2955_jpg.rf.dae7f537787185a730d40fabe59cca7c.jpg,1,0,0,0
1084_jpg.rf.55b8fc4761012e1117c61c33229cf6bc.jpg,1,0,0,0
istockphoto-641147308-612x612_jpg.rf.4159d722115a290fd88bd2e98c234d57.jpg,1,0,0,2
348_jpg.rf.36f19c1524c5004b731be0becc4c4cdf.jpg,2,1,0,0
_385_jpg.rf.3e26cb59feeb65e3817d7f3599b4a20d.jpg,1,0,0,0
_147_jpg.rf.d012399a949ec3abbf936dbe82a47388.jpg,1,0,0,0
closed_eye_1942-jpg_face_2_jpg.rf.fed5fda3dd7896711504fb8bb1798e05.jpg,2,0,0,0
18_jpg.rf.872aca3f2242f1360342ea169e446eb1.jpg,1,1,0,0
closed_eye_0900-jpg_face_2_jpg.rf.070fdd28afd4f552d11d1ebca9ff1fb1.jpg,2,1,0,0
473_jpg.rf.470fb048ea8ba7d3efa4cac8003ea740.jpg,2,0,1,1
572_jpg.rf.812db244e20a9c82ed29bbc429451a0f.jpg,1,1,0,1
_554_jpg.rf.5e1d6c9dfc8f10c2f370637078010679.jpg,1,0,0,0
441_jpg.rf.f596ae7ad9cc33090d91bce17e3e6393.jpg,1,1,0,1
224_jpg.rf.cdff0f734bad7db95250c5dbf88fba96.jpg,1,2,0,0
99_jpg.rf.9c91930c0b6381dae086e1cbaa05b868.jpg,1,0,0,0
179_jpg.rf.75954ee29bdfb2f69eefb9a4053de128.jpg,1,2,1,0
000040_jpg.rf.9b466fa27e04d58596ecea1cc2f0d6bd.jpg,1,0,0,0
_595_jpg.rf.7d70a12842143e734c83c2005010b7a3.jpg,1,0,0,0
1286_jpg.rf.94051f09c37c90dd5d2eb06370260f40.jpg,1,1,0,0
s0016_00399_1_0_0_0_1_01_png.rf.6dfd96eb0c2831c983b3dc68e30cfba9.jpg,1,0,0,0
s0016_01380_1_0_0_0_1_01_png.rf.592dd0727b5f958a106c6dffd50a351b.jpg,1,0,0,0
799_jpg.rf.b844ec69390a260b2c87142f7a50c3b7.jpg,1,2,0,0
closed_eye_0860-jpg_face_1_jpg.rf.c022a2c964b1cc70df12111e1c330ae8.jpg,2,0,0,0
closed_eye_1077-jpg_face_3_jpg.rf.d967069a075eca3859377a2a098e46c8.jpg,1,0,0,1
_587_jpg.rf.55db5d929ea229d647a50f5503e3e6e8.jpg,1,0,0,0
571_jpg.rf.e40136217bd5c2908ac0043a7e40363b.jpg,0,1,2,2
255_jpg.rf.a62d0e9d57e72a6193ff836bdfe71840.jpg,1,0,0,0
185_jpg.rf.ff45fb7c16763364a20424ac0cb30633.jpg,2,2,0,0
794_jpg.rf.58d92306b7bb19e3de34341d0bdda50c.jpg,1,1,0,0
closed_eye_0087-jpg_face_1_jpg.rf.9ea96441f1cbc08915fa22e6c0fbbc92.jpg,2,0,0,0
000517_jpg.rf.6b40393c66570d7712e6e759e1084517.jpg,1,0,1,1
258_jpg.rf.de71f8aaaa0115b2c5e94faa382367ad.jpg,1,0,0,0
istockphoto-910589784-612x612_jpg.rf.fc98cfc7408d962b09ffce590cf2db53.jpg,1,1,1,2
closed_eye_2689-jpg_face_4_jpg.rf.f2d655b8a4b6133e9966752fae985de8.jpg,2,0,0,0
_455_jpg.rf.0e4deba33c4e43a0105759ed7d688754.jpg,1,0,0,0
Yimg_000079_jpg.rf.1171b4a18bfafb106a826c0cce8e47e5.jpg,1,0,0,0
_238_jpg.rf.68144f23bdd7f9c2f183d6bb94e36ef9.jpg,0,1,0,0
1132_jpg.rf.38e8d500f5fcca33c0cbc2625b968fe6.jpg,1,0,0,0
469_jpg.rf.5531eccaa3cb34f57a90320707baa0fa.jpg,1,1,1,0
closed_eye_0035-BMP_face_1_jpg.rf.f679703e489b524168e5ac54a448d4e9.jpg,0,2,0,1
_563_jpg.rf.54caef2aa0bfbee44d6fe8e35906e251.jpg,0,0,0,1
723_jpg.rf.2e53a1fe15fe42c4555f8fbf1ecc8c76.jpg,1,2,0,0
img_000381_jpg.rf.cac2ffb17ad2d6820d410788497c5731.jpg,1,0,0,0
_654_jpg.rf.390bdd8c70c2990a8a6fcb424d5f0148.jpg,1,0,0,0
Yimg_000051_jpg.rf.e6f47614a64a88853ffd15e9945b3d41.jpg,1,0,0,0
3206_jpg.rf.d9b4c55b414506e6a3d8311709acac20.jpg,1,0,0,0
closed_eye_1190-jpg_face_1_jpg.rf.dc6035da8eb82093c602fdae0c943ba5.jpg,1,0,0,1
_254_jpg.rf.3e92f98f32adb39dcda38d4814756f95.jpg,0,0,1,1
PIXECT-20220526010531_jpg.rf.3f08d3c90b0c049f18ca701a9ceea689.jpg,0,0,0,1
419_jpg.rf.6b819e59f990b242bb58580ffd4c7fda.jpg,1,2,0,0
1429_jpg.rf.72d8787daf2b30b464c8c8beceb2ce20.jpg,1,2,0,0
_643_jpg.rf.5c027b4f6fcc8031e3fee8df4cfcf44d.jpg,0,0,2,1
677_jpg.rf.381c3c1b488b41e634fd67581e15c8d4.jpg,3,0,0,0
yawn-238ea35c-3044-11ec-80b5-302432df5bc8_jpg.rf.74ea85de0fee1219fbc2968ca1c5b023.jpg,1,0,0,0
closed_eye_0034-jpg_face_4_jpg.rf.8873c5ba39633825d65d9352f4fc5b83.jpg,1,0,1,1
1121_jpg.rf.9fc8422c6d9fa4225cad634810c85fa8.jpg,1,0,1,0
_0_jpg.rf.d34e31002772d6833ad4ed943a157b42.jpg,1,0,0,0
000488_jpg.rf.4fb014f70f3f90362c5e781cd3f6bb84.jpg,2,0,0,0
closed_eye_2798-jpg_face_1_jpg.rf.4c430db85eaacf83701ccc183a34bdd7.jpg,2,0,0,0
closed_eye_0745-jpg_face_2_jpg.rf.4e136a472a2a305ca0dfaf4ffed27b6f.jpg,2,1,0,0
1325_jpg.rf.05c3876e6a9f603e6eac500ebabb9bb1.jpg,1,0,0,0
_19_jpg.rf.acce890e40fa06615930319663ab734c.jpg,1,0,0,0
772_jpg.rf.01adb97a35922ab5067c134a1f3ab267.jpg,1,0,0,0
webcam-toy-photo45_jpg.rf.d3de6f170465dbd6be71d9d6a387bd95.jpg,2,0,0,0
Yimg_000024_jpg.rf.6ae64456f9fc6f1e27d2bfe7e6176eb9.jpg,1,0,0,0
447_jpg.rf.29c54502781bdc133fa94ce1cd2fec21.jpg,1,0,0,0
_701_jpg.rf.b0f79980ba4b0fe1c433ec10b633a4f5.jpg,1,0,0,0
1262_jpg.rf.1de7143366d29eaddcf3169461e91e30.jpg,1,2,0,0
311_jpg.rf.9a0c4f9347108a1b95d3d2c6ab4f4952.jpg,1,1,0,1
328_jpg.rf.9623fc049b5635344e9f50e8c31fb79f.jpg,1,0,0,0
_701_jpg.rf.00a6fdd689fb99d1078db6f5b5bc389e.jpg,1,0,0,0
s0016_01342_1_0_0_0_1_01_png.rf.f41770d95f09402f58eb45fa31fc1762.jpg,1,0,0,0
closed_eye_1655-BMP_face_2_jpg.rf.cda18667388b827e43c98310826092c4.jpg,2,0,0,0
65_jpg.rf.31e1db2679ebc427d4d32192e5e59004.jpg,0,1,1,2
167671301_1_jpg.rf.b4b79b63ff48320a5f30230b825f2f0c.jpg,1,0,0,1
10_jpg.rf.c51440db5affdaa977fb4f335f50cb18.jpg,1,1,0,1
231_jpg.rf.a64e2dfe890f0ced79e06d250dc6b2ca.jpg,1,2,0,0
724_jpg.rf.a2184e7a01045a9ac811eed609499a7f.jpg,1,2,1,0
715_jpg.rf.917e6938dc90ac6a4bec44244e6dbbc3.jpg,2,1,0,0
19_jpg.rf.f809b0b5f4a4b1deafc333b730750970.jpg,1,2,0,0
s0016_01429_1_0_0_0_1_01_png.rf.a5c04f94828cebcc48d76d774dbac7f9.jpg,1,0,0,0
511_jpg.rf.89247d8c1d4cda83e363a6c7116c0415.jpg,1,1,0,1
Yimg_000045_jpg.rf.b165b2ad44cebdf10f579d7591da5134.jpg,1,0,0,0
457_jpg.rf.a1cb05d8e20b8424a50ad7b8406a3918.jpg,1,1,0,1
_522_jpg.rf.4237b8007a820897ee3852a99ad08da6.jpg,1,0,0,0
_82_jpg.rf.e8c34d0ea07cfd8b5c61d8b6ca2c450e.jpg,1,0,1,0
WIN_20211018_21_12_42_Pro_jpg.rf.6619d11f5e1d6f7054df069c03b2390b.jpg,1,0,0,0
594_jpg.rf.6920fb7a16f90005d6682e5f8e627590.jpg,1,0,2,2
yawn-ef5a44a6-3041-11ec-ae83-302432df5bc8_jpg.rf.4f3dd3a32c1abd9677b42aa7c2e321f9.jpg,1,0,0,0
355_jpg.rf.cfb07fd4477aead042569cb8ae7fca65.jpg,1,0,0,0
PIXECT-20220526010615_jpg.rf.b45acdf2f0934a219ded26de71a114b5.jpg,0,1,0,1
141_jpg.rf.8d922fc304f2b5a735d5d4c18afe6698.jpg,2,1,0,0
710_jpg.rf.87c34e473846160a59ab477c511c3152.jpg,1,0,0,0
314_jpg.rf.c3e59260c136d7e5f7105ed540008ee6.jpg,2,1,0,0
istockphoto-155160912-612x612_jpg.rf.ad57d928b58ef2084ed0e66d8675dd2e.jpg,1,0,0,2
_624_jpg.rf.54df5f0940373f4a00b8ff3d72e4c49b.jpg,0,0,0,1
443_jpg.rf.b4244fcab96db077a1dc64ca772d3f32.jpg,1,2,0,0
1772_jpg.rf.8e5be3569ff52d10c191668a74279dcf.jpg,1,0,0,0
663_jpg.rf.ec7f2a6f892afe158e155c7e3fa020e0.jpg,2,1,0,0
closed_eye_1823-jpg_face_1_jpg.rf.a0288cb4e37d8d121aee39eadea65b22.jpg,1,0,0,1
753_jpg.rf.b640a77db23ee1c815fcf08a686e8340.jpg,1,2,0,0
s0016_01638_1_0_0_0_1_01_png.rf.c6cbb4c5d620d67a0c8d16e0c2492335.jpg,1,0,0,0
759_jpg.rf.fc2214520b21cd12e8b2fc54e145b432.jpg,1,1,0,0
closed_eye_2445-jpg_face_1_jpg.rf.1969e3b6bbb842473bb4efa9b986890d.jpg,2,0,0,0
1742_jpg.rf.0016c90319351e069b7f257884ec6f55.jpg,1,0,0,0
_279_jpg.rf.92fd1d3cf53c283ea05901dc8a78381c.jpg,1,0,0,0
istockphoto-468984212-612x612_jpg.rf.926162ab76fa164bd6aa3a710f30888d.jpg,1,0,0,0
85_jpg.rf.5b9b904176d58c42afbb4aaf17546b6a.jpg,2,1,0,0
Yimg_000069_jpg.rf.42b5e3f8b0fde1e26c47acf395419d37.jpg,1,1,0,0
closed_eye_1956-jpg_face_1_jpg.rf.c285c22d90ec7264d28cc206ff66b85f.jpg,2,0,0,0
_10_jpg.rf.34be674060628706e8d44c2a71e63d5d.jpg,1,0,0,0
_692_jpg.rf.dbc673a7e8ebc06d6f0b351244e0d2cd.jpg,1,0,0,0
638_jpg.rf.4957368f0a4d5dcd4a29e8ff97259c5f.jpg,3,0,0,0
s0036_00090_1_0_0_0_1_01_png.rf.f84bf25a2467d39b10b98951bd1f2844.jpg,1,0,0,0
closed_eye_1646-jpg_face_1_jpg.rf.f17b7f86c1eb240c5ebbf44f76d40143.jpg,1,0,0,0
s0016_01638_1_0_0_0_1_01_png.rf.ebc8b5b2ae51697c6ba8269e787b7e09.jpg,1,0,0,0
_410_jpg.rf.a7a4873620627733ec14e236c052d7b1.jpg,1,0,0,0
closed_eye_0072-jpg_face_1_jpg.rf.528c3e9cf5aa280a859536ee578ca113.jpg,2,0,0,0
264_jpg.rf.082cc5a2bc078927c01655fc91510136.jpg,0,1,0,1
480_jpg.rf.c658c93dce4b987a95fa29a3ee100d7b.jpg,1,0,0,0
732_jpg.rf.6df0f7e916ee796e55555a0848f7d4f5.jpg,1,0,0,0
_685_jpg.rf.c161dc50f2a0135c3863bb9e2241dc0b.jpg,1,0,0,0
253_jpg.rf.0b5da7bc1cd3b023d649ad77ce115ef2.jpg,1,2,0,0
501_jpg.rf.c527f97d4bb8177d2341d9cc8d4dc2c7.jpg,1,0,0,0
_312_jpg.rf.9d30337ee833ac135da6f197d5d68548.jpg,1,0,0,0
3492_jpg.rf.20ff969a8357daa820cae594d10b6388.jpg,1,0,0,0
_141_jpg.rf.912d59ecb67f0a73e16fa463e50dd4f1.jpg,0,0,0,1
closed_eye_2098-jpg_face_2_jpg.rf.736586de3cbf3216417d876fe0aceff9.jpg,2,0,0,0
317_jpg.rf.2b73b8ebe2db35f122403a559b123cdc.jpg,3,0,0,0
closed_eye_1903-jpg_face_1_jpg.rf.943a39e830e60b87936585ffeb60dce1.jpg,2,1,0,0
closed_eye_2269-jpg_face_2_jpg.rf.dfb91add2421dd54992186b1dc855be6.jpg,0,0,0,2
351_jpg.rf.74f82854ca5bb259616d3cff28435269.jpg,1,0,0,0
Yimg_000192_jpg.rf.e30eb548031855adbbee4ef70160ca8f.jpg,1,1,0,0
_332_jpg.rf.698f60ea78b3bd5df49a1e879dcc84d4.jpg,1,0,0,0
423_jpg.rf.ae57eacde987fbffef3f34513eda626a.jpg,1,0,0,0
_538_jpg.rf.f87be215541d64aeb4c2e1edfc08dec4.jpg,0,0,0,1
_717_jpg.rf.566a7fb98204fc0bf733a5a2681ea97e.jpg,1,0,0,0
_138_jpg.rf.f15cb6c1908c4504399caffee6cb1e36.jpg,1,0,0,0
photo_2023-04-06_09-07-55_jpg.rf.2645bf88db9d4a969ae1baee237f7dac.jpg,1,1,0,0
closed_eye_2146-jpg_face_1_jpg.rf.c5957ab6e430ea850ae928aad0b71773.jpg,1,1,0,0
image__15399_jpg.rf.9329ace7dbed82d7b150355fbed12927.jpg,1,0,1,1
187_jpg.rf.b742906e2ad66b8289ef61f7047bdf24.jpg,2,1,0,0
126229661_1_jpg.rf.dd53c4346b3fd4ad2564ee835b174354.jpg,0,0,0,6
_73_jpg.rf.0f4ce5fcc0da846441a41d3ffe9e416b.jpg,0,0,1,1
Yimg_000230_jpg.rf.d5d7fa383a6afad6ed102951d46f961d.jpg,1,0,0,0
closed_eye_2243-jpg_face_4_jpg.rf.5c12b272945d4f1e196c6a46735c2809.jpg,2,0,0,0
closed_eye_1396-jpg_face_1_jpg.rf.81926736cd541c7d3096f484171052af.jpg,2,0,0,0
closed_eye_2687-jpg_face_1_jpg.rf.fde5aff01b04ce48202841301c42e882.jpg,2,0,0,0
_640_jpg.rf.f42d10538cde94f5f5ced60a8b18ceb1.jpg,1,0,0,0
8_jpg.rf.e82e2a72bddcdb75338f6a1df4e66b7d.jpg,2,1,0,0
529_jpg.rf.d89f7aa17a4d4df162d38419907527bd.jpg,2,1,0,0
417_jpg.rf.13b4e2cc48d584a4e66b7c024f25d444.jpg,1,0,2,2
155393981_1_jpg.rf.d06c6ea9706f10a72cbe7a20eedd231a.jpg,2,0,0,0
3216_jpg.rf.342df57672e84a27d82f520b9463b242.jpg,1,0,0,0
1624_jpg.rf.baf6dad249ef8596cdb7f6536dc66ecf.jpg,1,0,0,0
photo_2023-04-06_09-08-19_jpg.rf.0a13e51e73a31ff8a640663ab738657f.jpg,0,0,0,1
624_jpg.rf.390d738e8a7fbd861931d88d7f67fb12.jpg,2,1,0,0
000053_jpg.rf.838181c195417a5e15ec91e70086852f.jpg,1,0,0,0
closed_eye_1885-jpg_face_1_jpg.rf.9056a850e9bf599a044d1f3fc00edb9a.jpg,2,1,0,0
_30_jpg.rf.b3d8f5a3158cf48a28ce1ac7b55df33f.jpg,1,0,0,0
s0017_00186_1_0_0_0_1_01_png.rf.df999cd652223bd045faa356cf0b94ab.jpg,1,0,0,0
Yimg_000006_jpg.rf.3f7d977a6363fd5df75ccad5c223658a.jpg,1,2,0,0
_481_jpg.rf.2826e6dc6d06538923963386c257ad63.jpg,1,0,0,0
82_jpg.rf.cb0abc8bfdf6897ad9b30c3cd9d5641b.jpg,1,2,0,0
_253_jpg.rf.baaa90fc6436abdce51cb6acbcf96355.jpg,1,0,0,0
432_jpg.rf.c61459555d17e08a20c3ac4beef1f5dc.jpg,2,0,0,0
_370_jpg.rf.6ac8494b0c280d1c981c87d440302967.jpg,0,0,1,1
closed_eye_1953-jpg_face_1_jpg.rf.ff6da9d89af77f98875a2ef099c3aae2.jpg,1,0,0,1
1633_jpg.rf.d8b3f82e99377fde39f301c728c78e8a.jpg,1,0,0,0
closed_eye_2619-jpg_face_1_jpg.rf.d3349265fe6e3c485652c3eaedb1e2a7.jpg,2,0,0,0
667_jpg.rf.41f068293d4313d16753eda0125d513e.jpg,3,0,0,0
istockphoto-1257346737-612x612_jpg.rf.89136983515ea3fce77585ece8d0bbd0.jpg,1,1,1,1
452_jpg.rf.93d70e51430f26f21955e37331b0f1b7.jpg,2,1,0,0
1098_jpg.rf.a8f2953a4b8db59b8c868596a04c4f4d.jpg,1,2,0,0
3519_jpg.rf.e029f62a9da087f385b4ace02c220c75.jpg,1,0,0,0
closed_eye_1959-jpg_face_2_jpg.rf.e92249a1caf42a8536d66602bf045b27.jpg,2,0,0,0
54_jpg.rf.801e9d58485ba9ece53c8e9f39baa2ad.jpg,2,0,0,0
_117_jpg.rf.99442b01dd6b150eb85092c13b50fb27.jpg,1,0,0,0
s0017_00187_1_0_0_0_1_01_png.rf.d59b81ab2e73212f43f0ec077c475bc8.jpg,1,0,0,0
_337_jpg.rf.221efa64bb826c552b2ac7c4537f114b.jpg,0,0,0,1
s0016_01462_1_0_0_0_1_01_png.rf.383996ab1b326dcecc6f0e0d2f3283cb.jpg,1,0,0,0
551_jpg.rf.6e6b349636280d4b2ea95efe59144aa2.jpg,1,2,0,0
yawn-8e33255c-3044-11ec-a832-302432df5bc8_jpg.rf.ee6f1c26feb05885a64ea4a4589d2088.jpg,1,0,0,0
s0019_00155_0_0_0_0_1_01_png.rf.11f424e0b2b63d5d4602311a85410312.jpg,1,0,0,0
_386_jpg.rf.3f9076082ba03fb2b00993f5b6d4ed9b.jpg,0,0,0,1
1404_jpg.rf.294f82ed557a62fe656197623102c415.jpg,1,2,0,0
104074861_1_jpg.rf.9a89a145b42b28c6832d7595fbf00785.jpg,2,0,0,0
_724_jpg.rf.95800dedcd1c4fd8d3896e37ca0e841a.jpg,1,0,0,0
544_jpg.rf.3000335eac9a5b98d8dc7f5c96c93df2.jpg,1,0,0,0
_422_jpg.rf.ef26148cc16897fd2157b556284e1d99.jpg,1,0,0,0
_666_jpg.rf.54a29a8e897864f5cc1a603b242f6f23.jpg,1,0,0,0
364_jpg.rf.df55a0b1136467a7cc00b813462f960a.jpg,1,0,0,0
closed_eye_0902-jpg_face_1_jpg.rf.b95d3e0f313069ea08be01729983ca2e.jpg,2,0,0,0
1114_jpg.rf.e9b4de368f569b72cfd8b8adfc81b1fc.jpg,1,0,0,0
410_jpg.rf.01b6b97116f3c36c5407a2502ee563e3.jpg,2,1,0,0
closed_eye_2578-jpg_face_1_jpg.rf.b0adfe2c56c52b4b88333d85bd89730c.jpg,2,0,0,0
2156_jpg.rf.afdad4ab853dcd653b5e9455c047d20c.jpg,2,0,0,0
_202_jpg.rf.0efb63e30d2b32c20166cf4fe43345b1.jpg,1,0,0,0
17_jpg.rf.0f79f77e7b2aad051c0b1ba27c5f82aa.jpg,1,2,0,0
s0016_01496_1_0_0_0_0_01_png.rf.68d79cc99e1f1d0e7df52c7d809e1180.jpg,1,0,0,0
closed_eye_2413-jpg_face_3_jpg.rf.e453c566873a2291849a35a470d642fd.jpg,2,0,0,0
1462_jpg.rf.bf6f72a46bf2f70aea1b4e07b3ca6a12.jpg,1,1,1,1
closed_eye_0035-BMP_face_1_jpg.rf.1a9a0d939c239bd35d81390be0030fdb.jpg,2,0,0,0
288_jpg.rf.d2c7b194956e7011cda668e7361c7a51.jpg,1,1,0,1
_158_jpg.rf.75ce41069835bfe24b3634de472566fb.jpg,1,0,0,0
img_h_0-Copy_jpg.rf.52e83216cabde599fe0deeeb62214d7b.jpg,1,0,0,1
_287_jpg.rf.d3f71bc080b085dd6237c3dfc2b8d158.jpg,1,0,0,0
Yimg_000229_jpg.rf.1bb7349393e74488b834b9e162b681d6.jpg,1,1,0,0
_135_jpg.rf.015fdce89aeebafa125f95985cd3a4e8.jpg,1,0,0,0
623_jpg.rf.03a01f8be549053f85fca98b48761a60.jpg,1,1,1,1
328_jpg.rf.caa486be5ee71b8e902f2fb6f96dafaf.jpg,1,1,0,0
381_jpg.rf.c7a648467e8cc521b7b0888606d6bf5a.jpg,1,1,0,0
2711926644_1_jpg.rf.5d96709d4a2a37c67f5524ad7fcda2fc.jpg,2,0,0,0
_600_jpg.rf.09b5f5a8f34802904ed335bf62ffd385.jpg,1,0,0,0
closed_eye_0397-jpg_face_1_jpg.rf.009784d96551d7c737f5881fc7cbb6a6.jpg,2,1,0,0
_473_jpg.rf.6e5aa0a6d7c7c7c13af8861ecdf136bb.jpg,1,0,0,0
webcam-toy-photo3_jpg.rf.73eb8fa2a9375f06a1b17ba1fe2a4860.jpg,1,0,0,1
30_jpg.rf.a75315d83472867160d68fcf82856e58.jpg,1,2,0,0
376_jpg.rf.02272d1441142b47cf7bdeffebaadaff.jpg,1,0,1,2
closed_eye_0313-jpg_face_1_jpg.rf.953a3196d41ade79fa0d9f578b551275.jpg,2,0,0,0
_247_jpg.rf.dae0f0ddde8bc8a5e1e761a546a45771.jpg,0,0,1,1
2702954419_1_jpg.rf.b815f7267fb5b204d56465b3058a7f12.jpg,2,0,0,0
321_jpg.rf.b153b45ad1215534a692ca0da8f385b9.jpg,1,0,0,0
s0034_00009_0_0_0_0_0_02_png.rf.1035c937b84acc57a50fab7239e2d5ae.jpg,1,0,0,0
193_jpg.rf.cfec4414be9121aae3f539ce534f652f.jpg,1,0,0,0
_413_jpg.rf.31235270fde898a7df14ec70942f43cf.jpg,1,0,0,0
Yimg_000008_jpg.rf.7f72c5ce11a6a40fad30f590c656bd1f.jpg,1,1,0,0
_447_jpg.rf.8ce7b25d4013930100fa74a3ec9af8f8.jpg,1,0,0,0
closed_eye_1548-BMP_face_1_jpg.rf.54aa1fe7538d371eb0fca5a7c3153437.jpg,2,0,0,0
closed_eye_2387-jpg_face_1_jpg.rf.8465ce702349c5e98f3bddda785c15ea.jpg,2,0,0,0
_336_jpg.rf.31bda012dbe9dc42e3e5a84856229b30.jpg,0,0,0,1
899_jpg.rf.960640e1a943984edd9cc0e85ffc0a4e.jpg,1,0,0,0
176_jpg.rf.a475ccb3c3aaf74da8d1fec8d940c320.jpg,1,2,0,0
s0017_00181_1_0_0_0_1_01_png.rf.19cbf427071f78476ad68ba62973be8d.jpg,1,0,0,0
download-9-_jpg.rf.43a2d572ef0e3453fd60e6a60ff1818e.jpg,1,0,1,1
143_jpg.rf.a482ff1a66856a4fdc6fa89298bd6905.jpg,2,1,0,0
77_jpg.rf.02d790a0ef998dac266ea0028f9926d8.jpg,3,0,0,0
3220_jpg.rf.2e7c714c0aa6f8827ac0d8cac65c9257.jpg,1,0,0,0
712_jpg.rf.179aaa10b0395f7e8992606030e1c21c.jpg,1,0,0,0
closed_eye_0398-jpg_face_1_jpg.rf.1220dde7f11a70de29b945509febbfc7.jpg,2,1,0,0
s0016_00347_1_0_0_0_1_01_png.rf.edf9123940c8c291e72d3e7a58894de6.jpg,1,0,0,0
closed_eye_2773-jpg_face_1_jpg.rf.a1ddcf2d8277d1a44f3cfdf15affb23f.jpg,2,0,0,0
closed_eye_0071-jpg_face_1_jpg.rf.61bb0616bb3539c890e7c7b87eaff1ac.jpg,2,0,0,0
98_jpg.rf.ec2c81adfe38448abece1021f13f6c66.jpg,1,2,0,0
3230_jpg.rf.99061ca26fd6a552c348a94a279b8bac.jpg,1,0,0,0
501_jpg.rf.1f04c17a42d4c7b0299cdc467cba81cc.jpg,2,2,0,0
Yimg_000200_jpg.rf.6ba3a561b8c9b0dcdd5e560beb6e15cd.jpg,1,0,0,0
308_jpg.rf.8c9cbb942f1c5f4fc425f23a3905f9ba.jpg,3,0,0,1
Yimg_000116_jpg.rf.68401a6626fa708daf778697cf3768fd.jpg,1,0,0,0
435_jpg.rf.bf815943aac8b715c7829c6f4afe50cb.jpg,2,1,0,0
closed_eye_1501-jpg_face_1_jpg.rf.4a5c1727b7386d9456e768a1582f96fb.jpg,1,0,0,1
closed_eye_1409-jpg_face_1_jpg.rf.14ecc141f53da5c1fb6a3def03109a6b.jpg,2,0,0,0
_601_jpg.rf.c932fa7b9574d13f25b85800b402e138.jpg,1,0,0,0
img_000374_jpg.rf.b45fec5f84d6bb52f61e181b7c65a728.jpg,1,0,0,0
closed_eye_0312-jpg_face_2_jpg.rf.32551697aa038057aeb871c252103c7e.jpg,2,0,0,0
233_jpg.rf.ec92b3d56f57b6d692e8663dad29dd67.jpg,0,1,0,2
_584_jpg.rf.17c23a1e2ee695f6f4156b06509be619.jpg,1,0,0,0
324_jpg.rf.d0b131db91237909e202c98a33a8b7cf.jpg,0,1,1,2
_336_jpg.rf.38072cea39e718bf7d45b2817c7a935f.jpg,1,0,0,0
_181_jpg.rf.57238e789e029d98d7c4adc4de6a722d.jpg,0,0,0,1
_672_jpg.rf.27998d39c67b67b62b51dbfea21109b7.jpg,1,0,0,0
000017_jpg.rf.89c3634c07faa51f810f91fc67bdf5ce.jpg,2,0,0,0
_601_jpg.rf.b6d2b09b74e46401ad177b47a040dbc3.jpg,1,0,0,0
57_jpg.rf.0f05415549b266b45cca1bb2213b0b5f.jpg,1,2,0,0
closed_eye_0191-jpg_face_1_jpg.rf.62086b68a754f4e9fd4447bb3df6d79e.jpg,1,0,0,0
1291_jpg.rf.fef5c24f72db972783e841d6c3f13290.jpg,1,0,0,0
Yimg_000106_jpg.rf.15b78f27d679a4af20e7a57d6fc445bb.jpg,1,0,0,0
390_jpg.rf.9f22d4a17dce484c5045d3e85a613013.jpg,1,2,0,0
Yimg_000264_jpg.rf.ed79948c0d78887a490189849d1c46cd.jpg,1,2,0,0
976_jpg.rf.721a3b803266fd66c2d229058a1bc263.jpg,1,0,1,1
s0036_00036_1_0_0_0_1_01_png.rf.1573c7fa01c0e46074f618434fab28ef.jpg,1,0,1,0
photo_6_2023-05-02_17-59-15_jpg.rf.6ad850dfdd0a85244e279130d107f843.jpg,0,0,0,2
_320_jpg.rf.429be4d94319a33cbbef40d4822aaef5.jpg,0,0,0,1
234_jpg.rf.0b0138dfe3b439efdf072b73fdb491a8.jpg,0,1,0,1
493_jpg.rf.d8c5392f5291fd557fd8526f0b19259b.jpg,2,0,1,1
733_jpg.rf.5f7515e5d82082df83bdc74cdf43d225.jpg,1,0,0,0
_401_jpg.rf.a332466cfed7d6f898c7be72280f2cc2.jpg,1,0,0,0
107_jpg.rf.2d47878d8221c54b340018805968c167.jpg,1,0,0,0
489_jpg.rf.b1d3748420814d92c224a4c099e868c2.jpg,1,0,0,0
_180_jpg.rf.a66700d8308307e82de353c6a2ada9a0.jpg,1,0,0,0
_250_jpg.rf.009ca416422bf3422addbb0c33e2bcd1.jpg,0,0,0,1
closed_eye_2017-jpg_face_1_jpg.rf.00fd4f91ed2efb1ae316b3221724029f.jpg,2,0,0,0
1412_jpg.rf.5cc7ed95af1b895373cde4a40e1dd5d4.jpg,2,0,0,0
1086_jpg.rf.33e4419ca9998fa2c697aaa3fc45cead.jpg,1,0,0,0
374_jpg.rf.2ee348d478c6f651a5db09fc0195612e.jpg,1,1,1,1
_584_jpg.rf.d7467e612cb9519f3a83151b3423d1dc.jpg,1,0,0,0
_341_jpg.rf.2b3b1fcca56020006e99443e139c158e.jpg,1,0,0,0
closed_eye_0397-jpg_face_2_jpg.rf.b669569555128dcdd333e7d9608aa36f.jpg,1,0,0,1
659_jpg.rf.abc25bd3959f8ed611f78b20fe770f00.jpg,2,1,0,0
381_jpg.rf.da3f46f8ab9502926a33c973c07d8b0c.jpg,1,1,0,0
istockphoto-1264294167-612x612_jpg.rf.5012bcb2f13b6ee32d38a7fb8fb02f89.jpg,1,0,1,2
_264_jpg.rf.64e5696a89cf3702da66823c6104097b.jpg,1,0,0,0
555_jpg.rf.5d0a67519177e551509fa32e32c645e7.jpg,2,1,0,0
_470_jpg.rf.209987ebf81974f13f385652d83bfd2b.jpg,0,0,0,1
1412_jpg.rf.4f0aea22e8f7b4ac0347407376dbe802.jpg,1,2,0,0
1253_jpg.rf.c5b432a35aabcf6971cce8598f554f7d.jpg,1,2,0,0
323_jpg.rf.0bce83b4c4b61e789799eb38ee9e52b7.jpg,2,0,1,1
closed_eye_2165-jpg_face_3_jpg.rf.c27a8b88119e54ce58d21e9eb6d174dd.jpg,2,1,0,0
s0037_00043_1_0_0_0_0_01_png.rf.71a0f9afa4973090d9332c83673d62d8.jpg,1,0,0,0
_422_jpg.rf.f04ae858aa508b667eda98eddf161219.jpg,0,0,0,1
343_jpg.rf.e396113591e87c696a19e6c124d8b805.jpg,1,0,0,0
closed_eye_1152-jpg_face_1_jpg.rf.e692d034dfeb6bdbba818036c7742288.jpg,2,0,0,0
_265_jpg.rf.50aca6107c50e077c3b0fb38e0043625.jpg,1,0,0,0
650_jpg.rf.2cbfac58e761c8d4d7b3f7cab037db67.jpg,3,0,0,0
474_jpg.rf.6f0f0febbe5a290123478c8830086b94.jpg,1,1,0,0
_352_jpg.rf.53aa59c64ce149da73218b509be87e49.jpg,0,0,0,1
711_jpg.rf.cdc41a47d67fd1c00d0eedbde3ba70f9.jpg,2,0,0,1
60_jpg.rf.8ff5a2b4fae3750d9ccd93b0c383d06c.jpg,1,1,0,1
774_jpg.rf.b9b7a095f94711638a12efd454d6beaf.jpg,1,2,0,0
1982_jpg.rf.ec8dfacfbcf783b1fb086c726f2d407a.jpg,2,0,0,0
closed_eye_2126-jpg_face_2_jpg.rf.afe25eb635f3fbf98347421cde3a8d13.jpg,2,0,0,0
closed_eye_2769-jpg_face_1_jpg.rf.a191ce1fab1a7e991ad79cf1a77241c0.jpg,2,0,0,0
1238_jpg.rf.6df3183d8aee4053c02b8cc215d8f67c.jpg,1,2,0,0
8_jpg.rf.180b56fd0a3ee393879c36335371f37a.jpg,2,1,0,0
s0016_00395_1_0_0_0_1_01_png.rf.a6b8d658fa4cbfdbb2d933dd3b9bcc5c.jpg,1,0,0,0
509_jpg.rf.4a31cbc834b079de5a12fc1ae5dd3c22.jpg,2,0,1,1
344_jpg.rf.7dd2b18e5f1ef887e334b8d9411a420f.jpg,1,0,0,0
Yimg_000083_jpg.rf.c784db09b6d0560711c3f4ebdc80c5bf.jpg,1,0,0,0
1357_jpg.rf.5719c7e0dee45749f23001c778cb4b8e.jpg,1,2,0,0
closed_eye_2735-jpg_face_1_jpg.rf.2d0a72b697d1dfa4668572babc5b80d1.jpg,2,0,0,0
_385_jpg.rf.3f22468598c7f12ab1da82190b71a59d.jpg,1,0,0,0
376_jpg.rf.b6e3811aca59dcf4e1a6ff4ff0540925.jpg,1,0,0,0
_613_jpg.rf.ee467daf843a2af55d017014ab14fbe6.jpg,0,0,0,1
closed_eye_0191-jpg_face_1_jpg.rf.75e6b8f76f53313db78cabf73306917f.jpg,1,0,0,0
1386_jpg.rf.60368253b1d28bd7aec925e89b86059c.jpg,1,2,0,0
istockphoto-1326770443-612x612_jpg.rf.108c5747c076b063d8fa5bc4e63f0891.jpg,1,0,0,2
_284_jpg.rf.9ebf3cae5fac355c9619c38b2553d443.jpg,1,0,0,0
closed_eye_0094-jpg_face_1_jpg.rf.60336df15f498d5dcadd63765d8b050f.jpg,2,0,0,0
_664_jpg.rf.f83c563ac00a7ac6ae8e721c82b8ce96.jpg,1,0,0,0
65_jpg.rf.4da1c6fa8cd7ab2d26d587ee91ddf453.jpg,2,1,0,0
288_jpg.rf.7e9c302e1e4fcc7e5266b8482b732501.jpg,2,1,0,0
778_jpg.rf.28ab77ef6635dc20c48dcca684979787.jpg,0,2,0,2
_199_jpg.rf.ab0da62de20a7a809ee8755d998e6d42.jpg,1,0,0,0
582_jpg.rf.781939972f02166b1ba00d57cf9a5925.jpg,3,0,0,0
10_jpg.rf.76ea87b7173202a6d44d700094ec64f8.jpg,1,1,0,0
_526_jpg.rf.874b064112e47301e85dae65d2e6a24a.jpg,1,0,0,0
386_jpg.rf.3f7029413d632f50faf1588c8274daab.jpg,0,2,0,2
502_jpg.rf.c6b994c0f14466ceb96d859abc9be8b0.jpg,1,1,1,0
660_jpg.rf.00606b41e98daec0b3867f0a89bb778f.jpg,1,2,0,0
547_jpg.rf.e422a010bf2daf5104da0ca2f1efd5f3.jpg,2,1,0,0
1764_jpg.rf.878ed2d49d79211ada20b7a400837c41.jpg,2,0,0,0
69_jpg.rf.4fd723a9cae6f7e4545d050d1c15038e.jpg,1,0,0,0
_622_jpg.rf.8dba2c34ef588cc6991b12125d3b406b.jpg,1,0,0,0
395_jpg.rf.7e6fc9792764a885d9868f3ce4f4463d.jpg,3,0,0,0
_175_jpg.rf.853d0399669445a62a4051511bd1651e.jpg,1,0,0,0
2514_jpg.rf.bd1960c6180d2a771798b07077d8f96d.jpg,1,0,0,1
117_jpg.rf.f376213c3fe0bbfbe1ca2273fb7d3ae4.jpg,1,1,0,0
closed_eye_1536-jpg_face_1_jpg.rf.24dd1f5e9c53bd90018575abe7f10e01.jpg,2,0,0,0
closed_eye_2442-jpg_face_1_jpg.rf.17595b3e5d445d86b6e00a59bfaf4c36.jpg,0,0,0,2
_113_jpg.rf.0c229baa9991d479885965d937270584.jpg,1,0,0,0
435_jpg.rf.748bbbef5f9e2dcc9c6a0a1f8bf61565.jpg,1,1,1,0
942_jpg.rf.c90c01bd210e7e85b90c2c31e8a02a83.jpg,1,2,0,0
1045890692_1_jpg.rf.8fdd62c554a3ed332face7d4a7771879.jpg,1,0,1,1
_603_jpg.rf.4cbd72769acc90a72138166ee649ec08.jpg,1,0,0,0
448_jpg.rf.79d3f738a7f3b1c630a8f69e39435dea.jpg,2,2,0,0
WIN_20220805_10_05_49_Pro-3-_jpg.rf.1375003913b6982c371053dc5854b912.jpg,1,0,1,0
688_jpg.rf.4916f3faea5a74b24b174f215db85006.jpg,1,1,0,1
141_jpg.rf.e7a59884a91ed80c4d7d3a0c398967cb.jpg,1,1,0,0
_450_jpg.rf.44c86a23395635596bff09081f627957.jpg,1,0,0,0
istockphoto-504241925-612x612_jpg.rf.e5f046356899a09dd68cc71b90fdd9a8.jpg,1,1,1,2
closed_eye_1323-jpg_face_2_jpg.rf.92f174ac2ac78d89cce91d79764cb979.jpg,2,0,0,0
1342_jpg.rf.5d39d25e3b1442911269c529cf562aac.jpg,1,2,0,0
1774_jpg.rf.c3b326c415fe2d4fef79ddebf06bc9b3.jpg,1,0,0,0
1073_jpg.rf.eb1c1b075ae706c3e50d854c87b99009.jpg,1,2,0,0
_330_jpg.rf.895e3b45e8259d3e062b2803107ff5b4.jpg,1,0,0,0
474_jpg.rf.63ee3ff683b336d8c25bab90653bf988.jpg,1,1,0,0
closed_eye_1434-jpg_face_1_jpg.rf.2bdfd4415dbb713602bd867b240101ff.jpg,2,0,0,0
3228_jpg.rf.24f64a21f5051719dc3ad8057d39a69e.jpg,1,0,1,0
_173_jpg.rf.62afd74e2506958e957a4056071dab5c.jpg,1,0,0,0
_399_jpg.rf.154000601adb4c49961ac7a2854a3683.jpg,1,0,0,0
215_jpg.rf.c725ae67957fdcff1911df89983aeede.jpg,1,0,0,0
_352_jpg.rf.b4936f2d5a0b13d3f3a53c495d04e22e.jpg,0,0,0,1
_420_jpg.rf.7c0c14b3a9a8680c073c6ac00b3f833e.jpg,1,0,0,0
2221_jpg.rf.095a0b466b00b1de8356ca7cd65765d5.jpg,2,0,0,0
closed_eye_2791-jpg_face_1_jpg.rf.31f8da17fb314dd8118b176aa3823a4d.jpg,1,2,0,0
F8booxc7RYA_jpg.rf.2dbc6070afe0fb4707f0553b3ece351f.jpg,2,0,0,0
closed_eye_0505-jpg_face_1_jpg.rf.c4821f26d51d357fd559b5faec4ed260.jpg,2,0,0,0
609_jpg.rf.a0c754157db19d04175b14be6628c04f.jpg,1,1,0,0
435_jpg.rf.19f08c0938979e1375f8521904be1e71.jpg,0,1,0,1
698_jpg.rf.86966bf6e0add6eec33cd9ab57d27c32.jpg,1,0,0,0
_680_jpg.rf.666b51f4166a5eb41b51e06875a4e8bd.jpg,1,0,0,0
_390_jpg.rf.d3f9139db47c5e55d17fdb9a3e11b948.jpg,0,0,1,1
closed_eye_0397-jpg_face_2_jpg.rf.678c5ecd01c505c5050c746aa2ddac92.jpg,1,0,1,1
closed_eye_0710-jpg_face_1_jpg.rf.7b944dc3fc7b7c38a306fbfbe156cf38.jpg,0,0,0,2
1450_jpg.rf.1217b7b64eb4de3484b264765c62a70d.jpg,2,0,0,0
closed_eye_1613-BMP_face_1_jpg.rf.91bac0f092546811d3e2b7578aad9a88.jpg,2,0,0,0
closed_eye_0591-jpg_face_1_jpg.rf.d613609211f91cfcb0aa97b22a06714f.jpg,1,0,1,1
298_jpg.rf.3e9f4969c4954c096847f273599d9766.jpg,1,0,0,0
photo_9_2023-05-02_17-59-15_jpg.rf.b9779c7700079cc1f8ec23b35d8f5498.jpg,2,0,0,0
3213_jpg.rf.28eec2642bf8e079513ee446a52bdce6.jpg,1,0,0,0
_212_jpg.rf.e2d77a3da2c60dce602a46b36aff400c.jpg,0,0,1,1
_43_jpg.rf.b93dadf717548ddf7fdf772c1c793a4b.jpg,1,0,0,0
_696_jpg.rf.93d79de2ca8a958e7ac488257dba9986.jpg,1,0,0,0
1262_jpg.rf.480dcba839387f88520f38492704a946.jpg,1,2,0,0
146_jpg.rf.350b63926795b92c289173c32668beee.jpg,2,1,0,0
_356_jpg.rf.dad7c03e7cb51cfb0e87d00825482343.jpg,0,1,0,1
000011_jpg.rf.d69ff88dadfc20a009cd7fbae2f9cd60.jpg,1,0,0,1
closed_eye_1287-jpg_face_1_jpg.rf.51148510c4de784ea9f388323fe50681.jpg,2,0,0,0
_714_jpg.rf.7cb130dd79f91ac74bd20d35f68ac01a.jpg,0,0,0,1
364_jpg.rf.09d41382132cd2f189233930fdddb9b1.jpg,1,0,0,0
_361_jpg.rf.4b576c11c4584406fb112f538c305202.jpg,0,1,0,1
_59_jpg.rf.2cd9b8321048fec2d152a8ca80ca7c6d.jpg,1,0,0,0
143588896_1_jpg.rf.2a0297695c6fc6ac129ee959ef069cf3.jpg,1,0,1,1
_98_jpg.rf.635ba3250a3876e52ec1179de6f7ac09.jpg,1,0,0,0
_442_jpg.rf.8635427df1d734e9514701f7fbd3abec.jpg,1,0,0,0
_128_jpg.rf.178b63f1fd81df134fef3641ab8cf801.jpg,0,0,1,1
webcam-toy-photo33_jpg.rf.041ce7584078ae408bfe0033c070c841.jpg,0,0,0,1
closed_eye_1170-jpg_face_1_jpg.rf.e884b06cbbb58f50a93e6b78960107b2.jpg,2,0,0,0
252_jpg.rf.5af017e659169c23148c1ccf70ffa05f.jpg,1,0,0,0
1155_jpg.rf.b0a87cd2ef4fb2876becb232cc69eb5b.jpg,1,0,0,0
1342_jpg.rf.6979f6514f03e22f0577a4f9cccc2ff7.jpg,1,1,0,0
3701_jpg.rf.694f0008def685ef8267c19ef1986a31.jpg,1,0,1,0
_81_jpg.rf.9cda6feb06415835c321daa3fc61ebed.jpg,1,0,0,0
closed_eye_0043-jpg_face_2_jpg.rf.553fb3107eb2103ec7a3c812b03e1fe0.jpg,2,0,0,0
_371_jpg.rf.f4b63d38e1c56b9898460e1c5983a868.jpg,1,0,0,0
2014_jpg.rf.b9904d726eb0dafe9b32b68ee1627a7c.jpg,1,1,0,0
_408_jpg.rf.d22f268cbe96ad61bed0b39567589990.jpg,1,0,0,0
WIN_20220809_14_39_57_Pro-2-_jpg.rf.cca052e6e6861b5f4db54f3c95988fd8.jpg,0,1,1,2
654_jpg.rf.d880c7f3c828ac28e96babeecd3e905d.jpg,2,1,0,0
694_jpg.rf.fe2ca7f5b0b03cf2c839b910b537b503.jpg,0,2,0,2
1404_jpg.rf.6ff2c84387477640db7e5ec7f81f87fb.jpg,1,1,0,0
closed_eye_0937-jpg_face_1_jpg.rf.0951d921f622b50036fc01695ee4e7de.jpg,2,0,0,0
2702543812_1_jpg.rf.f027618c0e973e52f6c5b311c306dc38.jpg,1,0,0,1
480_jpg.rf.52a7b1f7a42c5482ff7331d4f67f0b67.jpg,2,1,0,0
s0016_00375_1_0_0_0_1_01_png.rf.1d34da11312abd9abb45178924b910d9.jpg,1,0,0,0
_417_jpg.rf.ffe5abc7b6517492c28d667374b9d971.jpg,1,0,0,0
image_1200-5-_jpg.rf.0521a52d84f77b0e6003bdb1007ab68a.jpg,1,0,1,1
1116_jpg.rf.3d489ff5bce972e2b9fd79b43f382b86.jpg,1,1,0,1
closed_eye_0361-jpg_face_3_jpg.rf.701e8205edbbebd408d28a19b4f996e7.jpg,2,0,0,0
669_jpg.rf.9a002721e489b26f3a1f1e99c7aa2c0a.jpg,2,0,1,2
604_jpg.rf.bcfaadcc53a0452472455b8cfc59b26a.jpg,1,0,2,2
136_jpg.rf.47e7d74f9e9df833deca94937d15453b.jpg,1,2,0,0
qJ3ktOtkmdE_jpg.rf.3ac07a8cd40604234e9bc031dee3afd5.jpg,2,0,0,0
387_jpg.rf.f94fd16a1306aec377815f8ec2a5ee80.jpg,2,1,0,0
2957_jpg.rf.bb6f954fe06b34cef722600e06b3727d.jpg,1,0,0,0
closed_eye_2137-jpg_face_1_jpg.rf.456b5474f70ee9d6bd990cc0f35ea427.jpg,1,1,0,0
closed_eye_2738-jpg_face_1_jpg.rf.ac46188bc3b11e84eeff6f6bbfac8ccf.jpg,2,0,0,0
image_2040_jpg.rf.9d8d24b2707f79dd58ab4f0e55dbfb07.jpg,2,0,0,0
1202_jpg.rf.6dbcb5ac09ec2c0e7d2ba3e3523b2206.jpg,1,2,0,0
2856_jpg.rf.00b499707c367aba39af021f9f4feb99.jpg,1,0,0,0
img_000573_jpg.rf.1b531d77d40d9f3bb45b350d19f81226.jpg,1,1,0,0
WIN_20220805_10_05_50_Pro-3-_jpg.rf.3eea679692cd5c9d8ce85560009b0f6a.jpg,0,0,0,1
yawn-2e00d58a-3043-11ec-96b1-302432df5bc8_jpg.rf.fa3f388090bb883336c38dc8d9672f68.jpg,1,0,0,0
istockphoto-1205241511-612x612_jpg.rf.fff59d672007633c21fd906128c9674e.jpg,1,0,1,2
_639_jpg.rf.6a53cd1a097f92316b69e2edced281fe.jpg,1,0,0,0
914_jpg.rf.bc2683c603fd5a978c8a27988feba884.jpg,1,2,0,0
s0016_00338_1_0_0_0_1_01_png.rf.015f68788fc884264a85dd4ae4ae29e4.jpg,1,0,0,0
closed_eye_0207-jpg_face_2_jpg.rf.3a42eb58d8acee21d3698060a0a5765a.jpg,2,2,0,0
s0016_01469_1_0_0_0_1_01_png.rf.7ebaae0fc21e8339f46ae740a6cfe7eb.jpg,1,0,0,0
61_jpg.rf.bb089072e44bb07b00282981cc4184a0.jpg,0,1,0,2
1144_jpg.rf.5fa57726f9455d3657e273444c01ef91.jpg,1,0,0,0
1210_jpg.rf.964d0c878877835d082b2eb1b3a3e34a.jpg,1,0,0,1
closed_eye_2372-jpg_face_2_jpg.rf.cb29e0339a087b647592d3c5f86f2a0e.jpg,2,0,0,0
s0016_01639_1_0_0_0_1_01_png.rf.08f70e39ccf7dfb1c849f66e607929f4.jpg,1,0,0,0
closed_eye_2338-jpg_face_1_jpg.rf.6f100ecdf2a3ae9bf220303c5381aa41.jpg,2,0,0,0
3700_jpg.rf.7ffede667cb112b678abfd9aa0ae32c5.jpg,1,0,0,0
205_jpg.rf.9cebfa2d782e445393958416b7105954.jpg,1,0,0,0
104074861_1_jpg.rf.7dd8450a8c5902abbb121f0d8a9a3f8a.jpg,2,0,0,0
722_jpg.rf.4ef40a9bf703cdf7d80c4ebc8ba55e50.jpg,2,1,0,0
closed_eye_0045-jpg_face_1_jpg.rf.0ac098cdb3c5b20c21e845c82971bb96.jpg,2,0,0,0
241_jpg.rf.5259f938cb0760be827a075d14dc27d3.jpg,1,2,0,0
885_jpg.rf.43549f07acbb159953033168acca9056.jpg,1,1,0,0
3698_jpg.rf.870e05ab0a172a16996ad772d2878029.jpg,1,0,0,0
118471529_1_jpg.rf.bedb1cab397e7f9b052e442d084470de.jpg,2,1,0,0
Yimg_000143_jpg.rf.3aa828b138c5016bf63416c999d50d56.jpg,1,0,0,0
closed_eye_0458-jpg_face_1_jpg.rf.6873e0908cac770a13f0e2acf4a38d41.jpg,2,0,0,0
closed_eye_0551-jpg_face_1_jpg.rf.b4d2233c15ad5ea1232d120a7ee41170.jpg,2,0,0,0
_64_jpg.rf.d02abeb7a459135b3077ac6d1e53be3c.jpg,1,0,1,0
130927718_1_jpg.rf.081d90a4f2710caba8937067afc3dd27.jpg,1,1,0,0
Yimg_000220_jpg.rf.425f52c3a91d37a683c99b5dd7922013.jpg,1,0,0,0
920_jpg.rf.06287ef5323553357931907e3d0bb052.jpg,1,0,0,0
3218_jpg.rf.c09d641ef67740d0acdc464c8d7f7811.jpg,1,0,0,0
292114712_1_jpg.rf.918daeae2dc3860fd5f6ded483555cd0.jpg,2,0,0,0
closed_eye_0116-jpg_face_1_jpg.rf.47f9d6e646af470695d1e8f0c102564b.jpg,2,0,0,0
55_jpg.rf.b138471a4b424e9cce617b505fa33af0.jpg,1,0,0,0
284_jpg.rf.dae50735bc933dc9ef3f6cab036e83fd.jpg,1,0,0,0
closed_eye_1886-jpg_face_1_jpg.rf.2867acc303b95365e6390c3ad5014b77.jpg,2,0,0,0
closed_eye_2039-jpg_face_1_jpg.rf.20e91e0c0243ff95c097c71f4486c072.jpg,2,0,0,0
closed_eye_0024-jpg_face_2_jpg.rf.c30ab7a29a6643afe31321dfa1760b51.jpg,2,0,0,0
486_jpg.rf.44df496e046d8fed51c3186bb6692791.jpg,1,0,0,0
23_jpg.rf.c62bd16c4fc719d4e4f4cf303298b698.jpg,1,1,0,1
1310_jpg.rf.445d5c787eedb16448df65a0776d217e.jpg,1,0,0,0
_430_jpg.rf.7f15c0f39f0e62dbb2e06b6da042e9d7.jpg,1,0,0,0
499_jpg.rf.3092ff5bef81e8c094b0d1892783c30f.jpg,1,2,0,0
_185_jpg.rf.d5406e8588e7cd5e6d179735f2f671ae.jpg,1,0,0,0
closed_eye_0001-jpg_face_1_jpg.rf.0eb0210ebfba2a12c6b48de6c211ff3e.jpg,0,3,0,1
2400_jpg.rf.33206c638cb6c17657e283d37652da5d.jpg,0,0,2,2
597_jpg.rf.e7e2ff64470508c9fb179f032d0b0e5d.jpg,3,0,0,0
585_jpg.rf.ce37e519c9722a88ceb45a0838cb4ed6.jpg,1,2,0,0
Yimg_000255_jpg.rf.eeab685f851a81c54ace992e38ab497f.jpg,1,1,0,0
1749_jpg.rf.aa9e210d3ee432ad1a4d07245bf97c95.jpg,1,0,0,0
_386_jpg.rf.97f2d68ad0ed58e6ce82502c28b37192.jpg,1,0,0,0
286_jpg.rf.fef7d2113d91a9c0b174db9af8ca3cac.jpg,1,1,0,1
closed_eye_2680-jpg_face_2_jpg.rf.e0602b35672857a954b5f21f64000d4d.jpg,2,0,0,0
closed_eye_1317-jpg_face_1_jpg.rf.32fd7b5d7f6bb17c35650e82d0394cbc.jpg,2,0,0,0
530_jpg.rf.681805b0c7772e5f8f0c67178f8f8fcf.jpg,1,1,1,1
298_jpg.rf.54c2832e78011de405dd0ee8d09290ab.jpg,1,0,0,0
1364_jpg.rf.9dbdf3ad5d06adce8f10bbb8bd8ffbdb.jpg,1,1,0,0
489_jpg.rf.b55215d3b69a3df12484862d20a541e8.jpg,2,1,0,0
closed_eye_1345-jpg_face_1_jpg.rf.fe30b27f20e0c8418677e5f14a87c04d.jpg,2,0,0,0
154_jpg.rf.0eb37f1999b7568318d069c96d52f65a.jpg,0,1,0,1
closed_eye_0318-jpg_face_1_jpg.rf.4e5aa926faf5e4b880e4f240c1cbe03a.jpg,2,0,0,0
closed_eye_0565-jpg_face_1_jpg.rf.1a3818bc2b7dd5435214d9760c95a733.jpg,2,0,0,0
2689212210_1_jpg.rf.f569202fb7c50919feaa4776d6a611d0.jpg,2,0,0,0
closed_eye_0709-jpg_face_1_jpg.rf.b8e5618d85ef94deb4cbb516735e0565.jpg,2,0,0,0
closed_eye_0217-jpg_face_1_jpg.rf.538db11e2e541edd47e497ece93d1eb5.jpg,2,0,0,0
000101_jpg.rf.c0cb0492148053b9625a8c3d5438e8dc.jpg,2,0,0,0
_96_jpg.rf.73bd428b62090ee6da7a9a6664895c92.jpg,1,0,0,0
closed_eye_1776-jpg_face_3_jpg.rf.fbd7960292d8d317afa56367e2cacca1.jpg,2,0,0,0
1188_jpg.rf.3d385b0c91396d8630978b9fa742d118.jpg,1,0,0,0
831_jpg.rf.944145b5cf2111c6fd1096f885bf59ca.jpg,0,1,1,2
closed_eye_2543-jpg_face_1_jpg.rf.ff8d95f1169d505d9443e8791f95c140.jpg,1,1,0,0
_48_jpg.rf.070d2cda2c6958bba3ba5572eb22242d.jpg,0,0,1,1
1765_jpg.rf.6ef0ffa023cccf6678162f2a9567ed3d.jpg,1,0,0,0
closed_eye_2109-jpg_face_1_jpg.rf.526749118e821db15bbce2042a4f8837.jpg,2,0,0,0
725_jpg.rf.734fa4aa254c5488bf18504c8449aa66.jpg,1,0,0,1
s0001_03095_0_1_1_2_0_01_png_jpg.rf.1106d2bb3a07d633639fc55d9d930fcc.jpg,0,0,0,1
Yimg_000039_jpg.rf.cd28606b6316ea8f0afcd0c780689428.jpg,1,1,0,0
658_jpg.rf.e754bde150ba6d5923af5390d579256e.jpg,1,1,0,1
1469162215-how-to-read-faces_jpg.rf.18fec23b727bfeb1bfce958afa6cc242.jpg,2,0,0,0
closed_eye_2047-jpg_face_1_jpg.rf.40bd75455ae9838a712645f86801719a.jpg,2,0,0,0
closed_eye_1567-jpg_face_1_jpg.rf.35dbe327d1783cc7612b0fee09357fb5.jpg,1,0,0,0
000140_jpg.rf.e940f5b103967b7b2b6dd0b4dfc4a29c.jpg,2,0,0,0
s0016_01386_1_0_0_2_1_01_png.rf.40a6bbc79a04c8ff92ac24c32efd3603.jpg,1,0,0,0
_542_jpg.rf.8be8a80801dddc17d19837fce60b6395.jpg,1,0,0,0
463_jpg.rf.5276d457c7099421f39d7ebbf0f0a2c2.jpg,2,1,0,0
_343_jpg.rf.15fad2d478faa7f762810a68d11ce60a.jpg,1,1,0,0
istockphoto-118373798-612x612_jpg.rf.25ac15c1874f9373e47d581637372513.jpg,2,0,0,1
img_e_8149_jpg.rf.83073b24aeae25c6550d4551d8e92bc1.jpg,2,0,0,0
_308_jpg.rf.b7498649db78de096cd6cfff6a342b7a.jpg,1,0,0,0
closed_eye_0212-jpg_face_1_jpg.rf.c80b179927564671b5d07361c8856c15.jpg,2,0,0,0
_639_jpg.rf.81ab0e1e31cf04c9a133cb5b4b8d1c62.jpg,1,0,0,0
_495_jpg.rf.852e9206e4367732a465839dec32ddfc.jpg,1,0,0,0
1308_jpg.rf.ccae9ef26236371b275372e262e9d612.jpg,1,0,0,0
59_jpg.rf.0e7944225a379a321a833185dbfae2f9.jpg,1,1,0,1
closed_eye_2249-jpg_face_2_jpg.rf.b9b12f9a0c6f867ecff1a83ec828d607.jpg,1,0,0,1
istockphoto-1194574059-612x612_jpg.rf.5ace0f7ba9db463e9e05950062bf65fa.jpg,1,1,0,1
istockphoto-171355108-612x612_jpg.rf.083f50b0d5673899da5e60ba169a733d.jpg,1,0,0,2
000504_jpg.rf.1762eb4cdc13e7a7a0cdd5728aca0253.jpg,2,0,0,0
_296_jpg.rf.221c8b27abc5181207cd51629a7166f5.jpg,1,0,0,0
614_jpg.rf.b15e247bb81a3b22e0ce589657cd0d4c.jpg,1,2,0,0
s0019_00113_0_0_0_0_1_01_png.rf.44b61074124367530c780c6c7fb3aa2d.jpg,0,0,0,1
_429_jpg.rf.0d158a86b1ebdd28fd13664c975fa800.jpg,1,0,0,0
closed_eye_0486-jpg_face_2_jpg.rf.cfdf6fe3c2d6f94ad63299bcc2faee83.jpg,2,0,0,0
1366_jpg.rf.b30a944db630efa80133be7e6798171a.jpg,1,0,0,0
_607_jpg.rf.654553368c2a93159394b0191c38646d.jpg,1,0,1,0
594_jpg.rf.b9db914da0a92c714c6fa70f3dccf6cb.jpg,2,1,0,0
closed_eye_2356-jpg_face_1_jpg.rf.3089a7f6a67bb7283deed71b65a8cd95.jpg,2,0,0,0
_544_jpg.rf.42c9bc9038db1df87366ccdeb54a225a.jpg,0,0,1,1
189_jpg.rf.f866d7e282a2f65309bcdca8f20379e7.jpg,2,1,0,0
_616_jpg.rf.fc98be7df5c621fc80d9f99a0145eaf5.jpg,0,0,1,1
598_jpg.rf.1b1eb6580f54ee630526ffe8c89bb75b.jpg,3,0,0,0
664_jpg.rf.0a814146ccae4067846ad84a3b38c6dd.jpg,1,2,0,0
_449_jpg.rf.f7af6ca712c0e81339c7b39bd2eb125a.jpg,1,0,0,0
844_jpg.rf.eae42060cec9d75f9801656a34e0cd2a.jpg,1,1,0,0
closed_eye_0458-jpg_face_1_jpg.rf.47fa004b039e5f3c2bb633a907e44331.jpg,2,0,0,0
closed_eye_1409-jpg_face_1_jpg.rf.2223a0af938a83b69d99c432550f4816.jpg,2,0,0,0
_571_jpg.rf.49e670a0fca5192c81760b070602ffcd.jpg,1,0,0,0
69_jpg.rf.adbf06e935a989f2c2156e92ff9fffd2.jpg,1,0,0,0
336_jpg.rf.78eecda0f3e25dfa66efaa8c45a9f173.jpg,3,0,0,0
_343_jpg.rf.2024e2e270b3449cd5ba2fbf87291603.jpg,1,0,0,0
428_jpg.rf.18c43317d9587643cbd240ce6f586c72.jpg,1,1,0,1
closed_eye_0198-jpg_face_1_jpg.rf.f1aa5ff2a2576c5c8a80b01f88f022f6.jpg,2,0,0,0
556_jpg.rf.2658993d8cb6fb7f6680e5ba0535cc5c.jpg,3,0,0,0
177_jpg.rf.6c099e6e9fc15de562c2cc24bfe92489.jpg,1,2,1,0
71_jpg.rf.6af3934d9748356559a8a23299d01406.jpg,2,0,0,0
356_jpg.rf.81056fe91d105f4ece9b99d9903d6b71.jpg,1,0,0,0
308_jpg.rf.3ff8612109794d0520612652ff00c137.jpg,2,0,0,2
717_jpg.rf.1702b64d850bde1234380cfb42b2b38c.jpg,2,0,0,1
2574_jpg.rf.74d3818f7ea39ed96510d1c2dbefb69b.jpg,2,1,0,0
yawn-33a69a28-3043-11ec-8c02-302432df5bc8_jpg.rf.08994f7fb5b4b2a7f6a1a5538409014e.jpg,1,0,0,0
275252906_1_jpg.rf.411ffb68fb7570ea963feb6f2c29bbc8.jpg,2,0,0,0
193_jpg.rf.49521ff4a079aec20dadbd7856ee32a7.jpg,1,2,0,0
1245_jpg.rf.2218f2dfa7b71fd1afe5f7dd567c42f9.jpg,1,2,0,0
closed_eye_2440-jpg_face_1_jpg.rf.89e7d1691311ad098edf67161d9221ee.jpg,2,0,0,0
45_jpg.rf.75432c15390e63928a4d6da1122399ee.jpg,1,2,1,0
280_jpg.rf.8803ea45b60087190461cccf43da7cf1.jpg,1,0,0,0
543_jpg.rf.fb800c4dd300c40acf1e5f71e69df23c.jpg,2,1,0,0
_718_jpg.rf.32060b48636ec051bad496a7415671ca.jpg,1,0,0,0
_228_jpg.rf.331feba03be700e6606a3b4dbd8a48c9.jpg,0,0,0,1
woman-wearing-grey-turtle-neck-sweater_jpg.rf.29199461f08cd57031c936e50a5b8121.jpg,1,0,1,1
Yimg_000128_jpg.rf.2f9b361d2dd62831f61c8a9ea2eee49f.jpg,1,0,0,0
_665_jpg.rf.d5a52d0fb2140a821b8620a50b0a8a0d.jpg,0,0,0,1
492_jpg.rf.e536f56644e119df73cee800f49d0e68.jpg,1,0,0,0
280_jpg.rf.bdbf74527d7767733b2264f5c91ebdbf.jpg,1,0,0,0
451_jpg.rf.7441fb4b376178235779b8cc81183ce8.jpg,3,0,0,0
699_jpg.rf.9c1dd10917b7b61e4c5aacc323560351.jpg,1,1,0,0
closed_eye_0785-jpg_face_1_jpg.rf.0e9028b07da77fd688024d882e2c480e.jpg,2,1,0,0
1320_jpg.rf.d8f9026134aa513115f034df08e1a8d0.jpg,1,2,0,0
closed_eye_1378-jpg_face_2_jpg.rf.9800891b03a183d2d9199eeaf9c02e15.jpg,2,0,0,0
1062_jpg.rf.70d154040fb03bd61a4d99ac1b275afe.jpg,1,2,0,0
1003_jpg.rf.270453940ec88a04cf652c43832b268b.jpg,1,1,0,0
_523_jpg.rf.06c71dc556dbe04bd130f6356828f10e.jpg,1,0,0,0
53_jpg.rf.c67eff400e91af9c5705da4a05bf5635.jpg,0,1,2,2
_86_jpg.rf.140aea21ccb30c5b0c73d37d65f72080.jpg,1,0,0,0
_322_jpg.rf.e904a00d28d5b827fe0b3dafc82b715c.jpg,1,0,0,0
610_jpg.rf.92d5486b1f2c0df331b0f2023819da45.jpg,1,0,0,0
30_jpg.rf.69631bd861d821978752fa9e1d2c0b09.jpg,1,2,0,0
289_jpg.rf.38d767cbec7cbf1f558fda111ed37efd.jpg,2,1,0,0
closed_eye_0185-jpg_face_1_jpg.rf.77f7b536618cb21e631ad8f9861665e7.jpg,2,1,0,0
94_jpg.rf.e4b99a25231df73d91ccc5820a8cd43f.jpg,1,0,0,0
_441_jpg.rf.bfe1502e54d6e6accbafbc717013cd7c.jpg,1,0,0,0
dus6TPFk4ag_jpg.rf.1e8d178f4cbedb0edcdd0f4c2c56ae2c.jpg,0,0,2,2
3216_jpg.rf.741262006a70ce527c40afe67f4fff95.jpg,1,0,0,0
_569_jpg.rf.3a0fffcec91b25d62c329d3a7e4b33b7.jpg,0,0,0,1
836_jpg.rf.20e47ab4e0c6f90f500bc525b922c557.jpg,1,0,0,0
966_jpg.rf.4bf35071cfacc41efe58e41a52be25b2.jpg,1,1,0,0
690_jpg.rf.7eafa0918038adb788046f9163f462ac.jpg,1,2,0,0
000131_jpg.rf.da817d79c6c026ca811e8083dd772436.jpg,2,0,0,0
image_840-3-_jpg.rf.2cc90304ef88b1c9efb15269e50de0d7.jpg,2,0,0,0
_343_jpg.rf.5c90b28c057a990b7d8ca674fee99298.jpg,1,0,0,0
img_k_6510_jpg.rf.f6b5065978c914329564e56ee93b5771.jpg,1,0,0,1
2156_jpg.rf.daf9dec53de113bcf19df9ee8f5de01b.jpg,2,0,0,0
2954_jpg.rf.423498fe6af84d7b895d08fd133841c3.jpg,1,0,0,0
closed_eye_0127-jpg_face_2_jpg.rf.733191d5f384b416ad47c2b4000f32c3.jpg,2,0,0,0
173_jpg.rf.f0c409940478b9bdec01a4762f0842cd.jpg,1,3,0,0
1084919955_1_jpg.rf.bc8ed8888234cff2fb0a57cc4cb8e8a2.jpg,2,0,0,0
_451_jpg.rf.382a1a2d0f9ef2187d9e4a571c939ee0.jpg,1,0,0,0
894_jpg.rf.0d7f2e720c119ca39f1f6313ebfc2e50.jpg,1,0,0,0
3208_jpg.rf.e8a7de84b640a2f9a7508ce3a22df5fc.jpg,1,0,0,0
closed_eye_0380-jpg_face_1_jpg.rf.2a6d567ac1594f32eb6d3383bbed3d9f.jpg,0,1,0,2
Yimg_000298_jpg.rf.e6f0cbb3b092f9f445e1d560f96aa197.jpg,1,1,0,0
210_jpg.rf.d4b090947bbd5438d59c78026a63a5de.jpg,1,1,1,1
_45_jpg.rf.e164d10fa9bcf9572f5d7ab2d4af64fe.jpg,1,0,0,0
_506_jpg.rf.956d9242381ce68adacaf33c2960000d.jpg,1,0,0,0
396_jpg.rf.14e17a814a350158553e3e1a27d7b585.jpg,2,1,0,0
_718_jpg.rf.316e6bd16f773c6aee64b8c2a45cde96.jpg,1,0,0,0
closed_eye_2740-jpg_face_1_jpg.rf.db8eeb6d055d3a5c2ee9b1b7871dc851.jpg,2,0,0,0
1036_jpg.rf.4fb5a2fdc78808af36796c760787bcb1.jpg,1,1,0,0
527_jpg.rf.9d5a8562441ff7fd38e5679aba1c6363.jpg,1,2,0,0
Yimg_000324_jpg.rf.6a5d87f52c46c5339fc2e49fbb23a385.jpg,1,0,0,0
closed_eye_2576-jpg_face_1_jpg.rf.bbbef8d9387268383f13691dffe475ef.jpg,2,0,0,0
1250_jpg.rf.378f0c2ec6f4ce985bbe5bf69c39e12b.jpg,2,0,0,0
500_jpg.rf.f7f15f5eba0b1e776b7107d8a2639d63.jpg,0,1,0,2
3712_jpg.rf.4a4901800e008397499d690f0d7ab9ab.jpg,1,0,0,0
197_jpg.rf.bc1a1fb9d9622fa02b68be4c06baa18b.jpg,1,2,0,0
closed_eye_2612-jpg_face_1_jpg.rf.2cfb6dc09ba3786ecb41f358a4a97bc2.jpg,1,1,0,0
_513_jpg.rf.0a18fef7f111527544e24c74d5d1106e.jpg,1,0,0,0
224_jpg.rf.f73ba7faa3a67ac8a8c43be3aa39ac49.jpg,1,1,0,0
_42_jpg.rf.812c14194c97ec8c0cf49d150c6830cf.jpg,1,0,0,0
istockphoto-1167930276-612x612_jpg.rf.98ad67b0151b1a2eb907affa1af79c9a.jpg,1,0,0,2
closed_eye_0124-jpg_face_2_jpg.rf.b67f47b483aff2b511309b37fd7727de.jpg,2,0,0,0
closed_eye_2568-jpg_face_1_jpg.rf.ee86cd0610e51bf7294bf71c415ddb8e.jpg,1,0,1,1
closed_eye_2737-jpg_face_1_jpg.rf.43fb087fddbe64d7606953b5c796119f.jpg,2,0,0,0
img_b_58_jpg.rf.6294e456acc31e1cfcc5007fd5b99cd6.jpg,0,1,1,2
istockphoto-1097776106-612x612_jpg.rf.bd9dc0988b0c7eb3e75c17b490b8c0d2.jpg,1,0,0,2
271_jpg.rf.08cccfa8afc726c8b1880a35112a8a6d.jpg,2,2,0,0
_417_jpg.rf.292f024bee178ffdcccccbc152f6c9c5.jpg,0,0,0,1
closed_eye_0334-BMP_face_1_jpg.rf.f5dceaef83c6693599941ebbdb57d5bc.jpg,2,1,0,0
_181_jpg.rf.eaf7582484c1fa126ba0ae084a378051.jpg,1,0,0,0
G7HtSNzDivE_jpg.rf.83e444a75b3b5e7894da6485b2bca14d.jpg,0,0,1,2
382_jpg.rf.5ad62c98416cdb756cc5bbae21386d47.jpg,2,0,0,0
WIN_20211018_22_23_28_Pro_jpg.rf.7f3530cf23d98b9e141fd1f7e62a76be.jpg,1,0,1,0
yawn-fc63f336-3044-11ec-86b3-302432df5bc8_jpg.rf.4566a110f7c285f1cc4c6581ae562532.jpg,1,0,0,0
2517_jpg.rf.10b6597944dc31c403c241f4608f2ac3.jpg,2,1,0,0
_687_jpg.rf.6003af713d6b99fa96a7528807c8f55f.jpg,1,0,0,0
_605_jpg.rf.0cd9e5d2038f44a48f2bf293e2cc4bf8.jpg,0,0,0,1
614_jpg.rf.a27f80cee820e65f1c6e94eb16cd47c8.jpg,1,2,0,0
1344_jpg.rf.87f99de95531357bf30111dd8a2151ea.jpg,1,0,0,0
1108_jpg.rf.81d0568363541857f54c30c01aed7252.jpg,1,0,0,0
_211_jpg.rf.e46544a56207e86c4558e6c247681876.jpg,1,0,0,0
_497_jpg.rf.2a4c029d1ddcc02514def95a91f86e80.jpg,1,0,0,0
closed_eye_1237-jpg_face_1_jpg.rf.3655f2b1bb83ece2c17efd07875a5807.jpg,2,0,0,0
istockphoto-485966623-612x612_jpg.rf.8d3bf2680b8c7acaa6aebe2bf88c1101.jpg,1,0,0,2
3200_jpg.rf.f675808e2754fb22c34411cc8118e0f4.jpg,1,0,0,0
closed_eye_2322-jpg_face_1_jpg.rf.cd335139d307be0ab172b21989f410b1.jpg,2,0,0,0
closed_eye_0241-jpg_face_1_jpg.rf.acdb145b3c8d3f7df8f04c316c9ef1b2.jpg,2,0,0,0
_309_jpg.rf.5fa7f74aed343d2237e11113e49e367b.jpg,1,0,0,0
image_0160_jpg.rf.e4fe0151b2e473c7ecf0bfd13215c5b2.jpg,0,0,1,2
_301_jpg.rf.5fe4d280e55c02c64ea2ab3861cfb4bd.jpg,0,1,0,1
closed_eye_0638-jpg_face_1_jpg.rf.779807dc9b6182d3540e4deac154eebd.jpg,2,0,0,0
71_jpg.rf.1f8e232f67df31b7c88c7e7d7669b22a.jpg,1,0,0,0
Yimg_000080_jpg.rf.4ddc6209d1b9d270974a2f88a2384b8d.jpg,1,0,0,0
_529_jpg.rf.b79157271e793b51d125f4d818a20920.jpg,1,0,0,0
2655076570_1_jpg.rf.4cea2032fd0679628bd88755774535c1.jpg,1,1,0,0
_398_jpg.rf.8d6b135759a3ef991bb86b26f74487c8.jpg,1,0,0,0
istockphoto-1226711113-612x612_jpg.rf.70f622a5afbbe7f0a9e1592c94787837.jpg,1,0,0,1
_549_jpg.rf.9a5aa893439bb2994ca9845abff52e16.jpg,1,0,0,0
146_jpg.rf.e07349cbac958c913a832d46978018b3.jpg,1,0,0,0
s0016_01576_1_0_0_0_1_01_png.rf.72468439ccfcd29a55d091af82c8a076.jpg,1,0,0,0
_410_jpg.rf.bfd7e1fafa718d49e753eb46e14dbebf.jpg,1,0,0,0
s0034_00009_0_0_0_0_0_02_png.rf.d587014ea039235abf0e0d02797b2cd8.jpg,1,0,0,0
389_jpg.rf.591f62d4d326ad72ed7a09493cac2baf.jpg,1,0,0,0
481_jpg.rf.65ccaf04f4d98e432435500906bbc70d.jpg,2,1,0,0
Yimg_000142_jpg.rf.5c1dc4574df127aaffe535417c99234e.jpg,1,0,0,0
closed_eye_2749-jpg_face_2_jpg.rf.2626dd70f65700b880038edfa5dbedd1.jpg,2,0,0,0
Yimg_000034_jpg.rf.ce5ddda0942d46a22aabc6f614891d78.jpg,1,1,0,0
closed_eye_2224-jpg_face_1_jpg.rf.c45311a8339110478fd97a7bd4f91f51.jpg,0,0,0,2
img_000470_jpg.rf.e8a564f68614c205230ca48231666255.jpg,1,0,0,0
_235_jpg.rf.8406de8fe58b362f69082f052dc7ebe1.jpg,1,0,0,0
closed_eye_1362-BMP_face_3_jpg.rf.e1d1b603694a66e8d11035185e03201d.jpg,2,0,0,0
114501272_1_jpg.rf.7456fe740e960f7a64cfe69a4ebd3746.jpg,2,0,0,0
_568_jpg.rf.e4a7f5c6fd1155f13fed2769f28fd8aa.jpg,1,0,0,0
_168_jpg.rf.9bfda532f230e6aac9e5d6a437dfb3f9.jpg,0,0,1,1
69_jpg.rf.ccd501b1d76908c6cc517ba450732040.jpg,2,1,0,0
_667_jpg.rf.56c468dd618d36143b68bc6b9ee481e3.jpg,0,0,0,1
462_jpg.rf.0c37c811c278363f499f2ac0e7f12bf4.jpg,1,0,0,0
559_jpg.rf.e34f9013330ebc34dcf3cbc8cf68ba99.jpg,3,0,0,0
_182_jpg.rf.52243daf599b75f9cc64625379795827.jpg,1,0,0,0
s0016_01706_1_0_0_0_1_01_png.rf.2c7714614be2ae7595af007ab22de6ff.jpg,0,0,0,1
1766_jpg.rf.c8d9ecfb3b284af4b94bae89b6c23dcc.jpg,2,0,0,0
img_000536_jpg.rf.d65fa1802708bff824c7c223bbee9ad2.jpg,1,2,0,0
_619_jpg.rf.748932aecdca41213dea6a75d57f3157.jpg,1,0,0,0
89_jpg.rf.8bbd941f8cdd5b57d63bb102f49aaef8.jpg,1,2,0,0
_19_jpg.rf.f9c69ec5e4eed20873790876a0b4093c.jpg,1,0,0,0
711_jpg.rf.ed978951d83ccdc69de610cf97e3da9c.jpg,1,1,0,0
Yimg_000255_jpg.rf.221f186315463468ba426da393f1a9eb.jpg,1,1,0,0
_574_jpg.rf.5f56a5c3d9ebf42973e7c4affe90b05d.jpg,1,0,0,0
260_jpg.rf.6b50680c8ba2f05cae970dd61338b512.jpg,1,2,0,0
213_jpg.rf.6482d19a9d04b85741f45ae2cf80806c.jpg,1,2,0,0
981_jpg.rf.23b7c20dc76fdcc789e11f5a89f06b36.jpg,1,1,0,0
_158_jpg.rf.e979a92c92f1b712db2d92fcb1bbebaa.jpg,0,0,1,1
491_jpg.rf.53004b31a757614662ec4b3607c8c9ab.jpg,1,0,0,0
359_jpg.rf.5b3a5a67512f284859e9d360079e4b01.jpg,1,1,0,1
_95_jpg.rf.d111441756f416f0cf2fee76575c9744.jpg,1,0,0,0
closed_eye_1119-jpg_face_1_jpg.rf.dff30a355989fee76fc35645a40233e7.jpg,1,1,0,0
1347_jpg.rf.2ed7a98bfa25e1365bb86902ea5de8f0.jpg,1,0,0,0
2518_jpg.rf.d942b00504446baccd9637891db1cb96.jpg,0,1,2,2
s0019_00049_0_0_0_0_0_01_png.rf.8e188c98b6b996abfce381c94385c1ef.jpg,1,0,0,0
PIXECT-20220526010357_jpg.rf.3744ab575473a7864fb8196eb1454a89.jpg,1,0,0,1
Yimg_000248_jpg.rf.d165a0ef2ce8e68d77ee17ec0b9ce28d.jpg,1,0,0,0
webcam-toy-photo40_jpg.rf.f86c29d93e178d426020d1ab4d880fa0.jpg,1,0,0,1
273_jpg.rf.80c700b732f40c284bc04c84326bd4ee.jpg,2,1,0,0
446_jpg.rf.e5d40cac69bf64fafc04963604785d78.jpg,1,2,0,0
_488_jpg.rf.98bca4acac41fd5daa6ee0b786abd7b8.jpg,1,0,0,0
000016_jpg.rf.b125057c9e042e2ff2b5b4224c06e14f.jpg,1,0,0,0
s0016_01575_1_0_0_0_1_01_png.rf.bfe83ab44b8ee6530a7a026823293d33.jpg,1,0,0,0
closed_eye_1781-jpg_face_1_jpg.rf.d84460e7d83af186c016bb4525b9d0b3.jpg,2,0,0,0
_359_jpg.rf.7df033d5d959b9477a28483d9be799cc.jpg,1,0,0,0
175_jpg.rf.1f1802fd3548ec32063dc1503aaae0ff.jpg,1,2,0,0
3710_jpg.rf.9ee9fbde447c0db99628dc28d8739da3.jpg,1,0,0,0
_215_jpg.rf.e7a218f1971977a19ec66d321e767aff.jpg,1,0,0,0
_114_jpg.rf.8e2d1a6ac4cfa5ffcf2bae282d2f0737.jpg,1,0,0,0
Yimg_000095_jpg.rf.0955fa8bfe638728579f13e1fc337626.jpg,1,1,0,0
47_jpg.rf.df9cc7c2c85ac1642fedf3f9f9a3826e.jpg,1,2,0,0
_74_jpg.rf.4695b7694d72a91ba17340749da94c8f.jpg,1,0,0,0
358_jpg.rf.2ea4c9028e65923f88723fe5ee1ef518.jpg,1,1,0,0
327_jpg.rf.119f30a2167b8a203e2b0a661bafe06f.jpg,1,1,1,1
_672_jpg.rf.4770d49483f07180ae7f4f8e710378bc.jpg,1,0,0,0
1342_jpg.rf.dcd7aeeb5ac6b1473fdad36eaaa8b064.jpg,1,0,0,0
521_jpg.rf.375cc0646797a481bb22890c9089e76f.jpg,1,2,0,0
_253_jpg.rf.133e96511c569aebd3fb3ce7b8957615.jpg,1,0,0,0
2463_jpg.rf.cb45f9e678cb56569d535ae230ce9963.jpg,2,0,0,0
_484_jpg.rf.87a67e0bbb44db48785ef36931699ec8.jpg,1,0,0,0
closed_eye_1363-jpg_face_1_jpg.rf.04036b1e49928726b048c74eb6e2f688.jpg,2,0,0,0
webcam-toy-photo7_jpg.rf.c9bee954f8ae8eb3adcdda630edf6bd7.jpg,2,0,0,0
_318_jpg.rf.eea65b523abd2b7dfc71665926beab5a.jpg,1,0,0,0
1303_jpg.rf.e0c11e83cf8efc7ff4041fa812d6fcfe.jpg,1,0,0,0
148_jpg.rf.d4bfb7bf6bb6b0eaec16b6855ce32149.jpg,1,1,0,0
istockphoto-1127356349-612x612_jpg.rf.688b50675b386225091ff3f0d11322fe.jpg,1,0,1,2
1133_jpg.rf.db0a0551adac5fdf1aa8276c5d7905b7.jpg,1,0,0,0
_341_jpg.rf.968c674b074e04a96ea46d84e4b92af5.jpg,1,0,0,0
yawn-00c21fd8-3045-11ec-af6b-302432df5bc8_jpg.rf.3eb5b872291b18c3d8e25161845d17d1.jpg,1,0,0,0
closed_eye_1888-jpg_face_1_jpg.rf.23548651c47b4d4eb75e534d051c8801.jpg,0,0,0,2
closed_eye_1335-jpg_face_2_jpg.rf.249b48e3c62bc983267a0ba3ebee8059.jpg,2,0,0,0
831_jpg.rf.5f3dc5fb21ce846619eda9ae74025879.jpg,0,1,1,2
1353_jpg.rf.d1407d933364b4d6f48e2d7aa1efcbea.jpg,1,0,0,0
closed_eye_1523-jpg_face_2_jpg.rf.4481dbd001de98a2c30ffae93e40010f.jpg,2,0,0,0
s0016_00377_1_0_0_1_1_01_png.rf.8864d0153bb293e22acd53c20e275504.jpg,1,0,0,0
1033_jpg.rf.219a3e2ded6689c9d314a0a66dde606e.jpg,1,1,0,0
380_jpg.rf.dce93b3118bd9b30278f43a23cc4bc94.jpg,1,1,0,0
istockphoto-925307288-612x612_jpg.rf.f4545fa6e7464f4602b8fc7439858f75.jpg,1,0,0,1
closed_eye_2100-jpg_face_1_jpg.rf.188575f58af1e7c6b0f348874ee56641.jpg,2,0,0,0
_717_jpg.rf.b2ebb821635784967ee26a554773ce1c.jpg,1,0,0,0
1779_jpg.rf.55b22354bc5305b60a64e46057fabec6.jpg,2,1,0,0
_438_jpg.rf.b7ce22f76f616ea8b45a882290b0898f.jpg,1,0,0,0
_127_jpg.rf.ca5f5ecca64d3c6757f136f61d992767.jpg,1,0,0,0
493_jpg.rf.72655b81ec8f97f757082b1ba0e798b5.jpg,1,0,0,0
898_jpg.rf.03624abca472ca2fbe87a8643f103bfd.jpg,1,0,0,1
closed_eye_2409-jpg_face_1_jpg.rf.6f3f7f4ac06945da93870927d48ac4d9.jpg,2,1,0,0
istockphoto-160910889-612x612_jpg.rf.8604892059eb0916197b5c041c32c3ab.jpg,1,0,0,2
657_jpg.rf.e1e6850106a2fd8e52e718fc8670f026.jpg,1,0,0,0
closed_eye_0207-jpg_face_1_jpg.rf.be2432e026fa18357baa96774981c828.jpg,2,1,0,0
closed_eye_2256-jpg_face_1_jpg.rf.9a1d0ccaf311be322549be02737136fd.jpg,2,0,0,0
489_jpg.rf.11824162c97188ee79ea62deb239f04c.jpg,1,1,0,1
_242_jpg.rf.e3832a7b010ac5cab748d28f14d54a8d.jpg,1,0,0,0
554_jpg.rf.26d2b2de0d6b708fee87d85d1000b8c0.jpg,1,2,0,0
Yimg_000269_jpg.rf.fd307f03c12ca276f3f905e9416b8750.jpg,1,1,0,0
152_jpg.rf.c436e8f2acc50ed345d4647fa767e38e.jpg,1,1,0,1
298_jpg.rf.e9bb0760aa73d580320569dd09773231.jpg,2,1,0,0
492_jpg.rf.23764203124c5399980d58741fc130c7.jpg,0,1,0,2
_201_jpg.rf.e9f0799a381135a4629bd983e913bb41.jpg,0,0,1,1
istockphoto-1132777712-612x612_jpg.rf.0b08003193c42cde47c20b584dc92003.jpg,1,1,0,2
441_jpg.rf.31e65f4825a2cc5810f0fa336b85c148.jpg,1,1,1,0
79_jpg.rf.05a79f42dbbbddca26c247372ca4c260.jpg,2,0,0,0
closed_eye_2643-jpg_face_1_jpg.rf.a7ca5fe2e242ed6f35bd3a23aef87593.jpg,2,1,0,0
413_jpg.rf.ed9a964239c685b97db0611dbccfc6f2.jpg,2,0,0,0
35_jpg.rf.e66301cf7575f2d12389d791e939f1e7.jpg,1,2,0,0
543_jpg.rf.4316cc5ceff02bca4f10ee2275a9abb8.jpg,2,0,0,0
143196796_1_jpg.rf.462669661adc646d38cd7f4751e1dbd5.jpg,2,0,1,2
2964_jpg.rf.e401bdef35d966e7001cbfe0195261a1.jpg,1,0,0,0
828_jpg.rf.b9938ddddc8be3e433e84533971afbf7.jpg,1,0,0,1
84_jpg.rf.f642768737b1e38bc726a2dff7dbb7b1.jpg,1,0,1,2
s0016_01581_1_0_0_0_1_01_png.rf.a5d70461dc7881932a992f6801829587.jpg,1,0,0,0
image_0163_jpg.rf.e77bd461b771ea6cad4c67f1d00c6e74.jpg,1,0,0,1
istockphoto-1194574059-612x612_jpg.rf.b4a2b247dd7b7b2f7212f12795bd61fb.jpg,1,0,0,1
187_jpg.rf.ff803d2d786e67c783c1d93ced8f11b0.jpg,2,1,0,0
375_jpg.rf.2b2b5a45bf2710955caf7f34620221dd.jpg,3,0,0,0
closed_eye_2557-jpg_face_1_jpg.rf.c27126d1db5886296783e63441d182b2.jpg,2,2,2,0
990_jpg.rf.36571320f81a773dfa0489ae936f1e9d.jpg,1,0,0,0
224_jpg.rf.b08520af49b99f926eebff5a1d539742.jpg,1,1,0,0
3209_jpg.rf.e7083bc4324bfa09375028c661cb3410.jpg,1,0,0,0
closed_eye_0081-jpg_face_1_jpg.rf.e1ade50fcc36ecba614e281c7f463d3d.jpg,2,1,0,0
_287_jpg.rf.1d0572b6a9b961b343beaef9b5e76762.jpg,1,0,0,0
_618_jpg.rf.4164d7a28e7dee77459415d3253764be.jpg,0,0,0,1
Yimg_000183_jpg.rf.dd4e7e0bcb8c3b357bcb878ee1d5f71d.jpg,1,0,0,0
_473_jpg.rf.a0ee62b25d655be780561d2fe0247471.jpg,1,0,0,0
440_jpg.rf.4803617e251c232b4acfe4c82b8393e8.jpg,1,2,0,0
WIN_20211018_21_12_42_Pro_jpg.rf.de718c9df88cdc42f8097e46ad8969ca.jpg,1,0,0,0
closed_eye_1464-jpg_face_1_jpg.rf.77c13e2bc80c8eaa970e3f8b9a8ea3c3.jpg,2,3,0,0
yawn-2ea1141c-3043-11ec-91ec-302432df5bc8_jpg.rf.bc01f18cf5dd9a659c7604946d5ed5a8.jpg,1,0,0,0
495_jpg.rf.1436048246ed4fcbb0b557f635711f0e.jpg,1,0,0,0
35_jpg.rf.c910d04273ca96477d122fc8b3e5239f.jpg,1,0,0,0
s0016_00346_1_0_0_0_1_01_png.rf.ba554bcefcf32915394d8235b8710f85.jpg,1,0,0,0
95_jpg.rf.e2f3d9f52ee9c838c9a9e86b1365d4cb.jpg,1,2,0,0
_333_jpg.rf.5293b78058b05da89213a5bb34cfb49e.jpg,0,0,0,1
s0016_01444_1_0_0_0_1_01_png.rf.d943fdd43f5a3762d13065fc14aef08a.jpg,1,0,0,0
closed_eye_2700-jpg_face_2_jpg.rf.5203013f41894c65af1a0fdaee97e125.jpg,2,0,0,0
closed_eye_1278-jpg_face_3_jpg.rf.e1cee220abbd3490d19b94725d34ec42.jpg,2,0,0,0
1091_jpg.rf.82ed57598a411eef8541a396225c8659.jpg,1,0,0,0
_438_jpg.rf.04211ce0c463c53a7fc59c8c65531ecf.jpg,1,0,0,0
1946_jpg.rf.6953e463d196b446fe561654b4ca65b7.jpg,2,1,0,0
598_jpg.rf.75750bbd7f7c3b0bba64725883fd166b.jpg,1,2,0,0
closed_eye_2472-jpg_face_1_jpg.rf.23bef00687410553c278a78fe6cb27cb.jpg,2,0,0,0
photo_2023-04-06_09-09-05_jpg.rf.b6851501ee80fd1061584a2976eea57e.jpg,0,0,1,1
closed_eye_0068-jpg_face_1_jpg.rf.d6121c35dc52979d2efecaea915d4b74.jpg,2,0,0,0
406_jpg.rf.6a95e3a6c84bef4d973d92f9c1c5e5a0.jpg,2,1,0,0
closed_eye_0221-BMP_face_1_jpg.rf.a6b2b41bdce0d0c1de5a1958355f6f7e.jpg,2,0,0,0
_10_jpg.rf.c7cd997dc8ec91bd8122395334d91243.jpg,1,0,0,0
766_jpg.rf.6a0a8302da713015a9c29dc718d2da88.jpg,1,2,0,0
161_jpg.rf.29ef2e230e3faf6eb735d7c1dd170d28.jpg,1,1,0,0
_482_jpg.rf.0559c4e4069ee1c2b0e34a84a5d5c5ad.jpg,1,0,0,0
907_jpg.rf.703c4a88f6af338d584d97aec9386eb6.jpg,1,1,0,0
Yimg_000217_jpg.rf.ee8c31f91dd96df622f778aa1f3c3755.jpg,1,0,0,0
closed_eye_1825-jpg_face_1_jpg.rf.48c1a3a3375fe8cdbb5e510c0fa499f5.jpg,2,0,0,0
_229_jpg.rf.527ac55aa2a392ef979c10dcb9f3167e.jpg,1,0,0,0
closed_eye_0749-jpg_face_1_jpg.rf.9882d332f98172845ac60d76f066f00d.jpg,1,1,0,0
_152_jpg.rf.48402a980151eb2d46ffbdb497003cd2.jpg,0,0,0,1
_591_jpg.rf.84fd8b256ba4b3ba48670b7b3e67c5d8.jpg,1,0,0,0
_149_jpg.rf.d195325e2d1ef846cfa5f241aef8d53c.jpg,0,0,0,1
closed_eye_1381-jpg_face_1_jpg.rf.481cb375c574d7a6bfd48a20351003e0.jpg,2,0,0,0
123_jpg.rf.df7e7bed2a344391c68dc49c09e720a5.jpg,2,1,0,0
closed_eye_0007-jpg_face_1_jpg.rf.9696ab544544ddb9761bcb4ffb9159f1.jpg,0,2,0,1
1610_jpg.rf.a7ddbfe2cf5c8465cf685198e85475bb.jpg,1,0,0,0
images-8-_jpg.rf.4344332c66fbfd614e6e4308b307923a.jpg,2,0,0,0
WIN_20220809_14_28_59_Pro-2-_jpg.rf.c7bfd74d03d4a3f59a807e8b57b986c6.jpg,0,0,1,1
620_jpg.rf.d0d82ab99debc62e90c088ab92302302.jpg,1,0,0,2
closed_eye_2741-jpg_face_1_jpg.rf.73a4d53ecb94bb3e721513550a180fd1.jpg,2,0,0,0
closed_eye_2536-BMP_face_1_jpg.rf.3fc04957a768f4db53b40cc6c70ab6a0.jpg,2,0,0,0
679_jpg.rf.d9382033f7821041e3155c1bad472e8d.jpg,2,1,0,0
closed_eye_1393-jpg_face_1_jpg.rf.d0d0f015eaaa03f67b7747378a2b684c.jpg,1,1,0,1
000216_jpg.rf.3ef1df7c42e5079a43e5bdf871c0496b.jpg,2,0,0,0
_711_jpg.rf.5493cb0554f2638ada9a8e0790e7b39e.jpg,1,0,0,0
73_jpg.rf.597124502f226cae01947bcad49f8100.jpg,1,0,0,0
1764_jpg.rf.495ab2f9803109a3575a64d83084311b.jpg,2,1,0,0
_224_jpg.rf.640abd277102949070d5bb82ad36c1bf.jpg,0,0,1,1
445_jpg.rf.200fcb646790e26e984e189f699e243c.jpg,1,1,0,0
_313_jpg.rf.accda95ed311f4867e0963b4e0d81214.jpg,1,0,0,0
530_jpg.rf.15f07f06dd939db8606ce62825446adb.jpg,3,0,0,0
3704_jpg.rf.10212d3bcd98b7ee8d2ca4edfda8d17f.jpg,1,0,0,0
878_jpg.rf.2df63b596c3e21b1f13e551d3cbc487e.jpg,1,0,0,0
481_jpg.rf.367468dace2536e30cb7d67283ca2be5.jpg,1,0,0,0
closed_eye_1346-jpg_face_3_jpg.rf.ef564686e0d1b2fb73de9187144e2267.jpg,1,0,0,0
_613_jpg.rf.b1b7fe211b218e098015f921c6266054.jpg,1,0,0,0
_434_jpg.rf.8d1a907195fdf5a8b083af67ce5cdc93.jpg,1,0,0,0
_283_jpg.rf.bb0ddefa91de8c3e4cdc5e514aacb055.jpg,1,0,0,0
100_jpg.rf.59173d40736b9ed66503406ea75bd47c.jpg,1,2,0,0
4_jpg.rf.159248e4698f58cb3f7ee1fa9074d293.jpg,1,1,1,2
_239_jpg.rf.905deb52a120894b88f3d89012ad2f84.jpg,1,0,0,0
_108_jpg.rf.1e355767bde139df3d55cf3dcc8a7c5a.jpg,1,0,0,0
2678954209_1_jpg.rf.2931ba208f49a66f80b0477affe2021f.jpg,1,0,0,1
3227_jpg.rf.c17b9b5308dff7e9b8369964b0d6b7f5.jpg,1,0,0,0
_120_jpg.rf.1fef8a1af17d0d992b5e0884594ca62d.jpg,0,0,1,1
istockphoto-1307899006-612x612_jpg.rf.0f95dc47f5117b6c39e243cda9d28a41.jpg,1,0,0,2
447_jpg.rf.96bc4e32302ae6477068f6eb72da28ce.jpg,1,0,0,0
photo_2023-04-06_09-09-29_jpg.rf.74511fa501f56bd2b0f088dbd0691d7b.jpg,1,0,1,0
_440_jpg.rf.563086a9f2c3ddef05a60dc1fb05bde3.jpg,0,0,1,1
closed_eye_2464-jpg_face_2_jpg.rf.351e328810d2b96a119f32e929a9a5f2.jpg,2,0,0,0
img_000497_jpg.rf.1e1ff2d28215431da464a66de436ba34.jpg,1,0,0,0
149_jpg.rf.8533d4ba3abf7a92151e8b7b7c4a4eee.jpg,1,2,0,0
526_jpg.rf.9f52c42f247123732f350798a92d5e96.jpg,2,1,0,0
754_jpg.rf.1943a90e4b91eda10632327eb5933dc1.jpg,1,2,0,0
630_jpg.rf.73038a2e8d49b3041603e2c2f9eaf23c.jpg,1,1,0,1
163_jpg.rf.20e536ea40df680cbb9358c8e2a1ab56.jpg,0,1,0,2
100040721_2_jpg.rf.17247b04210a6a1cada18dde3d7459d4.jpg,1,1,1,1
_713_jpg.rf.3529b0975819575dc41da61f92b653db.jpg,1,0,0,0
1334_jpg.rf.08ffd72a90469d175b0915b1129cb20d.jpg,1,0,0,0
795_jpg.rf.5ab7bb1a83bea446c817fded695131ee.jpg,1,1,0,0
_162_jpg.rf.e04185b2c3143e242940bb902adc539c.jpg,0,0,0,1
_106_jpg.rf.c043ad522b65fbcc5f4f6155b226907c.jpg,1,0,0,0
724_jpg.rf.f7b4e9b621ea714070c9d2ca52c4733d.jpg,0,1,2,2
closed_eye_2046-jpg_face_1_jpg.rf.44f8f85951e5c25e01a392c7e0b87bb3.jpg,2,0,0,0
img_k_10470_jpg.rf.8dd1afd7d13d92010e6b53de6f65369f.jpg,1,0,1,1
451_jpg.rf.c77217e38f4cc2bfecaa9bc6d205672d.jpg,3,0,0,0
652_jpg.rf.76d29c35c743834e20c8f022a5fbb0f4.jpg,2,1,0,0
closed_eye_2648-jpg_face_1_jpg.rf.38bd6ddffacfdfabaaba4c8ebcadef0d.jpg,2,0,0,0
436_jpg.rf.ea8bbb2a5baa0fdd8ec8cbbd614236eb.jpg,1,0,1,0
closed_eye_0441-jpg_face_1_jpg.rf.fa9f6973270f8351bbb5bc8f9509021d.jpg,2,0,0,0
1158_jpg.rf.ba068b187cfe8b22ffc8708cda268c80.jpg,1,0,0,0
1079_jpg.rf.a9631b292ec5d81fb9bb535651dc5f06.jpg,1,0,0,0
234_jpg.rf.eb3355afebba65f890575642e209f094.jpg,1,1,0,0
467_jpg.rf.190e1b52143f6f08c80d733e501228f0.jpg,1,0,0,0
_692_jpg.rf.a2b04572c0ebb7c262808cf1ccbcf6cf.jpg,0,0,0,1
_601_jpg.rf.c5279d89218238248596df71bb443d50.jpg,1,0,0,0
740_jpg.rf.28c15196a8a20b6d4fee598889f9bdd4.jpg,1,2,0,0
closed_eye_2698-jpg_face_1_jpg.rf.77e8787944b6867fc878a4e4e4e97b92.jpg,2,0,0,0
img_g_14640_jpg.rf.3b1b6ec164ea8b2899fe1170f6cdd567.jpg,0,1,0,1
412_jpg.rf.52cfb479651a24a80784a2e10ffed0a6.jpg,2,0,0,0
386_jpg.rf.04104c09aa63d737c2fcb908e66f073a.jpg,2,1,0,0
990_jpg.rf.79c0e3382e61b85ea556eb4641bf1633.jpg,1,0,0,0
_685_jpg.rf.2e6f6901e74fa9b8050733d37c7192fd.jpg,1,0,0,0
749_jpg.rf.14d3445106f9231e83179aaae205454c.jpg,1,1,0,0
closed_eye_2770-jpg_face_1_jpg.rf.57175e6711bc41107c058c9ac22e5f07.jpg,2,0,0,0
closed_eye_0091-jpg_face_1_jpg.rf.5a9942cba1f913c7647b23a9e3633309.jpg,0,2,0,1
17349955_1_jpg.rf.09ba310f00e4fb8c897d27150ec9698a.jpg,2,2,0,1
_450_jpg.rf.3f93ca8f2e662edc358eaf4dd544a1ff.jpg,1,0,0,0
57_jpg.rf.e2c18cdf0ba6bc917e12495ad1409fcc.jpg,0,1,0,2
512_jpg.rf.c37938688f144111f3814c277782e747.jpg,1,1,0,0
665_jpg.rf.3f04c6df0e53ca88c0b4095c9082ca75.jpg,1,1,0,1
WIN_20211018_22_23_26_Pro_jpg.rf.a24a505f91ebc668f7d3f30860ab863b.jpg,1,0,0,0
_348_jpg.rf.f4d5dcae6d9bd23ecaec82509c2b75ae.jpg,0,0,1,1
443_jpg.rf.e25665cc5726f607eccceae1c681a747.jpg,1,2,1,0
_460_jpg.rf.c2496352910ce20cec9fc94097295291.jpg,1,1,0,0
423_jpg.rf.4e7ef908cd963b0f7083f2f819e7f8a4.jpg,1,0,0,0
closed_eye_2708-jpg_face_1_jpg.rf.53a3b0a45aef4a593edde781d73b8c00.jpg,2,0,0,0
closed_eye_0833-jpg_face_1_jpg.rf.ec1279ee7e9b5567ffc2109ef352ae49.jpg,2,0,0,0
closed_eye_1501-jpg_face_1_jpg.rf.9f23c19ff90a0b15ff5cbd416b8f1c5d.jpg,2,0,0,0
image__10411_jpg.rf.4bb04ed860eb72b2213c0674644767a8.jpg,1,0,0,0
_626_jpg.rf.c6e5ae4d2b1a7503d48be2ecfabef0a6.jpg,0,0,0,1
108_jpg.rf.475137b2fdd4b8588801038ad2fbd334.jpg,2,1,0,0
20_jpg.rf.71a6ae9038298ea7d3881957b706b5aa.jpg,1,1,0,0
215_jpg.rf.8b9ed6f00ffe34ba432bf89fca7dce0b.jpg,1,0,0,0
_142_jpg.rf.314f14b1c93c0720926e0b18b2e99698.jpg,1,0,0,0
1078_jpg.rf.e33f2a62d5c5af9c0c3d16f33f98fe53.jpg,1,0,0,0
_700_jpg.rf.eb01984ca151e4d94b0c90bd8c4afc8d.jpg,1,0,0,0
s0012_07670_0_0_1_1_0_02_png_jpg.rf.c2d70a9170dd9efaae3673a3afdfe05d.jpg,1,0,0,0
_315_jpg.rf.da0ab9a578928344dbd56c6dbeec8275.jpg,1,0,0,0
Yimg_000131_jpg.rf.ce24a17260e3d760eae3f0fb2b7513b0.jpg,1,1,0,0
862_jpg.rf.592e3b61b4c5804a602f8e1085614750.jpg,1,0,0,0
52_jpg.rf.db9c34be6ac0a9cdf055e2b7f5d6a2cd.jpg,1,0,0,0
closed_eye_0903-jpg_face_1_jpg.rf.1e798706c86f860ad75262a08568b346.jpg,2,0,0,0
_658_jpg.rf.b25376e4b15c651b677815f5c0b39101.jpg,1,0,0,0
closed_eye_2389-jpg_face_1_jpg.rf.1857c099ed10b645df4a2f3396ae9569.jpg,2,0,0,0
3438_jpg.rf.da67c5c0bb5544989f24b3e824333068.jpg,1,0,0,0
_538_jpg.rf.609ea664e9a73fb042486de83f43f928.jpg,0,0,0,1
676_jpg.rf.dbf68166a5671c72ab98fe6da2147df0.jpg,1,2,0,0
262_jpg.rf.9d4daf4803c6da401c77feb6c0931690.jpg,1,0,0,0
istockphoto-1339663098-612x612_jpg.rf.f6c9a6cd1501cbc962143b57bc42c9f0.jpg,1,0,0,2
_206_jpg.rf.90a6465233abd37d7cd8c446964628ed.jpg,1,0,0,0
closed_eye_0411-jpg_face_1_jpg.rf.bfb0abe022957affb80dc9463505277f.jpg,2,0,0,0
_55_jpg.rf.ebfcebc90c6a7e918e2bdb5488d738e9.jpg,1,0,0,0
istockphoto-871972374-612x612_jpg.rf.2d611bcf8447941dccbb4c1371d7c9eb.jpg,1,1,0,2
_642_jpg.rf.21b0c6d822a2c92af4e402014535330a.jpg,0,0,0,1
_339_jpg.rf.9cac1ae71a3656b2a2ef29c8decb38f9.jpg,1,0,0,0
133_jpg.rf.bff44b9f065a0f26dc76953b5b5d8853.jpg,2,2,0,0
closed_eye_2804-jpg_face_1_jpg.rf.e7939de28a4443b4ed8974fe55e53e73.jpg,1,0,0,1
image_0163_jpg.rf.0df9fa7287358c816dd53fe8ea448e1b.jpg,0,0,0,2
424_jpg.rf.be0c510fa4a7bcd9786ce2ee3835f8ca.jpg,1,1,0,0
182_jpg.rf.03faaee3bdfeb41cc5d02a6127133572.jpg,1,0,0,0
716_jpg.rf.f37029b3bf307840bcdaf36ce6d52c67.jpg,0,1,0,2
311_jpg.rf.117b514f19bbcf2aa0b42be1b6263b43.jpg,1,0,0,0
638_jpg.rf.1e360aa5674db2e22cfda57ff98099b2.jpg,1,1,0,0
000244_jpg.rf.fa6e530f55c024f45bd99c60fee37c2e.jpg,2,1,0,0
_218_jpg.rf.56f2570b93a38fa3cd9060a1a729ad3a.jpg,1,0,0,0
s0014_06977_0_0_1_2_1_02_png_jpg.rf.42e674a65aa8282bc76acbd2ac1974ab.jpg,1,0,0,0
closed_eye_0060-jpg_face_1_jpg.rf.2ca4207af9dabe985ae77bf997edb6ae.jpg,2,0,0,0
_438_jpg.rf.c2ebc44aee61beefaa76052d47920ce0.jpg,0,0,1,1
_469_jpg.rf.2b4e962fee42280ebe0f2811fb006283.jpg,0,0,0,1
671_jpg.rf.f48244c4c9e3180dac64944921834620.jpg,1,1,0,1
_397_jpg.rf.43fb4a7d0716e296a39abd733549c822.jpg,0,0,1,1
_80_jpg.rf.453852ff8cfa5834fabb6893058f36f8.jpg,1,0,1,0
186_jpg.rf.c03a26aeeac1da958b478519f89b8e54.jpg,1,1,0,0
_41_jpg.rf.2614a1204cf9c39e392c70f407cf0c88.jpg,1,0,0,0
img_h_1620_jpg.rf.3160438490b546747ecf16115cf8f3b3.jpg,1,0,0,1
312_jpg.rf.5f5cb6bafd80676d1b990ea009dc729d.jpg,1,1,0,1
closed_eye_2472-jpg_face_1_jpg.rf.a70228b64aaa7bb04dbdd668be449f81.jpg,2,0,0,0
s0019_06012_0_0_1_0_0_01_png_jpg.rf.3fc2b50b42c80a384bd09146c501bf68.jpg,1,0,0,0
514_jpg.rf.41f27d56baa0c01d1a6b2e1c59c6aab2.jpg,2,1,0,0
55_jpg.rf.17ae07299cd5c951e7451f4e7bbc352e.jpg,1,0,0,0
288_jpg.rf.d33a28a98e47f51ed7e7b4bd5588bf8b.jpg,2,1,0,0
_84_jpg.rf.684149dfe28f7c440f0dc38748940ca6.jpg,1,0,0,0
3214_jpg.rf.88ea3a2df2e0813c76d20db53017a9e6.jpg,1,0,0,0
closed_eye_1955-jpg_face_1_jpg.rf.4ce75b021671722c25fa4954ac93bb86.jpg,2,0,0,0
130927718_1_jpg.rf.c29917251a53e75756fe255e90fd72e8.jpg,1,1,0,0
382_jpg.rf.0fcf31d52a1a529607aa44b00acc0886.jpg,1,0,0,0
_72_jpg.rf.d08dff5573603ff7611aa2c9ae196c29.jpg,1,0,0,0
_685_jpg.rf.d9790aecd9796c533f19f1d7bbc32c65.jpg,1,0,0,0
129_jpg.rf.0d4f62b74cf3c5ee3ed48be2e0c35278.jpg,1,1,0,0
_555_jpg.rf.566f76caf8dc9995317ef125e5a79a9a.jpg,1,0,0,0
_261_jpg.rf.bc0c80b4f032a9bd853f8c4ebf318719.jpg,1,0,0,0
closed_eye_1395-BMP_face_1_jpg.rf.925144e557520f3842484d3510682fec.jpg,2,0,0,0
_710_jpg.rf.447fbb2174c61072bcf5c10612e5892a.jpg,1,0,0,0
_190_jpg.rf.4ee373f3c4378ddf442e4990f51a06cc.jpg,1,0,0,0
1175_jpg.rf.517f5ef92e1fa687a277f387be19c832.jpg,1,1,0,0
_188_jpg.rf.e83afe67e861750289610489051ad12e.jpg,1,0,0,0
424_jpg.rf.53d8692b0b2afadc42c5250ffa20c4ac.jpg,1,0,1,0
_684_jpg.rf.1047fc4b2941108dfbe8c12c1cbf71e2.jpg,1,0,0,0
_422_jpg.rf.575b8f58ec7459bc9eb6e263dbfade5f.jpg,1,0,0,0
_287_jpg.rf.89fba8bc415241df3de11cb7a4090a6b.jpg,1,0,0,0
268_jpg.rf.35d414c2da9f97253cd2546930d35f90.jpg,1,0,0,0
closed_eye_0341-jpg_face_2_jpg.rf.613a27ecdf76c02016e3f17a8751988c.jpg,0,0,0,2
_579_jpg.rf.4770990dd3811b779775354fedde36ab.jpg,1,0,0,0
59_jpg.rf.7d7f07751efedc46d3001e8a2cd19042.jpg,3,0,0,0
464_jpg.rf.3fa8a4b04a7348cf7154c89804481244.jpg,1,0,0,0
_329_jpg.rf.dabd98d3d692278e5f1f0a2a931b092c.jpg,1,0,0,0
129_jpg.rf.a38988e95824da12055b9e1305558384.jpg,1,2,0,0
187_jpg.rf.35fbf2d3676036922ebc463476ee65ca.jpg,2,2,0,0
_662_jpg.rf.db34a9d21f3da2aad58b9dabaad37713.jpg,0,0,0,1
_361_jpg.rf.7cce96d41ae5dfec287f5cd85a5cffaf.jpg,0,0,0,1
142_jpg.rf.8c13d52891fdac305c2fd6c27ab0befd.jpg,1,0,0,0
_324_jpg.rf.325f732bf5843fb9114123437c7698b6.jpg,1,0,0,0
657_jpg.rf.b4b4656824ae5ba97f68fb9871a48106.jpg,3,0,0,0
_82_jpg.rf.07fa2595ce30d5b1bd4eca5a7edc0b9f.jpg,1,0,0,0
45_jpg.rf.7ab221c973e829edcf6090cc02e66404.jpg,0,1,1,2
510_jpg.rf.c555a527d83aceeddcef392be5fcc824.jpg,1,1,0,0
closed_eye_2303-jpg_face_2_jpg.rf.5b8f3698ec086887322b1cf139c1d5f8.jpg,2,0,0,0
490_jpg.rf.761fe106e4b683628b0ef95b6c30002f.jpg,1,0,0,0
_396_jpg.rf.516a175d048ecc4483d1aa4339345087.jpg,1,0,0,0
199_jpg.rf.b61ac1cc166460d8ddee65202a073514.jpg,0,0,0,1
closed_eye_2191-jpg_face_1_jpg.rf.780667df92c5ab08f4054da3dc7e6484.jpg,2,0,0,0
img_000460_jpg.rf.87584d5850e1adeb271825285dc021ae.jpg,1,1,0,0
s0019_00120_0_0_0_0_0_01_png.rf.d31d3c3069c34613cf85ddc9b622b9db.jpg,1,0,0,0
Yimg_000198_jpg.rf.94e997511f00faf9d820bfc70075f58c.jpg,1,1,0,0
425_jpg.rf.e4f9006279228fc9dbcfa72b82ddf9b5.jpg,1,1,0,0
_630_jpg.rf.73bd46aea8140240309c35aff783ef42.jpg,1,0,0,0
1122_jpg.rf.0b91fb3b6db3a74ced987589f45443cc.jpg,1,0,0,0
_418_jpg.rf.d6d52c92fd9f2ffec788056418dd16a3.jpg,1,0,0,0
closed_eye_2406-jpg_face_1_jpg.rf.7cf34f24adf495fd83c66b9f59dcbd1e.jpg,1,0,0,1
132_jpg.rf.f4a92d34d36cf9d2c63e8f9e5bf9e90b.jpg,2,1,0,0
982_jpg.rf.032675f59a66291ac1d7ddf279c63504.jpg,1,2,0,0
33_jpg.rf.f0f1c63f21a30b6228f4d8987711a0c9.jpg,1,0,1,2
145_jpg.rf.cdaf42e2ad6a1d82c2d27c36fa0e5512.jpg,2,1,0,0
_719_jpg.rf.39077b6ba37cd34fd88ef05181d5a34b.jpg,1,0,0,0
Yimg_000144_jpg.rf.e802fe9a42082d416b6d9e6c8e1a0a66.jpg,1,0,0,0
s0017_00186_1_0_0_0_1_01_png.rf.2383d52fc19ab0e7438e983903f0dd4d.jpg,1,0,0,0
_344_jpg.rf.2537ec51db6db2d93327feebbb358b76.jpg,1,0,0,0
closed_eye_2617-jpg_face_2_jpg.rf.f8604032712fcff34e3b1c9de30d31fa.jpg,1,0,1,1
398_jpg.rf.b048443cf016a5b0620d728f95e8cc3a.jpg,2,1,0,0
495_jpg.rf.a0654d3145326f6871c3254e7e9cdfc5.jpg,1,1,0,0
_589_jpg.rf.c1dd475fe30e116c5f51c126c56ab2a7.jpg,1,0,0,0
591_jpg.rf.440f1bd169981619dbb1a9cd043603b2.jpg,1,1,0,1
616_jpg.rf.ad70594b3dce91ff3018876598efe58f.jpg,1,2,0,0
_700_jpg.rf.1c438037e2b26269a6cf982c0da1af92.jpg,0,0,0,1
closed_eye_2715-jpg_face_1_jpg.rf.c56a34f809f971a5bef3f711fe091cbf.jpg,2,0,0,0
closed_eye_0833-jpg_face_1_jpg.rf.a740c5f8ab1f5fbdf152a8b2c36f0efc.jpg,2,0,0,0
357_jpg.rf.d7f765897af76201809d9fd158a5a599.jpg,1,0,0,0
1195_jpg.rf.d4581b18b0a4d4dcc471c17683c4dc4b.jpg,1,2,0,0
144_jpg.rf.b4badda791f2214c9c877a9fa979f3c0.jpg,1,0,0,0
477_jpg.rf.5306e582d4f541266f4749bdca4aa2ab.jpg,1,0,0,0
366_jpg.rf.51d911266de0ac7379d8fcfe66fc59ce.jpg,2,0,1,1
1368_jpg.rf.852097ab8974b21ee65eb38be9756f4e.jpg,2,1,0,0
s0016_01388_1_0_0_1_1_01_png.rf.b0137abbb03e04df97e0fe86361d10ad.jpg,1,0,0,0
img_000571_jpg.rf.289b7db106e20b2cef89eface57711ce.jpg,1,2,0,0
000001_jpg.rf.1ebaf589306e69967f1640ae414e577f.jpg,1,0,0,0
_88_jpg.rf.72f774f428912083ece089b8ab90ddd6.jpg,1,0,0,0
2157_jpg.rf.6b61c91d44c593472573c747c637c080.jpg,2,1,0,0
closed_eye_1668-jpg_face_1_jpg.rf.c21d9fd99ce64952d6b3d9ed7c0c3272.jpg,2,0,0,0
_717_jpg.rf.5422f259eb3e315fa33cbb21655c43db.jpg,1,0,0,0
_147_jpg.rf.0f177dd84774aa0b14bb63cdb6f37824.jpg,1,0,0,0
closed_eye_0344-jpg_face_2_jpg.rf.954e7e751c5b2f4917433d2a78665efc.jpg,2,0,0,0
_526_jpg.rf.cd2c51bba72c69a5f20109311beb144b.jpg,1,0,0,0
433_jpg.rf.19036b0a900d03bf5ff381eaee28d5fa.jpg,1,0,1,0
closed_eye_0250-jpg_face_2_jpg.rf.71e9986f743b04eb304b99b3612c6e36.jpg,1,0,0,0
closed_eye_2500-jpg_face_1_jpg.rf.3577927df92d03ec7a85e5e9bf6df2e2.jpg,1,1,0,0
_210_jpg.rf.2d839332a876c61af56020f6c22db62f.jpg,1,0,0,0
asleep_full_img_614_-100000000000000000000000011000-_jpg.rf.226e3c6e92f4aa39cf01c12a9febaa99.jpg,1,0,0,2
2109_jpg.rf.63e690627d0141f4c20ae617b78dd060.jpg,2,1,0,0
image_60-2-_jpg.rf.102126cdd2ced35a330e8e60eed1e188.jpg,1,0,0,1
_509_jpg.rf.c8e91ce47c07866499b413f44a38f22b.jpg,1,0,0,0
_442_jpg.rf.37f9a9d4e70dd3840672043910741c5e.jpg,1,0,0,0
11_jpg.rf.f45e34235e7159e3565ca8f2b29e4ee4.jpg,1,1,0,0
s0016_00401_1_0_0_0_1_01_png.rf.9373c3283391e0950e206959a23ade5d.jpg,1,0,0,0
closed_eye_2488-jpg_face_1_jpg.rf.fd2cad4d8c454e4ee7e630e80379fcc6.jpg,2,0,0,0
2702954419_1_jpg.rf.5ea6ce9b32cc111761521e7d49ed5948.jpg,2,0,0,0
124_jpg.rf.e68d0839476d3f0154c3c6f3ed4871d0.jpg,2,1,0,0
1243_jpg.rf.560de6782f037aedb124869dc4e9e099.jpg,1,2,0,0
_384_jpg.rf.728b32182b9bac9db3fd74a88c51e388.jpg,0,0,1,1
549_jpg.rf.8f168840f0d5d7db0d4a674f23cb09f6.jpg,0,1,1,2
_192_jpg.rf.7d8dc8eeb17851bee830a86b55046a02.jpg,1,0,0,0
_118_jpg.rf.0454f4a510417d70a43b2b9faa3e001e.jpg,1,0,0,0
_19_jpg.rf.8b5d65e8be35daa14758611b6f24cc6a.jpg,1,0,0,0
575_jpg.rf.646cdabd7a3a6cb15b71ab8daa7f1479.jpg,0,1,0,2
92_jpg.rf.ac6b130365e87981808928974745d568.jpg,1,1,1,1
644_jpg.rf.24acdbc663e8ace0d2878f246b57ef90.jpg,2,1,0,0
1440_jpg.rf.bd63e18146f8e7735cfc599aee8b231a.jpg,1,0,0,0
Yimg_000030_jpg.rf.9b3a79f9d792a1d995659c877a6715c5.jpg,1,0,0,0
_582_jpg.rf.21efc712419c2c2d00a5baaa76239302.jpg,1,0,0,0
_477_jpg.rf.2b26c68d189b945a6c147c2ef545a3e6.jpg,1,0,0,0
1778_jpg.rf.81931b9962132898cd288c0128c26c36.jpg,2,0,0,0
600_jpg.rf.bc922c80429e9b319d8ee3ef7e821d2a.jpg,1,1,0,0
3233_jpg.rf.40bd00d33188c740a11a5c28e12c3733.jpg,1,0,0,0
istockphoto-1221636565-612x612_jpg.rf.1b398416b728b9321473c75fc9eea9f6.jpg,1,0,0,1
closed_eye_0198-jpg_face_1_jpg.rf.3da15c9356e6a79fe8623390ddd553f9.jpg,2,0,0,0
img_000583_jpg.rf.758ec4029261c5e458c800787318de7c.jpg,1,0,0,0
791_jpg.rf.4aef02a88a7d1115f830ed68d557783d.jpg,1,0,0,0
_382_jpg.rf.95ce46c384d232971633649af7740ec6.jpg,0,0,0,1
WIN_20220809_14_39_56_Pro-3-_jpg.rf.3da51d498e291fea1053f788024805ed.jpg,1,0,0,1
000143_jpg.rf.ff134e45caeb54231e3cef009edbf8d3.jpg,2,0,0,0
images-42-_jpg.rf.01c17e6658ac132bcb843087e21b996e.jpg,2,0,0,0
_350_jpg.rf.c33c8b2b109716848535122283c50707.jpg,1,0,0,0
191895648_1_jpg.rf.4164f1ae9e4eee46adadb66053b63844.jpg,2,0,0,0
231_jpg.rf.8afdb580d82e8fffb8ffb5567362e6b2.jpg,1,0,1,0
PIXECT-20220526010615_jpg.rf.b1aca6d0334766ede0f85eda92f3bf08.jpg,1,0,0,1
Yimg_000221_jpg.rf.4ebedb74efadac2dd168ef26ac9304f6.jpg,1,0,0,0
_4_jpg.rf.e708263b8be22f0a910bbdcd18d82006.jpg,1,0,0,0
639_jpg.rf.d99026d8cfd99bdb01fca7e66b9ecfca.jpg,1,0,0,2
487_jpg.rf.c0e500c6ff0a6da82847c847cc5020e4.jpg,1,1,1,1
168_jpg.rf.31f309251c345ae9503c05ee5c6682c4.jpg,1,2,0,0
105_jpg.rf.19ce1e2705b56091df41a9ba10e2b994.jpg,2,1,0,0
_629_jpg.rf.61ec6a9bcaab67f26253d8bf5460c2c0.jpg,1,0,0,0
_296_jpg.rf.972939e8436d47b010d7dce51e58ef16.jpg,1,0,0,0
closed_eye_2758-jpg_face_1_jpg.rf.3aa7ea0313b21495e930997f6b674748.jpg,0,0,1,2
_118_jpg.rf.6332a684bb69ee45faaa98fde05db425.jpg,1,0,0,0
_442_jpg.rf.5bc59826eaf0d39e8d56353a8b2b075c.jpg,1,1,0,0
242_jpg.rf.806e6ba095553115bc14e93fa30aead5.jpg,1,2,0,0
closed_eye_0162-jpg_face_1_jpg.rf.cee98dcb9cbd167b1f188a364c8371b7.jpg,2,0,0,0
345_jpg.rf.bc32e34156f9c4306b1a44322c1cf25c.jpg,1,2,0,0
Yimg_000165_jpg.rf.001eb330996686c226394374af8190a0.jpg,1,0,0,0
_234_jpg.rf.4df8e6020f601209dd8f352bec96e999.jpg,1,0,0,0
_325_jpg.rf.1b38abfbbc905e944bf69cf14fbd1666.jpg,1,0,0,0
213_jpg.rf.44b24888ba9227e4228fa62ab4c98589.jpg,1,2,0,0
Yimg_000062_jpg.rf.981fe3ccbc058fa867a4d2b807495d72.jpg,1,1,0,0
1269_jpg.rf.477228a29602b54327d1e3d008ed2850.jpg,1,0,0,1
s0016_00396_1_0_0_0_1_01_png.rf.115a4862b2124bc3211a7322dccddf72.jpg,1,0,0,0
_500_jpg.rf.4fb993cd4a33ad45fe3047e5da0a3b74.jpg,1,0,0,0
000511_jpg.rf.334579eaaef6d9d74797a5df6758ffa8.jpg,1,0,1,1
2665784919_1_jpg.rf.9fd46486623b8da7b65195aa0fe191b6.jpg,2,0,0,0
14_jpg.rf.4e574d766f2c084bc1590c23cbb9a725.jpg,1,2,0,0
Yimg_000037_jpg.rf.f585b3814552fc5ad10b9b38458501f1.jpg,1,0,0,0
3525_jpg.rf.bd4535792a3edda4e5189f7ebd63caf9.jpg,1,0,0,0
_86_jpg.rf.dce74a472a323bfab960b2f431775000.jpg,0,0,1,1
Yimg_000246_jpg.rf.af19311821884b7d52e81ec37e3d2d56.jpg,1,1,0,0
closed_eye_0827-jpg_face_1_jpg.rf.d77753d6bee7a32dc8bca893ed19db39.jpg,2,0,0,0
766_jpg.rf.763c4b65094afd79495c243a5c3aef7f.jpg,1,2,0,0
closed_eye_0805-jpg_face_3_jpg.rf.55757e2604863a7df55358a300386423.jpg,2,0,0,0
istockphoto-1132777712-612x612_jpg.rf.7251df0b29fc0dc1c2338dc3dfeea430.jpg,1,0,0,2
s0016_00372_1_0_0_0_1_01_png.rf.131c2c1c60d31fedc381f0ea971997dc.jpg,1,0,0,0
783_jpg.rf.99bff1dde54c93427c1a662bedb4edf4.jpg,1,1,0,0
231_jpg.rf.bdad56f144d9f724f4338fa52b3804d2.jpg,1,0,0,0
closed_eye_2472-jpg_face_1_jpg.rf.7e874cd2293e7ef0b448aeb0cdf32cca.jpg,2,0,0,0
65_jpg.rf.bfa004046fb595a217244d70fa25371f.jpg,1,1,0,1
closed_eye_1011-jpg_face_1_jpg.rf.6c16c8e427e1e830baa7f66f9a921b1f.jpg,1,0,0,1
632_jpg.rf.b909e9e4e287a9cf06507c9838027911.jpg,1,0,0,0
_168_jpg.rf.19379705b400988823a81c31a98d4017.jpg,1,0,0,0
_260_jpg.rf.a48108d0dc907cdadac748df5842de06.jpg,1,0,0,0
s0016_00416_1_0_0_0_1_01_png.rf.e0a22a21bb65111936ff4908755d8f82.jpg,0,0,1,1
69_jpg.rf.69b3bb78e374491073777f64a9df89e4.jpg,2,1,0,0
000246_jpg.rf.2457de91056bbcd581a3b60149de2b23.jpg,1,0,0,1
_686_jpg.rf.20c143ed2a0a3845fb87be618ddb075b.jpg,1,0,0,0
3229_jpg.rf.286d04286975984f2a3496ac64264a79.jpg,1,0,0,0
istockphoto-187567151-612x612_jpg.rf.52899719f42f727390b3091853286d72.jpg,1,0,0,2
_710_jpg.rf.a620609353d8c8b974cc259f8d7a8953.jpg,1,0,0,0
closed_eye_0032-jpg_face_1_jpg.rf.9d9d3d8409bf979bb61fd4a88f169834.jpg,2,0,0,0
3712_jpg.rf.65ab4a58f74cc426222c6c830faa0b3f.jpg,1,0,0,0
511_jpg.rf.ad72f46631052e24f236c903be0b22ac.jpg,0,1,0,1
425_jpg.rf.5de9e5e917d01de6fbc35c2c66edf0ef.jpg,1,1,1,0
463_jpg.rf.bb8b76345550365d7ea3de8474234a3b.jpg,2,0,1,1
_712_jpg.rf.0e36dfb50110fb846e736ed4f1beb598.jpg,1,0,0,0
closed_eye_2035-jpg_face_1_jpg.rf.997e42d5d2aeee966a7e746e8f40b79c.jpg,1,1,0,1
1113_jpg.rf.2370ae12ff23f772c04fd3f469f40c48.jpg,1,0,0,0
389_jpg.rf.d1b6ef86b4b33cdaf1e616fd87f3439d.jpg,2,1,0,0
1328_jpg.rf.ded7a68d801c60c460ab93566fd9adce.jpg,1,0,0,0
WIN_20220810_18_09_30_Pro_jpg.rf.47fafcca67eacbf7f5c578a8758b7da3.jpg,0,0,0,1
_693_jpg.rf.fe972525ad88f9e110f0c7f283fedbc1.jpg,1,0,0,0
_171_jpg.rf.dd5f0dcb2d24efa845f2092e58b2d400.jpg,0,0,1,1
webcam-toy-photo19_jpg.rf.2dd4dfc2f800608d46b2e2f3a2e2a266.jpg,2,0,0,0
WIN_20211018_22_23_24_Pro-2-_jpg.rf.37ff6a81152e5d3cdb9dcbaeed005c26.jpg,1,0,0,0
closed_eye_2149-jpg_face_1_jpg.rf.e4f22cf9027b151741accafd93ceb8cf.jpg,1,0,1,1
1728_jpg.rf.c59f60fa3a2c71d9d4f57d432b400f70.jpg,1,0,0,0
65_jpg.rf.99f7b0942795f4fc858df33d06f5802b.jpg,1,2,0,0
1323_jpg.rf.0cfc9c0ecc0130b5ef1ebe18a26e89b2.jpg,1,0,0,0
_147_jpg.rf.6ee401624eeefc2146db25a14ab66644.jpg,1,0,0,0
1128_jpg.rf.00a3b3b021b875725f12083e5e72b6e4.jpg,2,1,0,0
closed_eye_1484-jpg_face_1_jpg.rf.b350fff3963b65d1866b3fbd6e732c0d.jpg,1,0,0,1
409_jpg.rf.50c9fc988620bd7f94c165bbdd29067a.jpg,2,1,0,0
istockphoto-1292299013-612x612_jpg.rf.0b968f4d418235709c2ff133675300c0.jpg,1,0,1,1
1345_jpg.rf.05af6a4663abfc5a45a574524f35c6b7.jpg,1,0,0,0
s0012_04649_0_0_1_0_1_03_png_jpg.rf.a394f4888fe221b0ebb755bf4e96bbc8.jpg,1,0,0,0
_183_jpg.rf.5d6d3613964ac3f4ed686d0e54b24e45.jpg,1,0,0,0
s0016_01346_1_0_0_0_1_01_png.rf.cd52ba1a7c6af6c8013aa407dfdc6fb2.jpg,1,0,0,0
istockphoto-1150384557-612x612_jpg.rf.e8d7056268f80cdc8c4e54203584eb13.jpg,1,0,0,2
_620_jpg.rf.c440fb30190cb0b2e42dd49ca61d72fd.jpg,1,0,0,0
1144_jpg.rf.a509bcc8f798cb05051bea92ef794263.jpg,1,0,0,0
725_jpg.rf.5a2848fd5080afc81ae1d6c704740fbe.jpg,2,0,0,0
465_jpg.rf.5f3cef8c85dcc90959f7cf1ae8faf920.jpg,1,2,0,0
1862_jpg.rf.be406742eaf23902f63a3c4b5d15da6d.jpg,2,0,0,0
images-11-_jpg.rf.ef88e7ed283b1bdeed29a5876d86b2a9.jpg,2,0,0,0
s0019_00155_0_0_0_0_1_01_png.rf.b74095489e3f984868dd843481c6fe37.jpg,0,0,0,1
_376_jpg.rf.512a683e66ca8f75aea736737102df3b.jpg,0,0,1,1
image__11310_jpg.rf.a1d5cdf178e1395a5109cbe2565767be.jpg,2,0,0,0
712_jpg.rf.3ce501881c94ed4e731a9a33f5870c56.jpg,1,2,0,0
yawn-df508e2e-3042-11ec-b0ac-302432df5bc8_jpg.rf.63845a2408e59c175bf725bbfe5e92b3.jpg,1,0,0,0
310_jpg.rf.3ec0ca38e00df5f8ed4f98cec0f88ab1.jpg,1,1,0,0
553_jpg.rf.742f4f2eaa8bac7269239c7c85b73b8c.jpg,2,1,0,0
closed_eye_2847-jpg_face_2_jpg.rf.213be6f992c0dc08175822457b2d7dcb.jpg,2,0,0,0
closed_eye_2747-BMP_face_1_jpg.rf.5c6daf1514382279f30ded2af9be0910.jpg,2,0,0,0
341_jpg.rf.df73de4e950f613f9690cc7dec0972c9.jpg,0,1,0,1
647_jpg.rf.646ceea8d103dac718949cbfa462c575.jpg,1,0,0,0
660_jpg.rf.5d29135118f5de6a3b32ff404d1e628d.jpg,3,0,0,0
_5_jpg.rf.4ccaff3ab21e75800fde9285fe16ccfb.jpg,1,0,0,0
Yimg_000185_jpg.rf.ce57fc15a07d52df8733e691ebfbec34.jpg,1,1,0,0
_601_jpg.rf.12273edd4a41e74d0e8622bf89897dac.jpg,1,0,0,0
543_jpg.rf.b2ee879c7a234d539674e1ae1ae698a5.jpg,1,1,0,1
yawn-8c4f0a18-3044-11ec-bc23-302432df5bc8_jpg.rf.195db8464cbcc2740a3300127c79143b.jpg,1,0,0,0
closed_eye_0957-JPG_face_1_jpg.rf.053e8447130648387ce0834fab8b9ded.jpg,2,0,0,0
_605_jpg.rf.2cf13676b50d00bae9ef106822720023.jpg,1,0,0,0
Yimg_000190_jpg.rf.2c574ee1a0ea75298b39cc12b69d71c2.jpg,1,0,0,0
313_jpg.rf.c52fd097bddd9ce5b0fd68418cd82bc0.jpg,2,1,0,0
_665_jpg.rf.f5f730dd600df0de1cecb869d2efc951.jpg,1,0,0,0
closed_eye_2746-BMP_face_2_jpg.rf.b5d6cc161d7e20947a6a680759a53ad3.jpg,2,1,0,0
1655_jpg.rf.3293e1014d0d1575b92d3c9a49b7866b.jpg,1,0,0,0
1766_jpg.rf.a7901cf046428cbab6e04866c317cbec.jpg,2,0,0,0
closed_eye_1865-jpg_face_3_jpg.rf.46a015e7b9fb2d1f93c328e715f8f88d.jpg,1,1,1,1
closed_eye_2033-jpg_face_1_jpg.rf.48e4b30e96fbdfb3f437bc7f2c6d9410.jpg,2,0,0,0
591_jpg.rf.5cf2e2ab98f4e83fa9e4c2bb52b9e5eb.jpg,2,1,0,0
3213_jpg.rf.61df348701c6176146d83c2ca185262c.jpg,1,0,0,0
3214_jpg.rf.f6a722552f78b9c73d5218a61b9a8b34.jpg,1,0,0,0
_215_jpg.rf.f849cd2eb1416f4df59fde82793b5285.jpg,0,0,0,1
24_jpg.rf.f8c1546d0840b5d440ebd4e738404b92.jpg,1,1,0,0
1089_jpg.rf.ddb65f043e79ea94cdaf97b737086f0c.jpg,1,0,0,0
288094234_1_jpg.rf.f38380edb3c5cde947d52f88bdcde1a9.jpg,2,0,0,0
closed_eye_0344-jpg_face_2_jpg.rf.d1b7606f9c51cfa09a30d37f9999100a.jpg,1,0,0,1
255_jpg.rf.bbe7d8ca8be2f9211198a3f33e23a0f4.jpg,0,0,1,1
366_jpg.rf.baff8c66b423607113ca173739374f55.jpg,1,0,0,0
633_jpg.rf.6d7bb3f1f1990d2a47b89028f1add5af.jpg,0,1,0,2
Yimg_000039_jpg.rf.c98219e1cef7fe617e1b5f85ba4b443d.jpg,1,1,1,0
355_jpg.rf.f143a54c61e5eb4ed7385837ef57eb46.jpg,1,0,0,0
_631_jpg.rf.729235f05b1e8c4ac71f5ddf8c6f82cd.jpg,1,0,0,0
497_jpg.rf.ce118d5918df99c32770f242ea868e8e.jpg,3,0,0,0
closed_eye_2531-jpg_face_1_jpg.rf.0b0407f1c52bee3cfa9a8ecfdddc23b9.jpg,2,0,0,0
_651_jpg.rf.244a8bc3ba39d717f6644a21b957662b.jpg,1,0,0,0
_639_jpg.rf.92d7d63607cd356ba8db94a35720c3ea.jpg,1,0,0,0
closed_eye_2544-BMP_face_1_jpg.rf.97fb9c97e423e0cdbf6583fd2bc04560.jpg,2,0,0,0
_159_jpg.rf.c5db5a8f410e6479b1a475b7e9d688c6.jpg,0,0,1,1
image__12499_jpg.rf.92994b33f6f8751eeede2d7659856d15.jpg,2,0,0,0
280_jpg.rf.0afa121da4fac2a4a8ea711d0a7dc390.jpg,1,0,0,0
926_jpg.rf.e5f4ce10564a0ad7bb170218338973e2.jpg,1,0,0,0
_560_jpg.rf.81b0d8637551b73a45838c9f693d3618.jpg,1,0,0,0
img_000435_jpg.rf.f907636e713b1735de3e318d1ae4fbb0.jpg,1,0,0,0
_60_jpg.rf.946610e75c3194598f2d1351fb8cbc38.jpg,0,0,0,1
382_jpg.rf.5db990725dfa8cc8b052cce05a1e2781.jpg,1,1,0,0
closed_eye_0151-jpg_face_1_jpg.rf.2210e72ebb33c0afad46acbcf647390d.jpg,0,2,0,1
185_jpg.rf.32f9ec6c1c6aa4c941411394faa1adab.jpg,2,1,0,0
_280_jpg.rf.b2091310824175ad305ff7ed0411c72b.jpg,0,0,0,1
_84_jpg.rf.b8b821eb0103469c994b5d27b5bf6d54.jpg,0,0,0,1
556_jpg.rf.e24d1316df09f9667c64990e90dd648b.jpg,2,1,0,0
46_jpg.rf.29590ee6d4b0afd15d79323098b97914.jpg,1,2,0,0
_362_jpg.rf.edd34625593e4a2fa6ced525788ff821.jpg,0,0,0,1
WIN_20211018_21_12_44_Pro_jpg.rf.565588c64192e9ba2a9d924afada0374.jpg,1,0,1,0
Yimg_000075_jpg.rf.cac98f3f53d2fc2cc6e134f93414ab4f.jpg,1,0,0,0
830_jpg.rf.927a6c61374f83adc53ca8fcd3d22dec.jpg,2,1,0,0
292_jpg.rf.2db3de175931767d56e78451bce09727.jpg,1,0,0,0
s0016_00401_1_0_0_0_1_01_png.rf.678d4f42c886a162c0ef176b41127731.jpg,1,0,0,0
712_jpg.rf.616f45a0c1ad9aa6d9dda02fad298835.jpg,1,2,0,0
184_jpg.rf.acac2aba35c905ae109dc3b2ea86cd1e.jpg,1,2,0,0
2708694408_3_jpg.rf.7e9db9114591958f2904fa3793c924b9.jpg,1,0,1,1
111_jpg.rf.55065774f7a4f9f8d029c21663170788.jpg,1,0,0,0
_621_jpg.rf.8f5753e207f1b42d9cbefe562ebbb160.jpg,1,0,0,0
image_0255_jpg.rf.8b7de5d969b502ed41b293342d8186c3.jpg,2,0,0,0
_508_jpg.rf.14ba18e69e88578ed06ea361428c28d7.jpg,1,0,0,0
506_jpg.rf.7774c9b0065223843b9a85cdb494bac6.jpg,1,0,0,0
closed_eye_2737-jpg_face_1_jpg.rf.b58a7793acb916ee0609890744ac4280.jpg,2,0,0,0
_679_jpg.rf.6a958018c6c9f82095faca8ddac83b5a.jpg,1,0,0,0
183_jpg.rf.391d5bba00948a8e6952152baefaa521.jpg,1,0,0,0
_170_jpg.rf.e3ff1cb7b815a1517a5f5420e61225cd.jpg,1,0,0,0
2403_jpg.rf.6f20deed50f1c4de8051ef4edb1f4e2d.jpg,0,0,0,2
OIG-NBXiMM5__jpg.rf.0308e370d18b74626b8e4f616534693c.jpg,2,0,0,0
3198_jpg.rf.f803fffa37234a3f4c59995acf9111c4.jpg,1,0,0,0
s0016_01343_1_0_0_0_1_01_png.rf.eab277e5323ccb571dc9713b0f9f2978.jpg,1,0,0,0
closed_eye_2247-jpg_face_1_jpg.rf.c83e4aabe39c734123def37fd48a912d.jpg,2,0,0,0
277_jpg.rf.2172cfd801f775c11f2b12103b92202e.jpg,2,1,0,0
273_jpg.rf.4fc0e89c8707eccc2d83302aaef3da6e.jpg,1,0,0,0
OIG-11-_jpg.rf.f89085857b6a023a2b970e916400a5a0.jpg,2,0,0,0
closed_eye_2597-jpg_face_1_jpg.rf.e0ec9829fb6f493a5f3df8fe95ab3768.jpg,2,1,0,0
1320_jpg.rf.a6ba9a71998af5c8948c9bc47dfe89f9.jpg,1,0,0,0
closed_eye_0710-jpg_face_1_jpg.rf.25e9a0a8dab03a571063c045c63994ad.jpg,2,0,0,0
222_jpg.rf.3237816858aaed8037ae5347a922ac1d.jpg,2,1,0,0
istockphoto-1144399737-612x612_jpg.rf.ebf8d7350d7e53f5116964d11d44b6f0.jpg,3,0,0,0
closed_eye_2339-jpg_face_1_jpg.rf.4a374e3ad397de738659fd42a3a374d3.jpg,0,0,0,2
istockphoto-1139867016-612x612_jpg.rf.0f5a6105e09ab932af6636ba48f1d00a.jpg,1,1,0,0
72_jpg.rf.496c4fbe92eb2ac04b9e52fe83d75a66.jpg,2,0,0,0
img_000420_jpg.rf.ef405a249a84ac7a61b302cb4ccc2ec7.jpg,1,0,0,0
closed_eye_0424-jpg_face_1_jpg.rf.6153b3e9fb389d56a440a70d6cf9ab1a.jpg,2,0,0,0
1088_jpg.rf.3a8f09c58f8de8ce08db8593deb8356c.jpg,1,0,0,0
closed_eye_0864-jpg_face_1_jpg.rf.353f0cb16d7418fd93e1bca054ee57cb.jpg,2,1,0,0
_372_jpg.rf.195d183397c147084f2c75db8a30b112.jpg,1,0,0,0
_520_jpg.rf.afa8c55916bae6bd0c05e46e6ec10167.jpg,1,0,0,0
827_jpg.rf.4dbb9f8740e135911a96ab7fab0bd9a6.jpg,1,0,0,0
1203_jpg.rf.ae192094eaa03a942dbd1e3213fe8294.jpg,1,2,0,0
132_jpg.rf.f7008dc6ad1cf5f26c5999744b51cdc0.jpg,1,0,0,0
341_jpg.rf.7047159b3b2aac88a9701ea5b740e73b.jpg,0,0,1,1
_489_jpg.rf.b4e88c631967bcbbf9e86947e32d492e.jpg,0,0,0,1
78_jpg.rf.9c07ae6883913ef991d2884bf6e95315.jpg,2,1,0,0
420_jpg.rf.f765da2796301c8f933933ac9affc4f6.jpg,1,2,0,0
122_jpg.rf.e7c516ec568236582dac6b4ab26b05f3.jpg,1,1,0,0
487_jpg.rf.6a4e445b0c26422340a7de9fa847df5d.jpg,2,1,0,0
406_jpg.rf.eca49e0f75242246876f5e45362ceb2e.jpg,1,0,0,0
image__10034_jpg.rf.61253eb25144635a4e0f7f6569eb514f.jpg,1,0,0,1
545_jpg.rf.18d2e956f9401331a2bbdd2e84ea1bc7.jpg,2,0,0,1
214_jpg.rf.2c82531ab7471ec4049ff12469d06cab.jpg,1,0,1,0
closed_eye_1484-jpg_face_1_jpg.rf.05b24473d7598e415d93bdbeb74dc9ef.jpg,2,0,0,0
269_jpg.rf.be0949886655132ffbe970f38188be2d.jpg,1,0,0,0
_69_jpg.rf.7e0061a299a3ee0b06c81fef65a43f3e.jpg,1,0,0,0
593_jpg.rf.41b86c4093974a2a5a4a74c339cd115b.jpg,2,1,1,0
368_jpg.rf.8350d0f321d5b31230b1f5af4602fd24.jpg,2,1,0,0
closed_eye_1614-BMP_face_1_jpg.rf.e99429bf072b6502338d06e99115cb09.jpg,2,0,0,0
559_jpg.rf.006c7dc6a600082153c94b6cb9b5324a.jpg,2,1,0,0
205_jpg.rf.f5c278e3ccda8db5697a89db4dfc1de8.jpg,1,0,0,0
s0036_00192_1_0_0_0_1_01_png.rf.3655a1231318454e444010fc0ee6ffcc.jpg,1,0,0,0
685_jpg.rf.60c307d87414c57b138c2770e317fea3.jpg,0,2,1,2
closed_eye_1328-jpg_face_1_jpg.rf.43fb9a03584662e3497354335513269e.jpg,2,1,0,0
_28_jpg.rf.d23c591d2c87a1a974d2da1bcc3a4a4d.jpg,0,0,1,1
closed_eye_2472-jpg_face_1_jpg.rf.3165be159b9174af8b4ce24d8a9b66ba.jpg,2,0,0,0
208_jpg.rf.b875121ef60c0ed18bcb847ca76663ed.jpg,1,0,0,0
WIN_20211018_21_12_39_Pro_jpg.rf.983331ef66a99d738d49c816b9ef2df7.jpg,1,0,0,0
_222_jpg.rf.8c72293f9cf853a259436439ebb65af4.jpg,1,0,0,0
394_jpg.rf.fd6d75183e45ff9eb34284b778841eac.jpg,1,0,0,0
46_jpg.rf.a15239e77fa811acd63d02e735120802.jpg,1,0,0,0
s0001_02337_0_0_1_0_0_01_png_jpg.rf.0a73ce3c5b10f2da3a2eca56423de2b1.jpg,0,0,0,1
74_jpg.rf.0a44d087f3192cb14bd97216ede9cc8a.jpg,1,0,0,0
_607_jpg.rf.dc6b2585140b01ff0ad7ddf7c6fa624d.jpg,1,0,0,0
closed_eye_0486-jpg_face_2_jpg.rf.c802ad157727c16bcf4557b938c4b9a8.jpg,2,0,0,0
_65_jpg.rf.e9ad16ae0281b0dc6b5b5773a472f0d9.jpg,1,0,0,0
2655076570_1_jpg.rf.c0ae56e3cdd5c1a8a00b32e837a99aa1.jpg,1,1,0,0
closed_eye_0809-jpg_face_2_jpg.rf.c66f9e4797d00e4aa8a17f616c6bfb02.jpg,2,2,0,0
_94_jpg.rf.22e18b6fb7b7de3a446b24b5ad25c309.jpg,1,0,0,0
_103_jpg.rf.ef496dabbdc2ec11fab80888fbdff610.jpg,1,0,0,0
_92_jpg.rf.f2c1cf553f3e9d30ac0e33ca9e31e692.jpg,1,0,0,0
_603_jpg.rf.7a04a8fe7b5682e6a861d919b509ac67.jpg,1,0,0,0
1690_jpg.rf.95201199033b2fac639f42b0d134c0ff.jpg,2,0,0,0
76_jpg.rf.9fe59e1a7349c5cad9e5254de1636793.jpg,1,0,0,0
633_jpg.rf.8f540d824996c6af8299e71719ecf87d.jpg,1,1,1,1
638_jpg.rf.f7894c5c629a38885ee7785593d1b5cb.jpg,3,0,0,0
_611_jpg.rf.8f40a0ada07b28203b31d33efca2232a.jpg,1,0,0,0
closed_eye_1858-jpg_face_1_jpg.rf.48250f8352256f9cda02d1c0666367ac.jpg,2,0,0,0
1216_jpg.rf.a631ecc9224416d7cf78f9b511f39f0b.jpg,1,0,0,0
images-61-_jpg.rf.ec43cd50dc67e3a1bf3ea6b2f629b24a.jpg,2,0,0,0
_332_jpg.rf.cd3c9c1ff5020e4fe6bd5b3aee55b271.jpg,1,0,0,0
Yimg_000097_jpg.rf.aaac930a8a15992219a1d3d4f4b6dd13.jpg,1,1,0,0
1803_jpg.rf.27bff2054137d3130e09b3ce6ea5af92.jpg,2,0,0,0
_377_jpg.rf.c3caccc938b45725e087d1e8fe6ad02f.jpg,1,0,0,0
800_jpg.rf.02e4ba01a40d8eb2bed5f35f9aab1297.jpg,1,2,0,0
1303_jpg.rf.78750e3d1b9485c6d45c4c6400f3e606.jpg,1,1,0,0
_432_jpg.rf.2cf8f5f13c39231e897739e70612d1da.jpg,1,0,0,0
482_jpg.rf.5332145804e6d720c26e316c476da094.jpg,2,1,0,0
closed_eye_0444-jpg_face_1_jpg.rf.f4d82bf192d85a545ec68196c6bce344.jpg,2,1,0,0
download-9-_jpg.rf.42cd05fc67e7b8474c11006e91b1ce45.jpg,2,0,0,0
s0019_00155_0_0_0_0_1_01_png.rf.beedcc39eaeb446da54f67538b3dfdd3.jpg,1,0,0,0
_325_jpg.rf.07ed5120d93a60ffe62854009bdba54f.jpg,1,0,1,0
_656_jpg.rf.8e9e67586c235200b30702a5a34858f8.jpg,0,1,0,0
img_000550_jpg.rf.46e69cd8dd8a8e45680776a6b9178d0f.jpg,1,1,0,0
1095_jpg.rf.d1ca837640fcfa1923627f9d7ab20754.jpg,1,0,0,0
closed_eye_2139-jpg_face_1_jpg.rf.a5056bf2b567b9d026d6050c4d5aff68.jpg,2,0,0,0
15_jpg.rf.b4f8e00e8a5128fa077b22887948c0cf.jpg,1,1,0,0
_66_jpg.rf.10f41c7a1e4749b4b9f1ee027bba6a8f.jpg,1,0,0,0
_606_jpg.rf.99e6c1ff10c28740ba6791d46c37dcac.jpg,1,0,0,0
598_jpg.rf.e6eaee5ba120747acc831bd8f4efd0a9.jpg,1,2,0,0
_667_jpg.rf.cae1427e21c9c0269bea5c8b9b285435.jpg,1,0,0,0
432_jpg.rf.350972efd4aabf45802555126da1d7da.jpg,1,0,0,0
closed_eye_1343-jpg_face_1_jpg.rf.a97a111b2594a124aaecbffb947e39f0.jpg,2,0,0,0
closed_eye_2400-jpg_face_1_jpg.rf.047a2c863b23dde40b820d5554c132c1.jpg,2,1,0,0
_142_jpg.rf.e45c99cf98bfe654d872e14df29ca7c4.jpg,1,0,0,0
297_jpg.rf.422ebe4b9a97a0fed3f33dde04c74690.jpg,2,1,0,0
000063_jpg.rf.84595717c8ff9a1624cbf22e4b0ab938.jpg,2,0,0,0
closed_eye_0249-JPG_face_1_jpg.rf.fe6b2622518c7c5010c9a29950e129d9.jpg,2,0,0,0
590_jpg.rf.cac7485915119178b0f1189b5f06221f.jpg,2,1,0,0
342_jpg.rf.e37c594d93e89b6e1c36fa649da175cf.jpg,1,0,0,0
551_jpg.rf.d3ec76ef68270f9c0f74b11b73a4fa33.jpg,2,0,0,0
_507_jpg.rf.9c7338f8110dc0f957d6b30521bd02d3.jpg,1,0,0,0
yawn-df508e2e-3042-11ec-b0ac-302432df5bc8_jpg.rf.4e0706f02d14af198a65a4a3707597f5.jpg,0,0,0,1
605_jpg.rf.7e69c8b4db4940542948ce9b06e971e4.jpg,3,0,0,0
128_jpg.rf.dba8c255d411be82a0012292fcd34fe0.jpg,1,1,0,1
_619_jpg.rf.78318b1d2e6dc2cebad095d1ce5d1b85.jpg,1,0,0,0
closed_eye_1871-jpg_face_1_jpg.rf.c94de7760f8a34b5369617f346060624.jpg,2,0,0,0
639_jpg.rf.687d7873b3812215deb8f059633c2c2d.jpg,1,2,0,0
closed_eye_1766-jpg_face_2_jpg.rf.6d3cfee2c4f8b71055fa7daab7196be0.jpg,2,0,0,0
1022_jpg.rf.43beaf4a2345e303cf4acbcfd62db3c8.jpg,1,0,0,0
closed_eye_1594-jpg_face_1_jpg.rf.a0229bf9e0330577fbe2db79f6432b00.jpg,2,0,0,0
img_000558_jpg.rf.ef992b39402d063ad076399859901e32.jpg,1,0,0,0
istockphoto-468984212-612x612_jpg.rf.ca6d131667b712c3cf4ac0f01731aaa1.jpg,1,1,0,0
closed_eye_2258-jpg_face_1_jpg.rf.34da4c4d1668988c9244f0defd197cf5.jpg,1,1,0,1
_23_jpg.rf.5c92a47aafc62386dbcc5f7deaa785ce.jpg,1,0,0,0
s0016_00417_1_0_0_0_1_01_png.rf.0df19fee143192db1ba7b3891ef9afc6.jpg,1,0,0,0
97_jpg.rf.069541f08c9ec69d08c645d9c66f1d8c.jpg,1,2,0,0
s0036_00107_1_0_0_0_0_01_png.rf.ad099d32b31a8d8b5b7ec9a53d2d7913.jpg,1,0,0,0
closed_eye_2708-jpg_face_1_jpg.rf.d708eb13257b6cbae8b4ed90c75cb558.jpg,2,0,0,0
23_jpg.rf.16882c865a61af30924473f8d678af4f.jpg,2,1,0,0
closed_eye_1503-jpg_face_1_jpg.rf.a2c287f6fef24fcfdbb5b21c8e91e5ac.jpg,2,0,0,0
closed_eye_2311-BMP_face_1_jpg.rf.11264558fda5809e71fe99cd9bf8401f.jpg,2,0,0,0
2033_jpg.rf.396ad7bd267c46b5155fcc7027d6f4dc.jpg,1,0,0,0
_9_jpg.rf.1e455c52c4472bc3281627fa386b9a6a.jpg,0,1,0,0
563_jpg.rf.d3d44c4fb31c387f8907b95241b42f0b.jpg,1,2,0,0
_693_jpg.rf.910663b043444b9e940b364dbaf3b788.jpg,0,0,0,1
453_jpg.rf.958d7847b2e4255406e7364abb6c8e1e.jpg,2,0,1,1
1428_jpg.rf.87c0a015d55579d4c22366b1e354c487.jpg,1,2,0,0
_39_jpg.rf.48f9fa13e19852e5a085c9ed3de9473c.jpg,1,0,0,0
1049_jpg.rf.d4ec30a26f608c4a1ad093fcf7a43341.jpg,1,2,0,0
_89_jpg.rf.130b3c9869aef2938ffa95de55c65354.jpg,0,0,1,1
_552_jpg.rf.614119c88e3144117715f2645b9b3278.jpg,1,0,0,0
2963_jpg.rf.e16260ab407fe8c0e8c3b7e7840ee90b.jpg,1,0,0,0
s0036_00014_1_0_0_0_1_01_png.rf.7132deb0bbb7c716f05ad0008642dac8.jpg,1,0,0,0
116_jpg.rf.8434a018012b386a34c20cada7fca78e.jpg,0,1,0,2
_437_jpg.rf.0c304f17fc006f8b69e5baffb0df9c39.jpg,1,0,0,0
image_60-4-_jpg.rf.e8f69b2993f9c4193b4578259cbd8243.jpg,2,0,0,0
3228_jpg.rf.db43275ef4b9bc923806d3a595a846ea.jpg,1,0,0,0
images-5-_jpg.rf.88f86003ffbd30ed6fd7c97a3346be78.jpg,1,0,0,0
163_jpg.rf.6d667f5a5f38bd75a49e7793769ce38f.jpg,0,1,0,2
_393_jpg.rf.d6abce947e71f9408847b1eaef5b39f3.jpg,0,0,0,1
_552_jpg.rf.469bc9a67fe7ecd4c9c55b343e1dcd5e.jpg,1,0,0,0
_611_jpg.rf.a8000eca47eee1dab09af56e908d63ec.jpg,1,0,0,0
_171_jpg.rf.5296a2ce839037e3bd391318a2e91cbf.jpg,0,0,0,1
s0016_00321_1_0_0_0_1_01_png.rf.e4fca860f8c5d728593406bc53740a68.jpg,1,0,0,0
45_jpg.rf.4980d996dc92aae229668754c22135bb.jpg,1,1,1,1
_28_jpg.rf.fbf191550862e6fd541ffe834a8a41d8.jpg,1,0,0,0
closed_eye_1363-jpg_face_1_jpg.rf.988c213aad49748094c14c28ad483826.jpg,2,0,0,0
1357_jpg.rf.a58dbe42edb227ba35cd7e317a315075.jpg,1,2,0,0
drowsy-a0d48a5a-8f67-11ed-8ac0-106fd9651b4e_jpg.rf.94e519b39999c63fda674def011ff6ca.jpg,0,1,1,1
196_jpg.rf.bac1556d74830423262f8c2d5b00fc2a.jpg,1,1,0,1
1723_jpg.rf.aca4d3fc26a09b13fe991d597c3ce495.jpg,1,0,0,0
_641_jpg.rf.531f5fc789a0c1104da655867f27a03f.jpg,1,0,0,0
436_jpg.rf.122c5e5c5bdb68265f2fafa96db97b2e.jpg,2,0,0,1
yawn-8ed3b112-3044-11ec-8015-302432df5bc8_jpg.rf.cddb6a5760c8c15f21ee04daa504d0fa.jpg,1,0,0,0
470_jpg.rf.bc5a198490aa2b9917c1b7241421bc30.jpg,2,1,0,0
closed_eye_1894-jpg_face_1_jpg.rf.0e23f73811081e4cdf1e6b226f3f9666.jpg,2,0,0,0
download_jpg.rf.ec6cae21363663c2cbc20e0f8fd3d3c9.jpg,0,0,0,2
330_jpg.rf.6ba6db58becb55a0469542d63b2b0bae.jpg,1,0,0,0
513_jpg.rf.ac220a8f3b841a5dfa597321f85dd5da.jpg,0,1,1,1
closed_eye_0638-jpg_face_1_jpg.rf.aad2ed61c67ed74c008a4e4e16d41580.jpg,2,0,0,0
img_e_899_jpg.rf.e94e07130e5953d45af73d3a86df6848.jpg,1,0,0,1
556_jpg.rf.3329d303b5eac6d0b0c1d8abd1f16646.jpg,2,0,1,1
closed_eye_1205-jpg_face_2_jpg.rf.92c5100ef660a933f3e1a9d7246d5c91.jpg,2,0,0,0
755_jpg.rf.34ba908d4dfbeb993d458b97024e4d0e.jpg,1,1,0,0
_130_jpg.rf.c3ab3e4259e29d968f1b6ed9b3eb995a.jpg,0,0,0,1
239_jpg.rf.28be05b69e94f798444db7d6483ab2a5.jpg,1,2,0,0
webcam-toy-photo29_jpg.rf.de3f9d471cc6a769f3c8eb8afe0c1dd9.jpg,2,0,0,0
_709_jpg.rf.0bd2b2fb49e0af2cae44e0605a9dbb02.jpg,1,0,1,0
624_jpg.rf.311cfaa7fd756133f7cf2e9c02204611.jpg,2,0,1,1
1183_jpg.rf.16feeeafa27515ca7776630e7e5cee51.jpg,1,0,0,0
661_jpg.rf.e99e620685a745b65a0a556ecb244d35.jpg,2,0,1,1
_305_jpg.rf.a3fc43d614d466a0740f5fa4375f1a5b.jpg,1,0,0,0
closed_eye_2582-jpg_face_1_jpg.rf.0eaac8319eff7e5d38eac2deb14ce60e.jpg,1,0,0,1
684_jpg.rf.ee041609ffcecf0ab2833191130db764.jpg,1,2,0,0
_266_jpg.rf.1df8735221a594ffe9a024c6aa8d5082.jpg,1,0,0,0
_427_jpg.rf.d0460b59f5ec88c0a460832fef18f158.jpg,0,0,1,1
408_jpg.rf.e1e1b484b35737098cf00ca44130432c.jpg,1,1,0,0
875_jpg.rf.89b909951a15079c63e61082b51c35cf.jpg,1,2,0,0
closed_eye_2708-jpg_face_1_jpg.rf.69b2d257ed7804aa1e4cc2789961f2a5.jpg,2,0,0,0
_606_jpg.rf.4a2852b9b3ea7bbf2be23d27114c04f4.jpg,1,0,0,0
closed_eye_0264-BMP_face_1_jpg.rf.9604b57381cdac25720d8a92b5f04c2b.jpg,2,0,0,0
697_jpg.rf.91f3d8f915d97dbadf81f6ca4a9d8bcb.jpg,3,0,0,0
_663_jpg.rf.ff11d69aae012a9133e763ed2fa4b7f0.jpg,1,0,0,0
closed_eye_1966-jpg_face_1_jpg.rf.c34d2e3f7b89a55dd0073a1b308de482.jpg,2,0,0,0
_208_jpg.rf.d0a1f61273a5141f12c18d063812a73f.jpg,1,0,0,0
Yimg_000127_jpg.rf.8ca20fb1ab83ec9e8c7a6986c5450a3b.jpg,1,1,0,0
488_jpg.rf.d081df9ec5dc6ee001186839aab9f045.jpg,2,0,0,1
452_jpg.rf.9770b3106354878853d6b8c0a9f5589b.jpg,1,0,0,0
closed_eye_2626-BMP_face_1_jpg.rf.d220f95c214f61264ad6ca7a8c6cd080.jpg,2,0,0,0
closed_eye_2211-jpg_face_1_jpg.rf.35251cdded8c5471fc43a55a14ad73cc.jpg,2,0,0,0
_552_jpg.rf.1013265470ce7589bcf02325822c6b0e.jpg,1,0,0,0
216_jpg.rf.40834f305efe3218e12c72ebcb5f2d97.jpg,1,0,0,0
352_jpg.rf.42847a1ab1fd9502b7009dabb9889a2a.jpg,0,0,0,1
536_jpg.rf.13fc0021fe2d50f8bbd1d8f640efb6d7.jpg,1,1,0,0
243_jpg.rf.3fa8491904698fb26cdf9be121eadbff.jpg,2,1,0,0
_681_jpg.rf.4708f3cc60034c421debb2ece5767494.jpg,1,0,0,0
215_jpg.rf.4ec26a05d4fb19c7e4da804c5290179f.jpg,1,1,0,1
closed_eye_1849-jpg_face_1_jpg.rf.acf6fcad3b9116043d2fd121dbc5d050.jpg,2,0,0,0
cDWMXE1QNhQ_jpg.rf.907a1f6db614bea78ac1ecb343f542b7.jpg,1,0,1,1
983_jpg.rf.db7bdf68bdb1b070acd293b5d7575676.jpg,1,0,0,0
1362_jpg.rf.8451853a4d03fc5ac2d11ad46b92c410.jpg,1,1,0,0
857_jpg.rf.eba0bc850b812703ea853740ceeb39c9.jpg,1,0,0,0
s0037_00043_1_0_0_0_0_01_png.rf.9bd5438d6c8ef62e90bb20233cb59770.jpg,1,0,0,0
245_jpg.rf.32af1eec9a5c296cde094b59c995446d.jpg,1,0,0,0
708_jpg.rf.60d91bddca1d32124137add3e892e682.jpg,1,1,0,0
closed_eye_0893-jpg_face_1_jpg.rf.19f2c66b45e60c4bb86957540e3a7a26.jpg,2,0,0,0
closed_eye_1594-jpg_face_1_jpg.rf.eefca90ff285fc13b8c790ec99eed250.jpg,2,1,0,0
s0012_04574_0_0_1_2_1_03_png_jpg.rf.64ad518bbebf60516e999126a4c1a776.jpg,1,0,0,0
1057_jpg.rf.0e7e4b8f79417898ff1ebdc716dfe8e3.jpg,1,1,0,0
_315_jpg.rf.58f0fa7c823c4342f0cbbed7ba3fb05d.jpg,1,0,0,0
_213_jpg.rf.ef3c4f83858174a4f4d030b682a57691.jpg,1,0,0,0
10_jpg.rf.0898f801862f8dd75fb85eed116fee44.jpg,1,2,0,0
Yimg_000074_jpg.rf.1cf2970cc0d76ebe9cccf780466066b1.jpg,1,0,0,0
istockphoto-1150170859-612x612_jpg.rf.5f21d590b210603556f42c2b146444b9.jpg,1,0,0,1
683_jpg.rf.f8d6a63f4df7a4327847578ad5fb5a9c.jpg,1,1,1,1
_674_jpg.rf.ad04d5b4bf9a83df7838d4cf7bc6aa02.jpg,1,0,0,0
1078_jpg.rf.ae8236c8eadad584b1bbbeffbc1b8cc8.jpg,1,0,0,0
istockphoto-1173771126-612x612_jpg.rf.9b4769bfcc4bac752eabbc1ab50c2813.jpg,1,0,0,2
741_jpg.rf.6e8fe9b812001add8ae0b68110f81a9a.jpg,1,2,0,0
2157_jpg.rf.911a1ca9ddc813f48ef0119df58ce646.jpg,2,0,0,0
309_jpg.rf.557f53ae2168894bfe2391a3b64211ca.jpg,3,0,0,0
454_jpg.rf.faffe72274de9ff327c122c4c75b5ff1.jpg,3,0,0,0
563_jpg.rf.46adb5287de679851f61d9c345ff952b.jpg,2,1,0,0
1728_jpg.rf.6a6a01a0ff1c8f1bd28fde434624a7e1.jpg,1,0,0,0
closed_eye_2795-jpg_face_1_jpg.rf.e03657da495c65b11c0d6784d360d74f.jpg,2,0,0,0
s0016_01492_1_0_0_0_1_01_png.rf.d029c86c933aa126db30ab00f6008079.jpg,1,0,0,0
2518_jpg.rf.b263e2726cea9777f13baa8068e39a8f.jpg,0,0,2,2
1006_jpg.rf.4b9a4adc35c4fb671a6595c5e99106a0.jpg,1,1,0,0
s0034_00049_0_0_0_0_0_02_png.rf.3abc831dc212312407959a6c0a295765.jpg,1,0,0,0
_647_jpg.rf.3417b07f04e6799e5380b4af97555318.jpg,0,0,0,1
1056_jpg.rf.cdebe5867f4e29429b53e686e9a6b088.jpg,1,2,0,0
360_jpg.rf.97c2c33bb42e8f1144817680ba115f73.jpg,1,1,0,1
closed_eye_2504-jpg_face_1_jpg.rf.3e1ae2f747e7656ba9a3eac11b151a82.jpg,1,0,0,1
2933_jpg.rf.eeadbf1937f136b613f3e6651655bf2a.jpg,1,0,0,0
img_k_10470_jpg.rf.a0ab814f75b1dc2ae09452890ab9ac6e.jpg,1,0,0,1
615_jpg.rf.320aba92ea05ca58671bb754c10b2c5c.jpg,0,1,0,2
s0016_00427_1_0_0_0_1_01_png.rf.4d6e412adf77a2c5feadb2a721e86d65.jpg,1,0,0,0
_38_jpg.rf.bbd984fbb29e8865532ce05831ef0843.jpg,1,0,0,0
_519_jpg.rf.ec76045f09c44ce5a57bf7704d03e499.jpg,1,0,0,0
1348_jpg.rf.fff2612b1e3aa9e2f3571aa64c650d61.jpg,1,0,0,0
_585_jpg.rf.a2289a8299f0736868331145e10ba536.jpg,1,0,0,0
764_jpg.rf.354f1e5f5bcc382fa1a9129d76f0fcd1.jpg,1,0,0,0
91_jpg.rf.d1e24ef54db90e9988048d04854eef50.jpg,0,1,1,2
_447_jpg.rf.860e536243df10f673180d30f8046dd9.jpg,1,0,0,0
47_jpg.rf.da60bb80c646a76eab5a7f46acf2fd8f.jpg,1,0,0,0
1320_jpg.rf.8cce851bcc2d10311c1e0683056cb11e.jpg,1,0,0,0
_675_jpg.rf.a6d893b3e079361ed25f1537345c91df.jpg,1,0,0,0
_256_jpg.rf.2ddf96eeb09fcea9ec4653874e2f7c67.jpg,1,0,0,0
484_jpg.rf.41fef2fa9fd7444869d0c07477918385.jpg,2,1,0,0
closed_eye_2374-jpg_face_1_jpg.rf.c1f264e551eac2ed9c0a0e2bbcc7602a.jpg,2,0,0,0
000054_jpg.rf.b9fd5c39186225028aadaf45b15dcee6.jpg,0,0,1,1
1343_jpg.rf.bb8f7bce79bd0d1cc9ee8f6aa4eed36d.jpg,1,0,0,0
_406_jpg.rf.6510b6ec5f7b1b1c262acb3993da158c.jpg,0,0,1,1
708_jpg.rf.d5b49f3956df55fe19dcd5525432b037.jpg,2,1,0,0
closed_eye_2717-jpg_face_1_jpg.rf.19f2daffeede04deee17b027b06a2c42.jpg,2,0,0,0
_361_jpg.rf.6db0de049db06ddd93d634ee9645929d.jpg,1,0,0,0
closed_eye_0168-jpg_face_1_jpg.rf.2d0e9b78bb5344169a077049554b7117.jpg,0,1,1,1
498_jpg.rf.1601bf6d9c15c19f66dbb047068259a2.jpg,1,0,0,0
_245_jpg.rf.18dee3b2940e8c2fa541a771f159e6a0.jpg,1,0,0,0
1537_jpg.rf.f9b0bea92957d618aad214c81e43d403.jpg,1,1,0,1
_198_jpg.rf.9e3cc1a2113e3dbbd866a07d9c3d434a.jpg,1,0,0,0
img_000383_jpg.rf.a4bad7700d80f046ab4bb9d5e90f034e.jpg,1,0,0,0
_599_jpg.rf.ed654414d7ecfee5fb002148d037df73.jpg,1,0,1,0
images-42-_jpg.rf.92e6f8bcc5a674623b15a17afc9545f7.jpg,2,0,0,0
314_jpg.rf.627a5f4a2ed907b183efab7659562a4c.jpg,3,0,0,0
_540_jpg.rf.65c139ca9d7fa8cc4e6e7a683b1f7f98.jpg,1,0,0,0
_652_jpg.rf.e63e8121a40bc22f11fdabaedd8bce8b.jpg,1,0,0,0
2483_jpg.rf.796f7221bef26f24f2ef7e9a28aaff98.jpg,2,0,0,0
closed_eye_0347-jpg_face_2_jpg.rf.6d2e4f98dc7baeb8d51aba87ce992d9c.jpg,1,2,1,1
583_jpg.rf.ca3223eae2609d6a9768497057cc9e80.jpg,2,1,0,0
592_jpg.rf.da4c8451f6ef653e395c2040697c1497.jpg,2,0,1,1
_279_jpg.rf.f53d439bd3bf93c1e0076d91141f9f75.jpg,1,0,0,0
webcam-toy-photo13_jpg.rf.f37ffb33e54bfb3daec9cf0a426c6ba1.jpg,2,0,0,0
876_jpg.rf.1a1b2968e0c60f7313905da85d064364.jpg,1,0,0,0
closed_eye_2395-jpg_face_2_jpg.rf.ee2fd896a7c9b4864e66ae3267451d04.jpg,1,0,0,1
490_jpg.rf.d9ed327aa89b62f39655e565d3a8587b.jpg,1,2,0,0
closed_eye_1319-jpg_face_1_jpg.rf.b57c1f2e02b0f94513e8d7ee050ac773.jpg,2,0,0,0
closed_eye_0160-jpg_face_1_jpg.rf.f444e9150e679c3f3882a2a1b72708b7.jpg,2,1,0,0
1166_jpg.rf.6305b9785a4ef96ae105762445649a21.jpg,1,0,0,0
closed_eye_0038-jpg_face_1_jpg.rf.468d9a6544217b89fc878b06938dec98.jpg,2,0,0,0
closed_eye_1350-jpg_face_2_jpg.rf.5b0e4ad4c35eaa4c5f000a7e3ba05c97.jpg,2,0,0,0
1937_jpg.rf.afeb1aca74141ffd000ae4226d449407.jpg,2,1,0,0
1789_jpg.rf.233804af3628cd050b32a6c39e57c3ae.jpg,1,0,0,0
178_jpg.rf.9300e5dffd9df2182fabcf1c4cb46703.jpg,1,0,0,0
1641_jpg.rf.a2f5fb81f4a0ca2b4632e4ca4ad2bae4.jpg,1,0,1,1
istockphoto-1273697606-612x612_jpg.rf.cba606c762cd5ea8e820e49f6d45b393.jpg,1,0,1,2
683_jpg.rf.7612c726efa2cdce1876eab197c05bc6.jpg,2,0,1,1
654_jpg.rf.71ef6199c5b7813f7f8f924c61f6a918.jpg,2,1,0,0
_159_jpg.rf.25474c8892e011099a082c8a286671a5.jpg,0,0,1,1
123_jpg.rf.c7ddaa55cc0260571b7a84fffd83c9a4.jpg,0,0,1,1
2_jpg.rf.8218bd0feafa5df67c97325c5cc37b05.jpg,2,0,0,0
_535_jpg.rf.059fa4fcd2d3428ed8a027766d06a734.jpg,1,0,0,0
4_jpg.rf.6835739e6256cb8735917a6173db121f.jpg,1,0,2,2
500_jpg.rf.f486d901a4347ca8bfe4101afcbd0422.jpg,1,0,0,0
istockphoto-896208242-612x612_jpg.rf.d8f66422e8757433b80895e24ca0166e.jpg,2,0,0,1
closed_eye_2737-jpg_face_1_jpg.rf.c3dbc71fef983239e357ba6b3796d66a.jpg,2,0,0,0
120_jpg.rf.8a998874a01bf9f9bac5d5870d7267e3.jpg,1,1,0,1
photo_6_2023-05-02_17-59-15_jpg.rf.3357e3f0daeb912b7660660372832715.jpg,0,0,0,2
closed_eye_2747-BMP_face_1_jpg.rf.c65d16c693cb327005c063d93a29a12a.jpg,2,0,0,0
396_jpg.rf.5e1506568c58dd6d46cb08f38649192b.jpg,0,2,1,1
425_jpg.rf.01e9335a427673e10d0959c294306ccf.jpg,2,0,1,1
605_jpg.rf.ec56908386389d53fac0ddcdff8382e7.jpg,3,0,0,0
798_jpg.rf.ad8adb7d79246a56ad69fc8bef627828.jpg,1,1,0,0
705_jpg.rf.b1b0ea7248daa0a920093d09f4ef4e5b.jpg,2,0,0,1
_241_jpg.rf.4ea93e0e11d7d1cd38a32561e6bcb3a5.jpg,1,0,0,0
_256_jpg.rf.aee2e57d7902b32df2f8d8f891d123a7.jpg,1,0,0,0
1304_jpg.rf.e53ba3818b0caf4d66f7e8dc2ebc9696.jpg,1,0,0,0
1658_jpg.rf.e7d5d7980fd9370f811cdb08e257db0a.jpg,1,0,0,0
_452_jpg.rf.0ca2a6e8e6901e0e027592718e439153.jpg,1,0,0,0
s0012_04653_0_0_1_0_1_03_png_jpg.rf.8075ffa9763bcd8062525fba6e9f0319.jpg,1,0,0,0
WIN_20220810_18_09_27_Pro_jpg.rf.999590723a737b80351bd5a85dc1c193.jpg,1,1,1,0
_218_jpg.rf.570b0d2d86c0f18f25401c23bb5a1663.jpg,1,0,0,0
206448817_1_jpg.rf.ec54c32469b7dce813d16ef8aadaca2b.jpg,2,0,0,0
495_jpg.rf.25b0c179a0e7df7963399d3411c380fc.jpg,1,0,0,0
83_jpg.rf.0c7e6fa2e04d50d1c081ed62b4d36e7a.jpg,1,0,0,0
_647_jpg.rf.5f3bfca3809beba06af6bd63288fbd3e.jpg,0,0,0,1
_289_jpg.rf.711fad5432f4c2f950adf32355c4e990.jpg,0,0,1,1
closed_eye_0071-jpg_face_1_jpg.rf.6aa8bf769a020233b50be5009d6a6890.jpg,2,0,0,0
13_jpg.rf.9149d698e9d07a51b64d4dcc3f2cb196.jpg,2,1,0,0
closed_eye_2534-jpg_face_1_jpg.rf.ac62931f41f6569853f999608fbeb1eb.jpg,2,2,0,0
196066281_1_jpg.rf.c780543b5611143b485d81547f3ef16b.jpg,0,1,1,1
_180_jpg.rf.68724ef6bebc72a18e1d48c504f829c4.jpg,1,0,0,0
17464842_1_jpg.rf.a0557e9f196a481ecf1b5bc38be8418b.jpg,2,0,0,0
1299_jpg.rf.025704a2c1df982f24f1f6a9048174a8.jpg,1,0,0,0
closed_eye_1668-jpg_face_1_jpg.rf.e3908a4d463cf8ab7f15c5300440a101.jpg,2,0,0,0
closed_eye_2574-jpg_face_1_jpg.rf.b73faa5eb7edf94af158b06a8686139a.jpg,2,1,0,0
_676_jpg.rf.8cc794f52802eceb56eea3aaf31cd66f.jpg,1,0,0,0
closed_eye_0146-jpg_face_2_jpg.rf.ad59ee84003d88c331dfdd4aeb64407d.jpg,0,0,0,1
closed_eye_1837-jpg_face_1_jpg.rf.0a8f53864864b156b5be463f1776a47e.jpg,2,0,0,0
91_jpg.rf.bf3a5d9882294114d20de74c9cf7b5d9.jpg,1,1,0,1
WIN_20211018_22_23_28_Pro_jpg.rf.febe98d8a93129b52aac0368556fe900.jpg,1,0,0,0
closed_eye_2625-BMP_face_1_jpg.rf.d5277053fa2d688bf40b5ddaee92d1d3.jpg,2,0,0,0
closed_eye_2064-jpg_face_1_jpg.rf.1a0e1b40d33a80c7dfd2d343167bc195.jpg,2,2,0,0
s0036_00107_1_0_0_0_0_01_png.rf.6767c55b20e3c6103c56d0f65a3d9e6c.jpg,1,0,0,0
closed_eye_0014-jpg_face_2_jpg.rf.8bbc5610d43001f9fd70b93092476ea3.jpg,1,0,0,0
1347_jpg.rf.b608f26f492031ab5d8a8f13b6e36058.jpg,1,0,0,0
s0001_03096_0_1_1_2_0_01_png_jpg.rf.96cba6b10342af672da9f112bfb28896.jpg,0,0,0,1
527_jpg.rf.2602abe613fd7c77e1bd7d6c0fc7c479.jpg,1,1,0,0
closed_eye_2817-jpg_face_1_jpg.rf.eb9467807491789bbcfbf3f5f70278de.jpg,2,0,0,0
_238_jpg.rf.257e264d1cc24c2a051c28adf9ea784f.jpg,1,0,0,0
642_jpg.rf.55d5140e91b34db8327b5156c96767b9.jpg,0,1,1,2
506_jpg.rf.3510084cfdc7e72dff82e796c02d4afe.jpg,1,2,0,0
124_jpg.rf.2ac95e3c3e4385ba6f88518e1143c556.jpg,1,2,0,0
closed_eye_2034-jpg_face_1_jpg.rf.7789e3587e87bbdd5f56173df0e89459.jpg,2,0,0,0
OIG_jpg.rf.e069007667f0fa0d0116ca9a8a624950.jpg,2,0,0,0
closed_eye_1853-jpg_face_1_jpg.rf.720f1fbc80a42c455746843b89678c4e.jpg,2,0,0,0
download-4-_jpg.rf.3bbc60aec782815879ec440efb146330.jpg,2,0,0,0
closed_eye_2132-jpg_face_2_jpg.rf.183a66ff76213aff94578bf06f83fb39.jpg,2,1,0,0
_611_jpg.rf.91c5eb3ab4cc0d4fbf16105b22be0b80.jpg,1,0,0,0
_432_jpg.rf.fe89e923f2714a67ee05f060537762a0.jpg,1,0,0,0
closed_eye_2161-jpg_face_1_jpg.rf.d858bcea199fe99de1c80e86a51016a0.jpg,1,1,0,0
closed_eye_1272-jpg_face_1_jpg.rf.bd66cd2f85abbab28be08ab7cd915ed8.jpg,2,0,0,0
2711278583_1_jpg.rf.d226d96239126a4c1deb5f03f9f17b29.jpg,2,0,0,0
1255_jpg.rf.2f456888aa41585cafb03af397b927fb.jpg,1,1,0,0
_419_jpg.rf.ed1f1b07664e6eb806dbb4ca8afb25f3.jpg,0,1,0,0
112_jpg.rf.0152f4fec04b120ef571b6adc723a5cb.jpg,1,1,0,0
34_jpg.rf.21e3bbc02326f19bed7952d6dc2ddbb0.jpg,1,0,0,0
_58_jpg.rf.ae49daa129e4fe235d6a3b7209a0832c.jpg,1,0,0,0
istockphoto-1157148590-612x612_jpg.rf.529b16af7cbb19cb28fa69d26fd8c12c.jpg,1,0,0,2
722_jpg.rf.268d76877dba91d4a2a1ba6443e6f933.jpg,0,1,1,1
s0016_01581_1_0_0_0_1_01_png.rf.52c69da2b9b0c9341902a8e917678506.jpg,1,0,0,0
1212_jpg.rf.985c909a815814a9aa9ae7ef3ebdf181.jpg,1,0,0,0
closed_eye_0324-jpg_face_1_jpg.rf.1b8decd215575babc7213f74c34ea3c3.jpg,0,0,0,2
istockphoto-177747932-612x612_jpg.rf.fc722c22c0ac441d2dda77c92610ea2c.jpg,1,2,0,2
693_jpg.rf.9a2921d3b3d116602f5424e11682b2c8.jpg,1,2,0,0
closed_eye_0770-jpg_face_1_jpg.rf.b414690ac53e0c036bda5e88ba4ebd09.jpg,2,0,0,0
_232_jpg.rf.c561fa590bd333caee2eb20bdac13340.jpg,1,0,0,0
437_jpg.rf.3be56016ab212832c914e57b6c6a7f9e.jpg,0,1,2,2
000066_jpg.rf.ae80624aa1d0ab02c571aa67eb600f02.jpg,2,0,0,0
_494_jpg.rf.03cd9166422d7a6d9a1cf098385d02e3.jpg,1,0,0,0
closed_eye_0192-jpg_face_1_jpg.rf.86aa961795d1564b6561c2e980baecae.jpg,2,0,0,0
closed_eye_2100-jpg_face_1_jpg.rf.2711bd4d5016f28b0f3bf33656065333.jpg,2,0,0,0
Yimg_000109_jpg.rf.ecf5e670b99ebc1e7be442696f0d584f.jpg,1,0,0,0
_596_jpg.rf.4fb3d2091e360d86790a88456e814a51.jpg,0,0,0,1
_157_jpg.rf.9eed333deff91785ba5aed7569e3062f.jpg,1,0,0,0
closed_eye_1549-BMP_face_4_jpg.rf.89fdc4e6e04c01fa1bc6ac4aba00c0f1.jpg,2,0,0,0
_654_jpg.rf.505f8f77e2998954666a2d66441ebfeb.jpg,1,0,0,0
_295_jpg.rf.effcc2b7e51434e62c46d613f52a9a68.jpg,1,0,0,0
754_jpg.rf.a55af0d4f0bd99d4556f4d0fb3abe508.jpg,1,2,0,0
closed_eye_1953-jpg_face_1_jpg.rf.7dd464ef26acf3f9c89e76791327ecf4.jpg,1,0,0,2
istockphoto-847853650-612x612_jpg.rf.34be4ae4290fd1a8fb732671b4a8bc6c.jpg,0,0,1,2
s0016_01637_1_0_0_0_1_01_png.rf.98c10b079ea7cf7fc8bfff7b591d59c6.jpg,1,0,0,0
1045887134_1_jpg.rf.37ae3d0d906713c8a235b2d0071ba362.jpg,2,0,0,0
253_jpg.rf.d668327c844d30b6bb4855c414a4a42f.jpg,1,0,0,0
_190_jpg.rf.e2d89398142a2086c87c239aa8960ff1.jpg,1,0,0,0
788_jpg.rf.8a375317f52810102f2fc79e0bfb1914.jpg,1,2,0,0
_291_jpg.rf.323ed2930b51691e6c1be210093224a3.jpg,1,0,0,0
239_jpg.rf.61e4494b6b0c15de62450a5bc214a3bb.jpg,0,2,0,2
3450_jpg.rf.cee334329e41e064d6ac0b9744233da2.jpg,1,0,0,0
992_jpg.rf.ebc18a86a5ac611bcd27f41eaedb8465.jpg,1,0,0,0
23_jpg.rf.ba758fb84ade6397014bf26664d7e8c9.jpg,2,1,0,0
closed_eye_0378-jpg_face_1_jpg.rf.00e475de71b7f9e3cf008dacc0c45c4f.jpg,2,0,0,0
172375929_1_jpg.rf.7bc19ad2f6cfbcdb9de28351e7e802b1.jpg,1,0,0,1
206907279_1_jpg.rf.f30bb5ae56af4e4818017b1a867279a8.jpg,2,0,0,0
400_jpg.rf.7f9898b53bfa0605c39ab78e9c3f499f.jpg,2,1,0,0
_335_jpg.rf.9ac024d5d9058af3bfecd6a3a90e0414.jpg,0,0,1,1
637_jpg.rf.b0fdbb030b7c43c0e0f2bc2f79536d31.jpg,1,2,0,0
_12_jpg.rf.a36ff35e56b4c76c0bbea051efb6b5b1.jpg,1,0,0,0
_238_jpg.rf.3bab1dc0c8ce15790f817e0e02b7db89.jpg,1,0,0,0
closed_eye_2439-jpg_face_1_jpg.rf.c107b0eeca97433efd095fd9ee435bb7.jpg,2,0,0,0
_71_jpg.rf.862c5cfc02d6cae00827734d8273a09d.jpg,1,1,0,0
_279_jpg.rf.15d31e578bdb3731dead92cebbcbfb28.jpg,1,0,0,0
433_jpg.rf.472605a6821fbd253c2e281f9958c1e1.jpg,1,1,0,1
413_jpg.rf.c1ea8f4ecab5bf567686c5350e779057.jpg,2,1,0,0
182804431_1_jpg.rf.e1fb9a4c479ac6f850c747b1d5877c71.jpg,2,0,0,0
376_jpg.rf.76504071c9ce75e425e5a342175befb7.jpg,1,1,0,0
yawn-e5a6a12e-3041-11ec-a978-302432df5bc8_jpg.rf.6f3e697a0ef64f3f922b16f0961999ff.jpg,1,0,0,0
_167_jpg.rf.3b4de04df66246e84c23258e5a043edd.jpg,0,0,0,1
119_jpg.rf.6982a167199b825d2acb5d5076683863.jpg,1,2,0,0
closed_eye_0038-jpg_face_1_jpg.rf.c858916cdce7d33a1d922baed9a1c655.jpg,2,0,0,0
48_jpg.rf.0ecf8c73d66b88377ee3a690be700d08.jpg,2,1,0,0
closed_eye_1552-BMP_face_1_jpg.rf.632cfb1e140bcc613f17649af47f87d5.jpg,2,0,0,0
394_jpg.rf.f4b3378cb9988a419c7c8b7dfb6fccd3.jpg,1,1,0,0
closed_eye_0745-jpg_face_1_jpg.rf.884bc6ae25c1e6a58751955d3963ad35.jpg,2,0,0,0
closed_eye_2046-jpg_face_1_jpg.rf.147ac786c425ff147adabf837ea9c9cb.jpg,2,0,0,0
1864_jpg.rf.9ceb163ce2a0bff8926c5cc251de2208.jpg,1,0,1,1
_53_jpg.rf.3c6e105f36095346e332c3a24ce53749.jpg,1,0,0,0
_6_jpg.rf.09b9440a26db238688d2fa3ce93c695a.jpg,1,0,0,0
closed_eye_1884-jpg_face_2_jpg.rf.8e2ef336ca5c210955f3c0799b1e92b5.jpg,2,0,0,0
231_jpg.rf.8736cd29ebe4ac9f791e295cc58b01bc.jpg,1,2,0,0
s0016_00309_1_0_0_1_1_01_png.rf.72c723c7f458cc1dbfe6188cfd5a494d.jpg,1,0,0,0
closed_eye_0186-jpg_face_1_jpg.rf.46f49745bc5958aaecedd7bd211cca49.jpg,1,0,0,1
107_jpg.rf.975967a2a51a1fbf94261faccd8602dc.jpg,1,2,0,0
84_jpg.rf.ac6546156545fd986c002d28d4f113bb.jpg,2,1,0,0
_378_jpg.rf.7b6074f61451447992ab04e89ba960b0.jpg,1,0,0,0
1324_jpg.rf.243474c5eb20eb084f720f566682b5d6.jpg,2,0,0,0
Yimg_000020_jpg.rf.8add659dc4e7c3972ffb04c1554372a7.jpg,1,0,0,0
183_jpg.rf.de9a870c5ddafdbdf3c2cbbdf0ae21b1.jpg,1,0,0,0
_264_jpg.rf.86ed79e36bb084791f55005767557b54.jpg,0,0,1,1
1209_jpg.rf.6d029dea7e0f0ec7b5e6b6a222b5fe37.jpg,1,1,0,0
_496_jpg.rf.9072874a343d29d5c899a6365cda1a68.jpg,0,0,1,1
_654_jpg.rf.3a7308ea5dc1b78fc3a9ee44ef981802.jpg,1,0,0,0
589_jpg.rf.965778385c306e5b32cc840253a05906.jpg,1,0,0,0
666_jpg.rf.a013c9271255297605839231a38a6a99.jpg,2,0,0,2
closed_eye_1925-jpg_face_1_jpg.rf.bfccb4f881fd764f1bfa1014b16c5da9.jpg,2,0,0,0
575_jpg.rf.538999345e17ae700ddb7330f3306458.jpg,1,2,0,0
_50_jpg.rf.5aedb84e98d0661ada83e757d1f31ead.jpg,1,0,1,0
3703_jpg.rf.5812d0d0ba18eea3b88b9bd037b21c79.jpg,1,0,0,0
Yimg_0000368_jpg.rf.414709f7b84092852b08582c8dfe6228.jpg,1,1,0,0
599_jpg.rf.9dea51e8fbfab72470d13854fca5a2a2.jpg,1,1,0,1
istockphoto-865049080-612x612_jpg.rf.4906cb73b039ff676a641f1007fcec3f.jpg,1,0,0,1
_56_jpg.rf.ba3fd70d1a32b4f3d8475513375498a0.jpg,1,0,0,0
Yimg_000317_jpg.rf.792da241d4b0427783a8e0a16ae22dad.jpg,1,0,0,0
3704_jpg.rf.9381aefc0741877517c934f6a8e55003.jpg,1,0,0,0
closed_eye_0892-jpg_face_1_jpg.rf.5fda9d92f8b3e3a13fc7caaed00be3e8.jpg,1,0,0,0
istockphoto-1167930276-612x612_jpg.rf.2990ebcb33f4930859d866dfeae1a1b6.jpg,1,0,0,2
_497_jpg.rf.db01b21a6b3da7c0936083d99eb1b09d.jpg,1,0,1,0
3716_jpg.rf.f0bd3b12e470b56e5f870c65666601cd.jpg,1,0,0,0
130927718_1_jpg.rf.508138c2022c55e4e3d80085f1c021e7.jpg,2,0,0,0
closed_eye_2034-jpg_face_1_jpg.rf.ffecafee097d80eeb8d18b0e0dce4e07.jpg,2,0,0,0
s0016_01397_1_0_0_1_1_01_png.rf.941719290ec7c3501da728c7d76c5a0d.jpg,1,0,0,0
61_jpg.rf.feae506036c99987bc98a41df2f621f3.jpg,1,2,0,0
istockphoto-1316021808-612x612_jpg.rf.b360cb7f2541a2f9cb1c55823a9583b3.jpg,1,1,0,2
202516196_1_jpg.rf.5d1b776679f1dc4bba45906c3c92c216.jpg,0,0,1,2
img_000442_jpg.rf.f4936740abf4f7b692b597aac74a27b7.jpg,1,0,0,0
198386414_1_jpg.rf.1adde7c17acf9088d14da962d05cfc1c.jpg,1,0,1,1
_72_jpg.rf.bb89cc51eed690e05ba9dc6e4dff66c1.jpg,1,0,0,0
closed_eye_0267-jpg_face_1_jpg.rf.46e3d2d5d80a6a4ed2675242d5ee15b8.jpg,2,0,0,0
417_jpg.rf.c44df1efee42d7f202ccfb79f185df23.jpg,1,2,0,0
3216_jpg.rf.fdbc4f4aa64577ae92a01b47b16ca8e6.jpg,1,0,0,0
closed_eye_2256-jpg_face_1_jpg.rf.f645f9bce0612313f05c385c5269de90.jpg,2,0,0,0
_152_jpg.rf.e526cb2d6f265d49b6cbc2fd6dfc5d78.jpg,0,0,0,1
_394_jpg.rf.d837ae10c522c0077ef8dace8322c2e1.jpg,0,0,0,1
closed_eye_2693-jpg_face_1_jpg.rf.f0467e795cf18e519f9f0641b369af0d.jpg,1,1,0,0
3222_jpg.rf.3f18b0e2064bbb999e1011aa66bb7b10.jpg,1,0,0,0
_40_jpg.rf.cc85e3537f5c930e63bbecd846598c57.jpg,1,0,0,0
s0016_00344_1_0_0_0_1_01_png.rf.1e49fc7bc7e6359bcce0cf05bb1a64c6.jpg,1,0,0,0
Yimg_000342_jpg.rf.91149a12da542deb9f25bf4014ca647e.jpg,1,0,0,0
closed_eye_1467-jpg_face_1_jpg.rf.9a011680ccc8bbbd59590a5b0453b352.jpg,0,0,0,2
_609_jpg.rf.e7fd46249d183cee5637f7bbedb42640.jpg,1,0,0,0
image_5916_jpg.rf.823ab359750d7d03642f759b73f0b5a3.jpg,0,1,0,2
1308_jpg.rf.9b8e9e6941e6d60fbd04fb3c29330ef6.jpg,1,2,0,0
closed_eye_2562-jpg_face_1_jpg.rf.dfb2f652d361d2654d84ead87cd080a0.jpg,2,1,0,0
1162_jpg.rf.e43e79c87d3eb9dbb5f85e5f3d824152.jpg,1,0,0,0
297_jpg.rf.2953ea9a2230a0799241935f29f2acaa.jpg,1,2,0,0
1334_jpg.rf.13e891b7e211fa325d8494ab4a473de9.jpg,1,0,0,0
_94_jpg.rf.f530143d22794247ba415e53d263a351.jpg,1,0,0,0
1486_jpg.rf.5cdf335017e60ea023d3b32d7baad81c.jpg,2,0,0,0
_61_jpg.rf.2b9d61b729abc26e0f7c4af963232f74.jpg,1,0,0,0
142_jpg.rf.729fb1eb5b4a65a1429dad006efcdeea.jpg,1,0,0,0
photo_1_2023-05-02_17-59-15_jpg.rf.24d3582888f2f86f322318623257eb5a.jpg,2,0,0,0
264_jpg.rf.a292348501405388cc3f2653b1b8bf72.jpg,1,2,0,0
closed_eye_2536-BMP_face_1_jpg.rf.91589998d41725e9eeb2aea95d01fea5.jpg,2,0,0,0
372_jpg.rf.6355e6496c787ef12db6ed18dc72cbbe.jpg,1,0,0,0
_424_jpg.rf.613904a0af36cca716999bba018c9b37.jpg,1,0,0,0
_176_jpg.rf.90b0e6d2062fea5d983e4a2b85c3584d.jpg,1,0,0,0
_501_jpg.rf.abcb60f85b2425f1a983ff193b1d893b.jpg,1,0,0,0
1257_jpg.rf.7016fb0c35c321ee65699e8715d399a4.jpg,1,2,0,0
_457_jpg.rf.5a1657a86d03fe344519a24b52581d5d.jpg,1,0,0,0
closed_eye_2224-jpg_face_1_jpg.rf.22730e939cd95b07b20ef2b6ce563d70.jpg,1,0,1,1
s0019_00046_0_0_0_0_1_01_png.rf.bb6b3fd2ca405e8f31ff26a5bd2ecb5b.jpg,1,0,0,0
721_jpg.rf.314834906c1eb6f2b5d77e54ec077abd.jpg,1,1,0,1
135_jpg.rf.fe23e4fccfed58ba083b1ae088fb7e2f.jpg,1,0,1,0
50_jpg.rf.661bc7ca7e1d3847342773d4d5bfafe3.jpg,0,0,0,2
7_jpg.rf.98a2b0bed5302fa199cb078440b3ac1b.jpg,1,1,0,0
990_jpg.rf.2d92c72a27e3b83552a0a8cc640fd04d.jpg,1,0,0,0
closed_eye_0132-jpg_face_1_jpg.rf.873afb11a24b64acbe0958eee759f4cb.jpg,2,0,0,0
yawn-2e00d58a-3043-11ec-96b1-302432df5bc8_jpg.rf.bc24149aa51a5f52e2d2d6a83528eca8.jpg,1,0,0,0
closed_eye_0080-jpg_face_1_jpg.rf.8f5fcb5dcb21f5cd0a1188c18875748b.jpg,2,0,0,0
1385_jpg.rf.cf1dbf6d3370d3475ccf7db82b42c116.jpg,1,0,0,0
1214_jpg.rf.437a205535a9393dee073122f442927f.jpg,1,0,0,0
152_jpg.rf.4656696382daff4f652495b4da0ff14a.jpg,1,1,0,0
closed_eye_2384-jpg_face_1_jpg.rf.71107f46f78d04f9d295c660cc2ef922.jpg,2,0,0,0
1360_jpg.rf.bd132a9f223744834ee47b8b3a01e00a.jpg,1,2,0,0
s0016_00336_1_0_0_1_1_01_png.rf.a373496838e45ab123dda88fcc293857.jpg,1,0,0,0
Yimg_000230_jpg.rf.6bc091baed826f2efda7b7980cf28847.jpg,1,1,0,0
_536_jpg.rf.af9e371484f6491dd48836fc3cdbc943.jpg,1,0,0,0
540_jpg.rf.1312a9e6484b8c88177745b3c6cc17ce.jpg,2,1,0,0
_709_jpg.rf.37946c4507976bf0fc127fb743905336.jpg,0,0,1,1
_650_jpg.rf.6b786b6c78873bab3ed590b8fe312d7f.jpg,1,0,0,0
_109_jpg.rf.2711482b70f7b9daa6a6f8c637e8ec7d.jpg,0,0,1,1
_623_jpg.rf.944bbb274565988d6516a7d06f96541c.jpg,1,0,0,0
738_jpg.rf.46ef5fa5fe2e130f19e12d0b6fc49ba9.jpg,1,1,0,0
203_jpg.rf.0f3b7a843665fe089b0ebd32d21ae9fe.jpg,1,2,0,0
_34_jpg.rf.3359b6f524e00c41bae13b56f9f8f2b6.jpg,1,0,0,0
_642_jpg.rf.4f3c60d05a2a8dbb9f9ae078a2ae281b.jpg,1,0,0,0
368_jpg.rf.3bda477f3243167d1de33e666bfd6636.jpg,1,0,2,2
1460_jpg.rf.360a38e4cde8a3ce244a16fd149bca9a.jpg,1,0,0,1
667_jpg.rf.ddf75ee34c6c3670171a5f7979fe0e0c.jpg,3,0,0,0
closed_eye_2126-jpg_face_2_jpg.rf.f80d507dabb1480be35cd35319b70b8e.jpg,2,0,0,0
2719469475_1_jpg.rf.4e79cf292163f08fcea8c14a45300c3b.jpg,2,1,0,0
closed_eye_2782-jpg_face_1_jpg.rf.7d237f6e581295d66928f975dc56c838.jpg,2,0,0,0
closed_eye_2149-jpg_face_1_jpg.rf.a8d188f578636d46706739ec6d81b898.jpg,1,0,1,1
101_jpg.rf.34fdaf0ee40e2235262ba6a57f1c6c94.jpg,0,0,0,1
2071_jpg.rf.045a0cd876fb1fc32877925d81bb6230.jpg,2,0,0,0
_313_jpg.rf.cdfc03172be93791ea729b44b4d380ff.jpg,1,0,0,0
2666384408_1_jpg.rf.be2a6fa52aca8d2efa46f1b4bf600eb2.jpg,2,0,0,0
1229_jpg.rf.a1ccf96cc3cdc722f68ed91b639573c2.jpg,1,2,0,0
964_jpg.rf.0ea7ef70151f44b818c6b283af8ac204.jpg,1,1,0,0
150_jpg.rf.6f1051e5dab30c7767518ff8aeace9f2.jpg,1,0,0,0
s0017_00195_1_0_0_0_1_01_png.rf.a1081eb3683aa9978df06eb86ea4c0ea.jpg,1,0,0,0
istockphoto-868970060-612x612_jpg.rf.54461b7bbe36f593b0d9b1b0e685962a.jpg,1,0,0,2
_12_jpg.rf.10e2c717c1724cb0ac93dd7dee7280fe.jpg,0,1,1,1
_244_jpg.rf.d47d9cdc39ad797e110f90ee8173bd50.jpg,1,0,0,0
315_jpg.rf.29c0f5a87d1658940a2649a1dce00f14.jpg,1,2,0,0
img_000546_jpg.rf.18185fb2ba16a4c4377d48c512c4f46d.jpg,1,1,0,0
_679_jpg.rf.831665fcac92a93bbdd25defc940733d.jpg,1,0,0,0
Yimg_000129_jpg.rf.b66755b84235ad4693fb45bf6304ccf9.jpg,1,1,0,0
_255_jpg.rf.6036343f3e9d5a0d86ec36ccf1597f54.jpg,0,0,0,1
614_jpg.rf.b373cc970c722b1323665210fef08ca8.jpg,1,0,1,2
344_jpg.rf.b8695086c8e89dcb71c494d6f9677f45.jpg,1,0,0,0
1222_jpg.rf.2fb0c945a241905ad9d798ac1b8cbe66.jpg,1,1,0,0
_573_jpg.rf.2a320d9658d5bc738ad6cbcb448d14ab.jpg,0,0,0,1
_636_jpg.rf.bdc9586e90b1420242067aa985ced90b.jpg,1,0,1,0
1862_jpg.rf.c32de061f3182a9463eebbff1fe75278.jpg,2,0,0,0
1098_jpg.rf.5d05a1937e91ec1cabbc55e125197e63.jpg,1,0,0,0
930_jpg.rf.7fa836899a53f8464554e4665abbd041.jpg,1,0,0,0
_550_jpg.rf.c812661a73cd5c9952a26cddeb0b4497.jpg,1,0,1,0
1340_jpg.rf.c7ebf9e883e6d650bd74204461c63fc3.jpg,1,0,0,0
000211_jpg.rf.90141b4bb7dc15e70ea16b0225d31584.jpg,1,0,1,1
closed_eye_1293-jpg_face_2_jpg.rf.c53d5116b230095920841be132ca18b3.jpg,2,0,0,0
1167_jpg.rf.6928b70b04e0c66dae28d538d5d64f75.jpg,1,0,0,0
images-41-_jpg.rf.af232ceb742f77611e660ea578446405.jpg,0,0,0,2
_263_jpg.rf.15cba3bfcab9e6b4c3784f2a4cbfc3b2.jpg,1,0,0,0
132_jpg.rf.9dc59dff5c799fa919ca03c0d1d7ba61.jpg,1,1,0,0
1316_jpg.rf.94921bfc6070133537ddf4f8cf6466a2.jpg,1,0,0,0
1150_jpg.rf.3bc833c9a2c21f7f1da34bb0c45df7ce.jpg,1,0,0,0
_339_jpg.rf.c5d0f8a2bbbbad967408b28220f18060.jpg,1,0,0,0
_616_jpg.rf.81ed046cecb1fbd54fac384badb7f820.jpg,1,0,0,0
closed_eye_0494-jpg_face_1_jpg.rf.11e4249da93b2ef8561a4306c492098d.jpg,1,0,0,1
313_jpg.rf.a049bc8d356de37306db3a2e19ae42e4.jpg,1,0,0,0
_285_jpg.rf.5735b78bf0b35b46de0220dbc12a389c.jpg,1,0,0,0
_3_jpg.rf.314e9e9d733a1cb5bdd17bb10a347326.jpg,0,0,1,1
473_jpg.rf.bf6e3e4c9bdee4aeede72554be6438f2.jpg,1,2,0,0
images-52-_jpg.rf.dfcb0dfcbdcf41e1230668299b2c22a1.jpg,1,0,1,1
90_jpg.rf.f5a8676dae3a1bff479056e87abec3d3.jpg,1,2,0,0
closed_eye_2847-jpg_face_2_jpg.rf.d084174ead117f002f48a87bcf88c0f7.jpg,2,0,0,0
725_jpg.rf.aad87e903b39a885eba68002bba76694.jpg,1,1,0,0
1220_jpg.rf.0dfc454faba0f25c16419e12fee4b412.jpg,1,0,0,0
closed_eye_2741-jpg_face_1_jpg.rf.0b2a7e957399200f07187f04094bdc18.jpg,1,0,0,0
closed_eye_2064-jpg_face_1_jpg.rf.da389d8c97c438d5f41c4813654aab5f.jpg,1,1,1,1
583_jpg.rf.3411dcd2cc013cc710c24ca0e660aeed.jpg,1,2,0,0
closed_eye_0957-JPG_face_1_jpg.rf.453e7e57a1a44a4006c8fa7fe52b84a6.jpg,2,0,0,0
img_000412_jpg.rf.14f3355faa865f91ae37700c3ca4d61a.jpg,1,2,0,0
1784_jpg.rf.a7d70ace0cfa49a3aba197c3fc3da020.jpg,1,0,0,0
1081_jpg.rf.b7e9d91114241d894c4382373d811e09.jpg,1,0,0,0
_627_jpg.rf.6c620254cc6d093e6cd0c035471d700b.jpg,1,0,0,0
1103_jpg.rf.f4d3f05ece957fc3e8d4bb70bb2d9501.jpg,1,0,0,0
closed_eye_0444-jpg_face_1_jpg.rf.5fc4a7ca6afc5a2454fdae33eb94a8b5.jpg,2,0,0,0
closed_eye_1699-jpg_face_1_jpg.rf.9d191c5f71157eea84c6ec5b3fef91ca.jpg,2,0,0,0
_194_jpg.rf.8e1392a5a47972e8be0afa6ebebabad1.jpg,1,0,0,0
closed_eye_1940-jpg_face_1_jpg.rf.9b17da86e105badc7d59cd55e17d4bf4.jpg,2,0,0,0
closed_eye_2597-jpg_face_1_jpg.rf.bece531168dd594a64e3fe77072bbb3d.jpg,2,0,0,0
3716_jpg.rf.879edcc9db1a2b45ebf2eb8b8822df98.jpg,1,0,0,0
_428_jpg.rf.6960c8ba8dbc59fefc3442637fd513af.jpg,1,0,0,0
691_jpg.rf.86c2e21a6e41eb1973c3b08bf0bdf758.jpg,2,0,1,1
723_jpg.rf.24d0ce93e65274d81709228849592cb4.jpg,1,2,0,0
1288_jpg.rf.d8d0d9429452c35dedcfab4441d06121.jpg,1,2,0,0
702_jpg.rf.146c6d321996e0e46ec57f751e777122.jpg,2,1,0,0
1376_jpg.rf.3ea34c7891ec1dd9fec5025c3d88f455.jpg,0,1,0,2
77_jpg.rf.da6eda92ccad958dace0ec1211f654e9.jpg,1,0,0,0
webcam-toy-photo13_jpg.rf.daa85a9a8b566c8711578602c46ccd7e.jpg,2,0,0,0
closed_eye_2392-jpg_face_2_jpg.rf.170f4c0f1cc226320c0aa7126171802f.jpg,2,0,0,0
270_jpg.rf.2619fd9b9f06b36dfeef125c5da1f7a5.jpg,1,1,0,0
225_jpg.rf.298b3009fb2571cf0035518f2fb7fb3e.jpg,1,2,0,0
771_jpg.rf.b3b3fb666688d2b4f61c6d6187665b61.jpg,1,1,0,0
426_jpg.rf.f27972fb44f1366943cbbee459867d4c.jpg,1,1,0,1
istockphoto-945935774-612x612_jpg.rf.0b2ad58a2a1245866e4e411aa6879aa8.jpg,1,0,0,2
596_jpg.rf.4f81eafb0e56c97e83a67ca911d91959.jpg,3,0,0,0
_566_jpg.rf.eb0a2c41a1b477a28b8e9900cea40485.jpg,1,0,0,0
closed_eye_1502-jpg_face_2_jpg.rf.afccc6a12427eb0cb8e31e13ee9cb1bd.jpg,2,0,0,0
_198_jpg.rf.9704304d43af0757058a9db57ea9f53c.jpg,1,0,0,0
s0034_00021_0_0_0_0_0_02_png.rf.16911259c8608458bc0e8ecebebecf07.jpg,1,0,0,0
2671732783_1_jpg.rf.aad87255df524407b3f24d14f8781aab.jpg,1,0,0,1
612_jpg.rf.dd7655e6f020ad3ee38e363566917e72.jpg,1,0,1,1
_181_jpg.rf.bfd162d232502cd39e8b72e4ad2fd051.jpg,0,1,0,0
closed_eye_2700-jpg_face_2_jpg.rf.036a9b99be7ce97e584cb7032a38829d.jpg,2,0,0,0
643_jpg.rf.a757885b76fed4e42b91b1bd81d3ee0b.jpg,2,1,0,0
1344_jpg.rf.88206e1179210e747be64c746dcd8f37.jpg,1,0,0,0
207_jpg.rf.8c3790723148f23fdffaeaca39f77b28.jpg,1,0,0,0
575_jpg.rf.c096dca307fedf3be37c9a4955e6b877.jpg,2,0,1,1
269_jpg.rf.737871ad579a214101ff7ac9e176fb2b.jpg,1,2,0,0
_387_jpg.rf.f5fea47647d5b901df422d78c6ac8c4e.jpg,1,0,0,0
135_jpg.rf.984ad8713aad802022df5304a0d07c76.jpg,1,0,0,0
101_jpg.rf.8ea08426610fe7909f843b260fafe8cf.jpg,0,0,0,1
Yimg_000205_jpg.rf.54ab25290909a6feb6f427fec67154fe.jpg,1,1,0,0
1138_jpg.rf.60e2f83753b6a8ce43b37a2594239603.jpg,1,0,0,0
121_jpg.rf.70e8d6221703d8ac8f9857235d048631.jpg,1,1,0,0
132_jpg.rf.29e94dcec15aa42089615d3970c8f2f9.jpg,1,1,1,0
146_jpg.rf.ac2b2ed515cfbc9c113726e885890fe7.jpg,1,2,0,0
Yimg_000048_jpg.rf.3348036361c268b9364cee2321b1723f.jpg,1,0,0,0
697_jpg.rf.ed6585af2fc7c7de6151e7ad8769790e.jpg,1,1,0,0
136_jpg.rf.502c26fdeb53659f3afb13abfb1f56a2.jpg,0,1,0,1
_615_jpg.rf.b596df232fa3e5bd6c20f3d046e0adad.jpg,1,0,0,0
_151_jpg.rf.2919dbdecb997ffc2ff3cf6c623da0ee.jpg,1,0,0,0
399_jpg.rf.44842077f9d87d431bef79119c206a23.jpg,3,0,0,0
_366_jpg.rf.c263cf1c3a3613fd0d65e4beea98ef90.jpg,1,0,0,0
_360_jpg.rf.0964b4a46cd46ff61dfd35199ec212f1.jpg,1,0,0,0
1370_jpg.rf.cce91e88a890ecaef43348cf54d9fb50.jpg,1,0,1,0
closed_eye_2544-BMP_face_1_jpg.rf.8402c13998ef41325b4327d588c6edf8.jpg,2,0,0,0
closed_eye_0987-jpg_face_1_jpg.rf.5e70ccd6bd654197e66cea405a5b61f2.jpg,2,0,0,0
752_jpg.rf.3834a5b75520802e756292e54099faa6.jpg,1,2,0,0
_164_jpg.rf.7f8df5a7788e16c4c4cf94e30168acb3.jpg,1,0,0,0
999_jpg.rf.d61cb398551b30b5222296c48c8b1d48.jpg,1,1,0,0
20_jpg.rf.aeb0b343972487ed062d40aae2af3ce0.jpg,1,1,0,1
78_jpg.rf.87a116daca8204ce347c15811065cb0f.jpg,2,1,0,0
102_jpg.rf.1ee23436d6dc986be24d9d8f4e560060.jpg,1,1,0,0
closed_eye_0081-jpg_face_1_jpg.rf.3272e0d2d6770ae1c625c729cd51c157.jpg,2,1,0,0
closed_eye_2315-JPG_face_1_jpg.rf.f8652c2c8473f338f5f0cd8c3e0a222a.jpg,1,0,0,1
closed_eye_1768-jpg_face_1_jpg.rf.8f204ad9a73e56f2d1550c7b34e0711f.jpg,1,2,0,0
download-10-_jpg.rf.8d5242ea036f2e4dd14665ab79bf4795.jpg,2,0,0,0
_442_jpg.rf.0846cf52df7ed07bc46227e354c8b9ed.jpg,1,0,0,0
9_jpg.rf.cd784f87a5fd8fe3481d2df3132442ce.jpg,2,1,0,0
_428_jpg.rf.6ebc82a8ae3d597dcc5304db49791c69.jpg,1,0,0,0
_374_jpg.rf.5d232022fce3dafe9e02809a11922912.jpg,1,0,0,0
closed_eye_2492-jpg_face_1_jpg.rf.00841c11911100d92dbd4488d879844a.jpg,2,0,0,0
closed_eye_1056-jpg_face_2_jpg.rf.6ec5c6ba7e7d0dcf628e640308172ffc.jpg,2,0,0,0
_505_jpg.rf.9f1968cd3591dd3cfccf4681d9608569.jpg,1,0,0,0
110_jpg.rf.94983c4662ba7fe11a86f269fbd782aa.jpg,1,2,0,0
closed_eye_2356-jpg_face_1_jpg.rf.65e6f900e06e16921c5154dfd9a3d8fa.jpg,2,0,0,0
430_jpg.rf.952c6c167311d1c63b7697d0773075a1.jpg,1,1,1,0
_329_jpg.rf.1ac4e14106cb04dfd683ed257f258769.jpg,1,0,0,0
524_jpg.rf.089cea11b36abbeeb7b2ee92ccbbb268.jpg,3,0,0,0
closed_eye_0160-jpg_face_1_jpg.rf.61471e46e9fa34daca88fa81b79b1888.jpg,2,0,0,0
366_jpg.rf.21eda4d6ae86adbf6f008112d802b575.jpg,1,1,0,0
3485_jpg.rf.4884694cdb102dd62cb1c46ce74c78d3.jpg,1,0,0,0
_477_jpg.rf.1a6de1b8aade819ab9babde01f9d92a8.jpg,1,0,0,0
_152_jpg.rf.fa030851c52459f0068660a28af0fef4.jpg,0,0,1,1
photo_2023-04-06_09-09-15_jpg.rf.6f5766c3c2a286639451871c7109bee2.jpg,1,0,0,0
Yimg_000176_jpg.rf.0114d560bf2d94e8f2b1deffddb5a38b.jpg,1,0,0,0
_369_jpg.rf.2fbd8c515253a957eb4e61616bead4fc.jpg,1,0,0,0
_81_jpg.rf.b99eb0d48bda6387891dfc8a4f97e47d.jpg,1,0,0,0
258_jpg.rf.db41f01c951e18fec630664a9e7f3db0.jpg,1,0,0,0
_317_jpg.rf.b0f5c43f97042701fa57429bf5400e42.jpg,1,0,0,0
closed_eye_2372-jpg_face_2_jpg.rf.fb14f6fc60520ff1e64e8d0d42d6ca3f.jpg,1,1,0,1
closed_eye_2386-jpg_face_1_jpg.rf.6dc7fa0e9148f5d75a6b56fd8ef349e0.jpg,1,0,0,0
2845_jpg.rf.d4cebb274b41580511f5f2a66db4d8b7.jpg,1,0,0,0
closed_eye_0030-jpg_face_2_jpg.rf.8a6798cfcb6a4adbff199d103ceec633.jpg,0,2,0,1
_617_jpg.rf.1dee88a6feb9ad5835f927d878130b74.jpg,1,0,0,0
366_jpg.rf.9fdf3d994352016a31c255b4057acba5.jpg,1,1,1,0
_447_jpg.rf.4090c78d0092dee68c037bcf7d25df3c.jpg,1,0,0,0
111_jpg.rf.7436bb08f70ec87de713672e70d4de92.jpg,1,2,1,0
_531_jpg.rf.52ac0a36dd641080df92a8bbbd461863.jpg,1,0,0,0
451_jpg.rf.efb4281bcac3aff81790f1fe570cc0c7.jpg,1,2,0,0
closed_eye_2582-jpg_face_1_jpg.rf.4eea194fdf4dfd2489e56a20289c9e00.jpg,1,1,0,1
istockphoto-977514022-612x612_jpg.rf.34b9835b1354791171aa01af6348fe65.jpg,1,1,0,2
s0017_00189_1_0_0_0_1_01_png.rf.cf3bd38dac56f25e79991f9a272ae980.jpg,1,0,0,0
WIN_20220809_14_29_01_Pro-4-_jpg.rf.09780d3318e1979539040ebd595808e4.jpg,2,2,0,0
closed_eye_2677-jpg_face_1_jpg.rf.b4ff2f8af7f123ab38449b554d279af7.jpg,0,1,0,2
000482_jpg.rf.6434c3b225dfb2e13144b89fd5ec20ed.jpg,1,0,0,1
img_k_9960_jpg.rf.3d7ee4dbf88180533ecebadbf4c309df.jpg,1,0,1,1
2845_jpg.rf.b5fc240fbfc3bcc50b2bdb24d0699209.jpg,1,0,0,0
_376_jpg.rf.d4e16623ebbf7012dc92a93aa316a68b.jpg,1,0,0,0
single-person_jpg.rf.c6fa89e7eead5a2871debfce38e6c9ee.jpg,0,1,1,2
452_jpg.rf.6892c9c806fb4b0cefd14c53de40456e.jpg,1,2,0,0
yawn-fc63f336-3044-11ec-86b3-302432df5bc8_jpg.rf.7827e942cfec955ae03d5dca511db88b.jpg,1,0,0,0
closed_eye_0013-BMP_face_1_jpg.rf.24d72b6620465ff789e9bfe4fc80d56c.jpg,2,0,0,0
646_jpg.rf.d2e36b3ada3507ebc32be38a2a233f4d.jpg,1,0,0,0
closed_eye_0639-jpg_face_2_jpg.rf.4df9bc9fe19cfac4116b6546d14d73cb.jpg,2,0,0,0
istockphoto-1352446483-612x612_jpg.rf.c79a77fbc1d3628fa737f0f40a98ffc9.jpg,1,1,0,1
397_jpg.rf.d591ee0614a36b88d51b6788afeb4e43.jpg,0,2,1,1
closed_eye_2801-jpg_face_2_jpg.rf.9727226d43c54f30571a7433e1d30d3c.jpg,2,0,0,0
2283_jpg.rf.101d634f59ecabf5ee221c6ccbe2cef6.jpg,2,0,0,0
yawn-8f74dc4a-3044-11ec-9168-302432df5bc8_jpg.rf.caee8dcc550f0f35294696ef76dca559.jpg,1,0,0,0
_491_jpg.rf.5f39e5862780d468e4b575a4048b0c50.jpg,1,0,0,0
s0034_00007_0_0_0_0_0_02_png.rf.da6839184a660dc71f4e4206426cddbc.jpg,1,0,0,0
img_000566_jpg.rf.277adadb1c4bca02517d9acdc8c473d3.jpg,1,0,0,0
917_jpg.rf.7799e9441f82a5dcf90a7557ffa748ee.jpg,1,2,0,0
closed_eye_0043-jpg_face_2_jpg.rf.c45c5014dcd467231085a67ed2877ee9.jpg,2,0,0,0
577_jpg.rf.2ae8cb7c8417da6d3bd1457d4950716d.jpg,1,2,0,0
closed_eye_2183-jpg_face_1_jpg.rf.2d372c261610bb2853d482365a0e4e2a.jpg,2,0,0,0
_552_jpg.rf.7d2a0f6642b257f0b807b09cc7d613d5.jpg,0,0,0,1
_697_jpg.rf.1eea53d0885cd7df0a2e8f5a5ec1ded3.jpg,1,0,0,0
379_jpg.rf.0733ce84d97363e39050fd331a7c6256.jpg,1,0,0,0
594_jpg.rf.179f2b7bf1826e05103ca9b7856f384d.jpg,1,0,2,2
_14_jpg.rf.80e153ae641219d4e6f465e320da1b82.jpg,1,0,0,0
_684_jpg.rf.79cdda908a5f4a920cc6c535f57e33f3.jpg,1,0,0,0
799_jpg.rf.10623643fc6a6866eed5b604c58353ed.jpg,1,2,0,0
s0016_00383_1_0_0_0_1_01_png.rf.abde13740dcd57937e553b6d3b05e99f.jpg,1,0,0,0
_1_jpg.rf.d8b302975b24aa246b2075bac45e6ffa.jpg,1,0,0,0
closed_eye_2079-jpg_face_1_jpg.rf.224646861cc1569899670b6909641345.jpg,1,0,0,0
_626_jpg.rf.59d553945d0279c063040b73df17a45a.jpg,0,0,0,1
661_jpg.rf.412da5b24f5e258605db9fd135bcabbf.jpg,2,1,0,0
Yimg_000179_jpg.rf.578ddb376a21ac81101e7a0a29006525.jpg,1,0,0,0
_169_jpg.rf.c1251ac15f13ab4d3faa6c1ea5372698.jpg,1,0,0,0
closed_eye_2179-jpg_face_2_jpg.rf.a60406a62f9b2e89f4e2e4d217928d11.jpg,2,0,0,0
_614_jpg.rf.ba7060ee60f249110154124d891fc240.jpg,1,0,0,0
453_jpg.rf.8b8d01d0515cb403ea76bbd92d627179.jpg,1,0,0,0
19_jpg.rf.8ed2fc5a197926c71e89294a58e8693e.jpg,1,1,0,0
6_jpg.rf.f422614d3b0163c1fa3d91de9a8e28f9.jpg,1,2,0,0
_507_jpg.rf.f0ba425ed4617077453dd417a802020f.jpg,0,0,0,1
closed_eye_2372-jpg_face_2_jpg.rf.b8ebb481219661dc0eb051cd3366b963.jpg,0,0,0,2
_240_jpg.rf.0ce4a7a6d53f84eeec8da0aee70a669c.jpg,1,0,0,0
311_jpg.rf.97293aa8842a65ca1d98c1f05968322f.jpg,1,1,1,1
360_jpg.rf.c9dd064224ad251cdf4fc58b1c14ff6a.jpg,1,1,0,1
133_jpg.rf.37da3089577ae520e081826b21842a4d.jpg,1,0,0,0
closed_eye_2798-jpg_face_1_jpg.rf.4597520113f511ca5b28948cd3b41f32.jpg,2,0,0,0
Yimg_000157_jpg.rf.63d90f2219dbe3bbf285034418474ed6.jpg,1,0,0,0
468_jpg.rf.17ea20c91a3626227bf7ead668d7b627.jpg,1,0,0,0
2254_jpg.rf.25cb5814237b2edf5ddc23850138900f.jpg,1,1,0,0
closed_eye_1059-jpg_face_1_jpg.rf.b9a82da2056ea4ab26e67f172310a558.jpg,2,0,0,0
713_jpg.rf.4a3484b791be3e9113d01fadeff60cc0.jpg,1,1,0,0
84_jpg.rf.3e5df43c72d84d2d04fcdc84b0c10c0c.jpg,0,1,1,2
392_jpg.rf.085c86349ab5475220e2b86b95fc5245.jpg,1,1,0,0
s0034_00045_0_0_0_0_0_02_png.rf.fce2afc82d3c331ba4df6e25432e23d5.jpg,1,0,0,0
closed_eye_2018-jpg_face_1_jpg.rf.280c859c93b03d30800f0678437b703c.jpg,2,0,0,0
_1_jpg.rf.eee5d4a9d571c04c75e288c5dc5e28a4.jpg,1,0,0,0
247_jpg.rf.9fb595fc6efb88561393621c1c833126.jpg,1,1,0,0
491_jpg.rf.2be2c6ca2db4de0b5d179154464101b5.jpg,1,0,0,0
434_jpg.rf.df09873867fba24e431bbb617c6df46f.jpg,1,1,0,0
111_jpg.rf.edafcd113b8095f5ce7f520517f091b4.jpg,1,2,0,0
closed_eye_1205-jpg_face_2_jpg.rf.de34cd477278687be47f80723a11f9cd.jpg,2,0,0,0
closed_eye_0053-jpg_face_3_jpg.rf.22958c9b8dea21af4bf8cfc9f50bd2cb.jpg,0,1,1,1
890_jpg.rf.3d86a89139827946f183d358fd5b3b87.jpg,1,1,0,0
_689_jpg.rf.70c5eb9c4db436da1c390557fc36ac65.jpg,1,0,0,0
751_jpg.rf.2524543d4cba310e4cf10b20617b2cb7.jpg,1,2,0,0
_620_jpg.rf.f87bedf0e3e9951ab00c3a717381b644.jpg,1,0,0,0
closed_eye_1578-jpg_face_1_jpg.rf.b9ffef93588b865c5ecdec1b042c664b.jpg,1,1,0,0
closed_eye_0165-jpg_face_2_jpg.rf.d682d9842199c54a49a5304a311c8517.jpg,1,0,0,1
1110_jpg.rf.a3e2ab4672015b5f8243ad8852ce06e3.jpg,1,0,0,0
651_jpg.rf.6f16aa0aad44edab8ba30afe69ef73cd.jpg,2,1,0,0
2476_jpg.rf.1cbf3e99de3082237c7801949037e8a3.jpg,2,0,0,0
185_jpg.rf.09b020b0277b1d84ce7d844ffa45e240.jpg,2,1,0,0
382_jpg.rf.aba929f59a0a9e20c530f127a4e2c73b.jpg,1,1,0,0
_392_jpg.rf.c71ea156e15680e21e5e5717a975eed4.jpg,1,0,0,0
701_jpg.rf.78f64e426f9a38ac0eef0ada6044c5ce.jpg,1,2,0,0
443_jpg.rf.8158c86653c5771d2013323b4970a552.jpg,1,0,0,0
120_jpg.rf.28bc0700d24f74b8280d0533752ade04.jpg,1,0,0,0
_337_jpg.rf.4e56f9c9e9db162f96646dd0bcd3f4e1.jpg,0,0,0,1
s0016_01665_1_0_0_0_1_01_png.rf.adcbd646268eace31bb9d638aa91dd96.jpg,1,0,0,0
490_jpg.rf.c2b99fe857e89f9d853eb5cbf4028264.jpg,1,2,0,0
11_jpg.rf.ece70ba0d17e52a4b34a6ba5fd7c2355.jpg,2,1,0,0
751_jpg.rf.2bc922f9a7db8b15f5c1bb42556bee95.jpg,1,2,0,0
closed_eye_1888-jpg_face_1_jpg.rf.8459f22390e1ddf407a5f0d97f296a1f.jpg,0,1,0,2
1094_jpg.rf.75eff7b0d8ca99e1dfad19a67eb45213.jpg,1,1,0,0
89_jpg.rf.adb52f00d2d006f31ca0c29f859be880.jpg,1,1,0,1
_441_jpg.rf.3d4de0aeb115972f0f583d3d78bcbc1b.jpg,1,0,0,0
188_jpg.rf.c7ed0cd51fbac8eb4cab35d8f49bfd0d.jpg,2,1,0,0
_111_jpg.rf.a409a30101fe265351bd8ed3a88a6333.jpg,1,0,1,0
_342_jpg.rf.d0e5293ba367a94bc483204900b0b6a1.jpg,1,0,0,0
_287_jpg.rf.9015a219cb7205c644adea3e12faa6d1.jpg,1,0,0,0
closed_eye_1843-jpg_face_1_jpg.rf.f43b57f91a76965c4c223c6dc4a97efd.jpg,2,1,0,0
_423_jpg.rf.a92ea61971e14d172a9a25976fea07d2.jpg,1,0,0,0
img_000473_jpg.rf.5082249a34e6d74305eefaa58977d371.jpg,1,1,0,0
457_jpg.rf.68975d6b4faaf66da606ce689602713e.jpg,2,1,0,0
img_000576_jpg.rf.fadaab0a73d9356f4d44eb6291bf225d.jpg,1,0,0,0
closed_eye_2100-jpg_face_1_jpg.rf.816dab0174cfd1e3232eac9ada6bc367.jpg,2,0,0,0
435_jpg.rf.373f95eced2d70de2df973f49b29959c.jpg,3,0,0,0
closed_eye_2578-jpg_face_1_jpg.rf.c391a70683cd3723de723cd5c7cfd431.jpg,2,0,0,0
1308_jpg.rf.856f958de60990749276a8d048411a40.jpg,1,2,0,0
_182_jpg.rf.9862e8629d9ca77e433619f25866a37c.jpg,1,0,0,0
_565_jpg.rf.173f73dbe616ec45de1bd3e4a7fa88e6.jpg,1,0,0,0
_513_jpg.rf.50fa5c590fb2ab1d2f5d658615b46cac.jpg,1,0,0,0
1301_jpg.rf.12c7627c997863c45818fe3cffc7860e.jpg,1,2,0,0
228_jpg.rf.9c248f81e291722b3e55321f437b20e5.jpg,2,1,0,0
744_jpg.rf.57851895f6b4036f9c7a30f4278781be.jpg,1,2,0,0
_468_jpg.rf.6454db8a81b0053b3fe065638f9de99a.jpg,0,0,0,1
closed_eye_2641-jpg_face_2_jpg.rf.19c2a256bbe566b6cbcb1ac7a6f0648d.jpg,2,0,0,0
PIXECT-20220526010344_jpg.rf.3e846baff4f80933f96e6bb1414de97f.jpg,1,0,0,1
983_jpg.rf.bb6dd79271e9ca89436f058479a5f840.jpg,1,1,0,0
_189_jpg.rf.9c81b9f75da78d8dfa11c923aef955c2.jpg,1,0,0,0
_571_jpg.rf.5e9b9a4c49567b374732eecb83a2f255.jpg,1,0,0,0
_596_jpg.rf.f54c9b84002d70a97c8398a076db94e5.jpg,0,0,1,1
580_jpg.rf.d8aa8c3d4aa2102b29c68e77ea78bd9d.jpg,2,0,1,1
_29_jpg.rf.0fed8e93e12a071e3c66982d00aaf315.jpg,1,0,0,0
closed_eye_2505-jpg_face_1_jpg.rf.5466351ac566089904428ab6663a48c9.jpg,0,0,0,2
_253_jpg.rf.0719604f4c5e04f6fb1a0a01b39f35f2.jpg,1,0,0,0
474_jpg.rf.fe3c594363961662ee0443340656aff1.jpg,2,1,0,0
Yimg_000217_jpg.rf.b5206006ad1868b1d8b26741a6729e1b.jpg,1,0,0,0
Yimg_000327_jpg.rf.c0e1077cb3eb60d2d2794bd60f507bd7.jpg,1,0,0,0
341_jpg.rf.4965acf57c411ff5d312a84a50779ef2.jpg,1,1,0,0
closed_eye_2030-jpg_face_2_jpg.rf.1ee71338a9a695f6235de918566e5890.jpg,2,1,0,0
images-59-_jpg.rf.0b07b02b6cb06c097df0d27005d782a2.jpg,2,0,0,0
1388_jpg.rf.3c56e91affbb58087959d62664a61fe0.jpg,1,2,0,0
274_jpg.rf.506077aaa12f628935b7b35d9ca8e813.jpg,1,2,0,0
_588_jpg.rf.d629755477187d254e7611a217df8349.jpg,1,0,0,0
Yimg_000093_jpg.rf.770ea0186f29a297eb50128249bd2b6b.jpg,1,1,0,0
_358_jpg.rf.82643cc4a4ca2053c1b2ac07435382ce.jpg,1,0,1,0
_686_jpg.rf.7923e41eebe1455da9b15acc2488b900.jpg,1,0,0,0
1764_jpg.rf.7ea8f7e2e49f38713672910edf9bfa1a.jpg,1,0,0,0
s0012_04661_0_0_1_2_1_03_png_jpg.rf.a48b09c8abf4109a024f779565236cc1.jpg,1,0,0,0
563_jpg.rf.ee81ce2fd182aff3bc03df14706857f9.jpg,2,1,0,0
000013_jpg.rf.8f21fa99ea42e2d1aafe281932a79066.jpg,0,0,1,1
closed_eye_1843-jpg_face_1_jpg.rf.9fe75e852ba891547d4f8f1f8f6633a6.jpg,2,0,0,0
867_jpg.rf.7107f1bb4444f25a3f861dfe838b46b9.jpg,1,1,0,0
435_jpg.rf.350a8b08722b124faa1657c595736eed.jpg,3,0,0,0
_325_jpg.rf.328134cae5ddc94e2fc7c2728ab8ba85.jpg,0,0,0,1
265_jpg.rf.44ed5ef9a8e97b3828d6eb6de2e08d51.jpg,2,1,0,0
1141_jpg.rf.7401a34f55b2110c3e772f16aa293738.jpg,1,2,0,0
closed_eye_1161-jpg_face_1_jpg.rf.1d7fe9132e0626d8323b04668d0f24fd.jpg,1,4,0,0
_411_jpg.rf.47a82dec5d2cce05eb2b2f2651ccee1f.jpg,1,0,0,0
_336_jpg.rf.e579f6ee7cba5c19ce7623e003ff1bb9.jpg,0,0,0,1
412_jpg.rf.118adcccd9f55610279295247ed18538.jpg,2,1,0,0
closed_eye_1564-jpg_face_1_jpg.rf.3a7288b8908c72134ff969cda3762589.jpg,1,1,0,0
closed_eye_0895-jpg_face_1_jpg.rf.6a194b51fc2918b4d3273ff6c683727a.jpg,2,0,0,0
139_jpg.rf.4b90bd635e068126ce58b5b58ae8a686.jpg,1,1,0,1
607_jpg.rf.a47c25f8b1e31d529ac97dd5b426f737.jpg,1,1,0,0
846_jpg.rf.8702d2a4b20f9d9666bf1216e98f08db.jpg,1,0,0,0
istockphoto-135721568-612x612_jpg.rf.b060dd0e07f96827e26ba6074cda93f1.jpg,1,0,0,2
closed_eye_2625-BMP_face_1_jpg.rf.7219d694be791fd0949c9e6dc5b7b3c5.jpg,2,0,0,0
_635_jpg.rf.03220756d15d0071a415059caf6fa96c.jpg,1,0,0,0
1080_jpg.rf.3d51f6fc196192471478c8fb1de15542.jpg,1,1,0,0
13601661_1_jpg.rf.2bab6f1635751716a45a0a2aa4ba8318.jpg,2,0,0,0
_365_jpg.rf.dddc1dd99a5b0e68409997a3256f8ce6.jpg,1,0,0,0
_141_jpg.rf.0d79ce31024de94e3567e43d96859329.jpg,0,0,1,1
1105_jpg.rf.4a000a3ede9f97a15a070144053df311.jpg,1,0,0,0
433_jpg.rf.85cd88524dc24db504c754083604b729.jpg,0,2,0,2
95_jpg.rf.a64f4fe9c0983964c8b3c00914d5e5fd.jpg,1,1,0,0
70_jpg.rf.44f4178424d4edf33ba2b9d504b83325.jpg,1,0,0,0
3512_jpg.rf.f29d76f412d380150bcc15a1d72b8d3d.jpg,1,0,0,0
_302_jpg.rf.7e321920a32bba7d77e242ad4e80f7f6.jpg,0,1,0,1
104_jpg.rf.19eddcd8e5c45b37ec78cecd0c118174.jpg,1,2,0,0
694_jpg.rf.770280079eced6f6cea91864df818ed5.jpg,1,0,0,2
000530_jpg.rf.96d25ac2a542e551878d730f9573534d.jpg,1,0,1,1
91_jpg.rf.fa4ddfb972d9c35a7f86589a1fdc2605.jpg,1,1,0,1
_561_jpg.rf.9e58b50c1579775a56209de1c1838d0c.jpg,1,0,0,0
_725_jpg.rf.c8bf7a9d54ad38344eadc18e51885cd4.jpg,1,0,0,0
1062_jpg.rf.fa2699875dd3f53ec06543016db3b512.jpg,1,1,1,1
_180_jpg.rf.9e85045e54cbbebbd1622945dd0bd78a.jpg,0,0,0,1
143_jpg.rf.b53ee9a81b9bd2eca71d7ab8059ffb9d.jpg,1,2,0,0
161868885_1_jpg.rf.aff2ef25ba9275335d572df7162f821d.jpg,1,0,1,1
closed_eye_0151-jpg_face_1_jpg.rf.c778720aff7e03cfe6fac31bf199d0bf.jpg,0,2,0,1
s0016_00342_1_0_0_0_1_01_png.rf.774f513cc4222c9d4f0559d8153ee74a.jpg,1,0,0,0
yawn-e6dd8982-3041-11ec-9a0f-302432df5bc8_jpg.rf.4f77d6c89f711e39fb7409cbb3e40d4d.jpg,1,1,1,0
116_jpg.rf.2bcd8bfeb03da459f2fb036a270ebd1f.jpg,1,0,1,0
yawn-3081732e-3043-11ec-a705-302432df5bc8_jpg.rf.f924d75f18b754bff180743c605e6a6e.jpg,0,0,0,1
321_jpg.rf.9e3a13f053ea6f526802503292803b77.jpg,3,0,0,0
closed_eye_0260-jpg_face_1_jpg.rf.e3b33255be9ba1e64b58a161b37ec98f.jpg,2,0,0,0
1119_jpg.rf.1519f0add5f486514b74d7ad22d5f747.jpg,1,0,0,0
img_000403_jpg.rf.075b6434631c60b566e717ce3d6d2564.jpg,1,0,0,0
579_jpg.rf.515d127cf394bb94b4cce938d31c8241.jpg,2,0,0,0
closed_eye_0428-jpg_face_1_jpg.rf.adc170c5744df75dbcb00dc5aaa7a321.jpg,2,0,0,0
50_jpg.rf.aed85d12161f7fe1347dbdf986edf849.jpg,2,0,0,0
3474_jpg.rf.489a0cf8c04220047d7997e15912f6a4.jpg,1,0,0,0
closed_eye_0198-jpg_face_1_jpg.rf.ab3099d5f4995c3752c7f37bad15d72a.jpg,2,1,0,0
img_000480_jpg.rf.7a8f351cbd81160649b62b26ddf6be78.jpg,1,0,0,0
426_jpg.rf.c85634abc17fa86ebaf33638e203e58b.jpg,1,0,0,0
1541_jpg.rf.e3809cbdf750ba9387850fcaeb8d1360.jpg,0,0,0,1
460_jpg.rf.aa55a5d1af0625f35f5e3a8bb74d9c6e.jpg,1,0,0,0
3467_jpg.rf.a4603b4b82d8615c7b3d64739c25b0e2.jpg,1,0,0,0
closed_eye_2339-jpg_face_1_jpg.rf.c9824310a62ed24f476b7440a3a30fb7.jpg,0,0,0,2
_402_jpg.rf.f07353d981a1d6b3601dd44c9e0f3a73.jpg,1,0,0,0
closed_eye_2522-jpg_face_3_jpg.rf.7646e0409d9e89c34cb786b1a07cf66c.jpg,2,0,0,0
closed_eye_0258-jpg_face_1_jpg.rf.37b7f95ea47c9203a3103c6d09ac0434.jpg,2,0,0,0
160_jpg.rf.b9c3442ad85d31f95638d8b5ee1e98c4.jpg,1,2,0,0
_16_jpg.rf.5d62d9bc34cf48cf98901cd0cb2c257b.jpg,1,0,0,0
3203_jpg.rf.0f8c6115cf28be0684c2111ec57e5765.jpg,1,0,0,0
closed_eye_0353-jpg_face_1_jpg.rf.1b85a7681e5f96e6145857f55d15871b.jpg,2,0,0,0
closed_eye_1463-jpg_face_1_jpg.rf.d31d6cc498eadcf936b683a4fd644102.jpg,2,1,0,0
closed_eye_2795-jpg_face_1_jpg.rf.7ae9d6ced9cb5986511e58cb6028c767.jpg,2,0,0,0
_540_jpg.rf.ccec619b8e9024509de0359c1e7396be.jpg,1,0,0,0
191_jpg.rf.35f9066aad6fbb2fc342cc6c260faec7.jpg,1,0,0,0
_17_jpg.rf.fc7152797f3b2428cc3de0840446c607.jpg,1,0,0,0
190_jpg.rf.d9ad4247d447f4eca02b32dc017e62cc.jpg,1,2,0,0
closed_eye_1462-jpg_face_2_jpg.rf.ba4a198eea47324b17b8792ab2f4c25d.jpg,2,0,0,0
closed_eye_2352-jpg_face_2_jpg.rf.0b94301064a035f00bf511489fe94a10.jpg,2,1,0,0
s0019_00155_0_0_0_0_1_01_png.rf.756d03f27aee4980a251242d0d78da80.jpg,1,0,0,0
3499_jpg.rf.b9b40d31c35d139199ef03e35466c088.jpg,1,0,0,0
closed_eye_2699-jpg_face_1_jpg.rf.f28b3d4d2b58a43792a4a90c455cd510.jpg,2,0,0,0
closed_eye_0745-jpg_face_2_jpg.rf.49980c4f9ecf0a13a74958233aa6dce7.jpg,2,0,0,0
241_jpg.rf.8b37192293ffad1b70ddd57e0744e751.jpg,2,1,0,0
644_jpg.rf.ec961a09d0871dfed76702afdb376adf.jpg,2,1,0,0
298_jpg.rf.a09a3f14ee9592bb5699337962852e78.jpg,2,1,0,0
_144_jpg.rf.0e88462127dc686560c90b42249d54a9.jpg,1,0,0,0
closed_eye_0382-jpg_face_1_jpg.rf.d755486d7c1b3b97f7264b74d2b5f1be.jpg,2,0,0,0
612_jpg.rf.420289b34fced35568b918d05249d85b.jpg,2,0,0,0
670_jpg.rf.f4321d8e221832d03b653811a299598e.jpg,1,2,0,0
265_jpg.rf.ad95f60b67ef7a819eaad3dc864793ec.jpg,1,0,0,0
closed_eye_0218-jpg_face_1_jpg.rf.e154b54f93ec828cc8874521642bd7c5.jpg,0,1,1,1
s0019_06008_0_0_1_0_0_01_png_jpg.rf.6312ffc9269c1845929a7f47ed14ac93.jpg,0,0,0,1
129_jpg.rf.65d52b28e01bad044aa077ccc782fe4c.jpg,1,2,0,0
226_jpg.rf.34d312854fb53e709cd6ddd374d5b060.jpg,1,2,0,0
istockphoto-183418307-612x612_jpg.rf.818dd5c6a40009e556c19dc89fa4d043.jpg,1,1,2,2
_127_jpg.rf.d362fbe3a5efa9ab8d0798194c094d87.jpg,1,0,0,0
373_jpg.rf.1a95b64e2db1af891641fa7525dd66c2.jpg,0,0,0,1
_108_jpg.rf.e827d5e8c448d967783b2d11207424df.jpg,1,0,0,0
_643_jpg.rf.8d33a997373a4d95e8c7ce4835ad5e29.jpg,1,0,1,0
s0019_00114_0_0_0_0_0_01_png.rf.28e47f44c64c24fefe620fa83ab2da89.jpg,0,0,0,1
s0016_00396_1_0_0_0_1_01_png.rf.eca35fc9e6268751d253c5ed7c9f3256.jpg,1,0,0,0
000564_jpg.rf.f53face610724f07ff0c1b9db83b6cbb.jpg,0,0,2,2
1429_jpg.rf.b536ba4d4612f061ec649e2b54f05adb.jpg,1,2,0,0
_197_jpg.rf.386283cf44a5433976251239578f3933.jpg,1,0,0,0
closed_eye_1319-jpg_face_1_jpg.rf.88c6737df0245e63a00a1d46fc393962.jpg,2,0,0,0
s0016_01638_1_0_0_0_1_01_png.rf.f4efb995adb55e849badf072e70440ca.jpg,1,0,0,0
_685_jpg.rf.d3b4513b631d9355fbc9552725e905a5.jpg,1,0,0,0
166_jpg.rf.eb27413b14204e1001371c70db2e9af0.jpg,1,1,0,0
image_0255_jpg.rf.c7711e729ab3b632cba52790a975b2a0.jpg,2,0,0,0
120_jpg.rf.e27ff347cfe665b2823a168949f7fe1a.jpg,1,0,0,0
1300_jpg.rf.917185148b9ef45fb5d6bf49b76ced86.jpg,1,0,0,0
1209_jpg.rf.25ab8098898aaa9b62aee162208de723.jpg,1,1,0,0
closed_eye_2139-jpg_face_1_jpg.rf.55ff5507de21eeba0f713c65fd7b85f6.jpg,1,0,1,1
2670182321_1_jpg.rf.732a086ba189711aabb34039c8a17d05.jpg,0,0,0,2
_659_jpg.rf.5db67cacae6cff58aa51eacef125127d.jpg,1,0,0,0
closed_eye_1614-BMP_face_1_jpg.rf.acf4e471ddf8126b590404fdab99ee10.jpg,2,0,0,0
_82_jpg.rf.ddd151ff53bc1a47e58e1e7ea12b40e7.jpg,1,0,0,0
_389_jpg.rf.4f71a94deb8cc84cdc8c16ced4a4edfc.jpg,1,0,0,0
_627_jpg.rf.2848e8ac2edc8515bd5bacbed79538d7.jpg,1,0,0,0
384_jpg.rf.1ef849702070fe69a6d690f1a17db48d.jpg,2,1,0,0
_719_jpg.rf.c7ae522eb5160d51dfb3aba44882554b.jpg,1,0,0,0
_433_jpg.rf.7fb902bcd7867c94751017b7e2e1732a.jpg,1,0,0,0
663_jpg.rf.9c1a777dd55a2d3938763bd6b72c6e4d.jpg,1,1,0,0
1598_jpg.rf.4cb656aedb9c0ab30276ef88ee0969b4.jpg,1,0,0,0
_147_jpg.rf.3378bd6e2ed0343b9d48fea0367bad0b.jpg,0,1,0,1
closed_eye_2521-jpg_face_1_jpg.rf.1442169440b2a0a2eb40b9ae5f4eebbe.jpg,2,0,0,0
closed_eye_1980-jpg_face_1_jpg.rf.87e8077d1741b6abb19b0fde5658aca2.jpg,2,0,0,0
closed_eye_2677-jpg_face_1_jpg.rf.04099461d038f07e890dc588ef54c97a.jpg,0,0,1,2
3431_jpg.rf.b7824e4698772d9770340114576c342b.jpg,1,0,0,0
Yimg_000227_jpg.rf.895ef3a88f4764e299e40e91fd8f99bd.jpg,1,1,0,0
closed_eye_1634-jpg_face_1_jpg.rf.b9eac830259e374c3a7e5ee9bb94c27c.jpg,2,0,0,0
904_jpg.rf.86c917a0edf7eae2a0c888ce5e0b9c90.jpg,1,2,0,0
607_jpg.rf.13ba7ece935c2cc2cc848646d5625b7f.jpg,0,0,0,1
_188_jpg.rf.9286766203f17fef2ff87314ab0c1740.jpg,0,0,0,1
_649_jpg.rf.ed5920f798e33d13eff467fd3f70aa9e.jpg,1,0,0,0
WIN_20211018_22_23_24_Pro_jpg.rf.865c47ab3edd84624db36e99a49c4f8f.jpg,1,0,0,0
Yimg_000188_jpg.rf.b854ead5d5b49c9178592b6bdc77ed68.jpg,1,0,0,0
345_jpg.rf.750d278c82ef9e23e072fe58d831acc6.jpg,2,1,0,0
closed_eye_1885-jpg_face_1_jpg.rf.8efe82fdaf2ea145c07907038aa125a2.jpg,2,0,0,0
_137_jpg.rf.fa037b53aae6f1418e8c7228f413cb47.jpg,1,0,1,0
_277_jpg.rf.74c6e95a54b24b2039ac31be51349b56.jpg,1,0,0,0
85_jpg.rf.091c4ff99489aae8581948119a359686.jpg,2,2,0,0
closed_eye_1033-jpg_face_2_jpg.rf.796316e4c34ad3db9f4b3ea64dc894e0.jpg,2,0,0,0
3526_jpg.rf.ed3930f2b5b06c40415804953e3d142b.jpg,1,0,0,0
3512_jpg.rf.dd52dcf8e4be5e35e7f61e30de24032b.jpg,1,0,0,0
512_jpg.rf.9e848e20043c97c04633d199cb874eb3.jpg,2,1,0,0
1293_jpg.rf.8198a3b1b6962d02086325ca8093ebe8.jpg,1,2,0,0
closed_eye_2740-jpg_face_1_jpg.rf.04a5f10a4711b951747e7fe67b858d9f.jpg,2,0,0,0
_714_jpg.rf.04ac7d3f1cb7732996da6ccdf6266376.jpg,1,0,0,0
_399_jpg.rf.f98edceb65d039244f8c6ef2ccd29377.jpg,1,0,0,0
closed_eye_2528-jpg_face_1_jpg.rf.f0f364e5a6e1d99ce4714c53eb8aecf2.jpg,0,0,1,2
1438_jpg.rf.a78db6461e370e4f158fbe9199248355.jpg,1,0,0,0
824_jpg.rf.aa8299cedf69efe65cf703438eefe8a2.jpg,1,0,0,0
_469_jpg.rf.0ed341b71167a619eec0426093fa993d.jpg,0,0,0,1
closed_eye_1579-BMP_face_1_jpg.rf.ce39ff1bc9580e76e6b67f029cc4e2c6.jpg,2,0,0,0
Yimg_000174_jpg.rf.9ddcca03031f5cf03f9c077593ac70c6.jpg,1,2,0,0
80_jpg.rf.df8ffeb4abf5bd12d5d9bd7cf075d92f.jpg,1,1,0,1
641_jpg.rf.18a4048c1ce11d7b9d4219a48a3c4e13.jpg,1,1,0,1
893_jpg.rf.229cec2f0870732b9a47dc0ddb818edc.jpg,1,0,0,0
closed_eye_2152-jpg_face_1_jpg.rf.79e28e3737ce2ba6f7b43968160cbd6a.jpg,1,2,0,0
_487_jpg.rf.f1bc48a6640389f2f473d2f1e44d9801.jpg,1,0,0,0
Yimg_000177_jpg.rf.285a8a351566cba2bc0c2d3b1f5336df.jpg,1,0,0,0
_427_jpg.rf.eee9f1469a0b14ed2ef9365343bd54ca.jpg,1,0,0,0
_139_jpg.rf.f42ab43250b03cae7dcd5b4d51314a1d.jpg,0,0,0,1
_637_jpg.rf.3209966b5bfb54bf163f19de17f5c622.jpg,1,0,0,0
475_jpg.rf.588b6db6d2eb6cc5adb2b6c440b7411b.jpg,1,1,0,0
istockphoto-1097330994-612x612_jpg.rf.73cb9e6a09c633f6b87cb9d68247ec31.jpg,1,0,0,0
closed_eye_0208-jpg_face_1_jpg.rf.ab912ab938971adf630afcac1d767dca.jpg,0,0,0,2
closed_eye_2322-jpg_face_1_jpg.rf.1ab01f1021ddb6a473c1200af055478e.jpg,1,0,2,1
s0016_01386_1_0_0_2_1_01_png.rf.a0563652d238f9e2c2b6886c745fe7fb.jpg,1,0,0,0
324_jpg.rf.9e23c2beae587511f25613c59af590c8.jpg,3,0,0,0
370_jpg.rf.aac4b85c2bf228c993fc5496c0d23fb4.jpg,1,0,0,0
img_000555_jpg.rf.305a0cace3aeaaf51e0ccf5106a1ed11.jpg,0,0,0,1
570_jpg.rf.2637a11a814bea229c8434de59b102a0.jpg,1,0,1,2
_567_jpg.rf.556102fc9f53b56e75cb7216c07c937b.jpg,1,0,0,0
s0014_06981_0_0_1_2_1_02_png_jpg.rf.267f0bc1d47a8a69ad17f8021bcc1508.jpg,1,0,0,0
closed_eye_2037-jpg_face_2_jpg.rf.358bf9a1da0a08524ebff8625148035c.jpg,2,0,0,0
714_jpg.rf.9d1015e00cedef6f339389535d0f2d26.jpg,3,0,0,0
708_jpg.rf.1547064ef9f82658f0754604af887220.jpg,1,1,0,0
1098_jpg.rf.91f4d26b4e095387f72bb3225da15242.jpg,1,0,0,0
1170_jpg.rf.81af0d5ef30b456fd6df1aaf83531c91.jpg,1,1,0,0
closed_eye_2753-jpg_face_1_jpg.rf.33ae10e8ef82157ae8a187b60f51c7bd.jpg,2,0,0,0
_683_jpg.rf.2076b4fce91972ac10612d31715d1f4b.jpg,1,0,0,0
image_0111_jpg.rf.4ae0f6ee787f0862a1a73cd110491bdc.jpg,2,0,0,0
_570_jpg.rf.4a8e1af1e1a5e40199f1344e4d59c156.jpg,1,0,0,0
66_jpg.rf.b04a7991056d182638b749af300e5021.jpg,2,1,0,0
closed_eye_1307-jpg_face_1_jpg.rf.e468022c557dc6db015feab4e73c6076.jpg,2,0,0,0
_76_jpg.rf.848505c15c95a319b8e036a21ff31d25.jpg,1,0,0,0
309_jpg.rf.38a85f2130417460a8899be34e3d3036.jpg,1,2,0,0
1683_jpg.rf.39fc108720b31e5ef91468d4326b8b00.jpg,1,0,0,0
_417_jpg.rf.5feafd38ccd58c7b30435ee107fe8769.jpg,1,0,0,0
274_jpg.rf.d60271f03496a342d994d1017163528d.jpg,0,0,0,1
s0017_00184_1_0_0_0_1_01_png.rf.b7ed599fd373447d8e201799cbed81d0.jpg,1,0,0,0
000047_jpg.rf.0c1cf1213b04bf675bf272b1c970cbcc.jpg,0,0,1,1
_202_jpg.rf.f582500569865218e37c91cdd88a4cd7.jpg,1,0,0,0
s0014_06984_0_0_1_2_1_02_png_jpg.rf.9bcb8088cd0e9fd52d68e5385f90f1a6.jpg,1,0,0,0
_65_jpg.rf.bc9b193d0efe61703f72329c3b2fb37d.jpg,1,0,0,0
1168_jpg.rf.e28b5f24fa82207488faf9bfae7ec1f0.jpg,1,0,0,0
56_jpg.rf.94d82f36de600c79a761416fccd38766.jpg,2,0,0,0
93_jpg.rf.02a0c18b45440d61582201eac06b48ec.jpg,1,1,1,0
webcam-toy-photo38_jpg.rf.77f56c2f169a0cf4d00b133211758a3b.jpg,1,0,0,1
690_jpg.rf.a3c7a54e5e8223128f8c7cac04791f97.jpg,1,2,0,0
414_jpg.rf.1742566fff27c1c4cf7cdf2eae79d7a7.jpg,1,0,0,0
201_jpg.rf.17081a806583ec82958fc9e38f9d8d7c.jpg,1,0,1,0
63_jpg.rf.070cfd22108c404824cf4013d06e755a.jpg,1,1,0,1
_257_jpg.rf.d7e5a9b1a009a295cf7d313700dd9282.jpg,1,0,0,0
398_jpg.rf.c3737694ef1bef453a716ea878e074fa.jpg,2,1,0,0
_667_jpg.rf.78bb2ba93d988c599be840ec60e79591.jpg,1,0,0,0
image__1015_jpg.rf.df5398ad90c94663ff0790f192245533.jpg,1,0,0,1
s0012_04720_0_0_1_0_0_03_png_jpg.rf.af0e6f282351041dc2e7dc28918d016b.jpg,1,0,0,0
435_jpg.rf.219e522fbea33be5adc3ad82a23e2f58.jpg,3,0,0,0
istockphoto-933073920-612x612_jpg.rf.c7d0b5d80557670749d4a14165341f9c.jpg,1,0,0,1
_373_jpg.rf.600e74d3a349f815c094a819a34a7089.jpg,1,0,0,0
_336_jpg.rf.9dc2dfd276a49e07db9a3b2c38a9e9bf.jpg,1,0,0,0
_8_jpg.rf.46f63036ec38ffd3032871aa7acac160.jpg,1,0,0,0
1689_jpg.rf.f84fd34d3e44d5fa580a7a35ec486d57.jpg,1,1,0,1
_68_jpg.rf.fa6afbbcd0c572b3f547bc28778ccad0.jpg,1,0,0,0
226_jpg.rf.1d01b9bf439372bc10ec1c2e6c4842c6.jpg,1,0,0,0
_214_jpg.rf.540b87eeee7b98e290dd4fd1e28c10ad.jpg,0,0,0,1
closed_eye_1972-jpg_face_1_jpg.rf.0a21ab02fe7da0785ba9865797812ef6.jpg,2,0,0,0
226_jpg.rf.e1d6e2ef200d11c37880d453a4c09ed8.jpg,1,0,0,0
img_000397_jpg.rf.a386613e87db47826452102d60d94fab.jpg,1,2,0,0
_163_jpg.rf.4aef9c24e9afdd62c0f681e306296f2a.jpg,1,0,0,0
_160_jpg.rf.2dede6780c778c27be4d377a41f03e2e.jpg,1,0,0,0
_705_jpg.rf.003f346576dfce46545d56d71c3ac62d.jpg,0,0,0,1
1757_jpg.rf.15af5d8bd3061a09a02ae736451dcf9b.jpg,1,0,0,0
1163_jpg.rf.3a41f1d16777281c1ae4e2a99e1aef44.jpg,1,0,0,0
27_jpg.rf.e6594a6ac650a2fb53cd9df390733cab.jpg,2,1,0,0
2228_jpg.rf.8e076fbebad01ed1c25a63eb486ee21a.jpg,2,1,0,0
2_jpg.rf.4c2d3d377250397c95336d6f8400a770.jpg,2,0,0,0
closed_eye_2247-jpg_face_2_jpg.rf.4d00a4135b433f31cfc894eefc195128.jpg,2,0,0,0
_613_jpg.rf.cbf83e699c3966f9067992d6373c4846.jpg,0,0,0,1
2719469475_1_jpg.rf.6e41f0b53ad0ef501e395d553786f7f2.jpg,2,0,0,0
540_jpg.rf.d54670fb63605f32dfe798a415eef738.jpg,3,0,0,0
Yimg_000310_jpg.rf.e9a2fc9beae2309c9c7788d1a3890540.jpg,1,1,0,0
_659_jpg.rf.1ec61a986c758c13253b7074181eacd7.jpg,0,0,0,1
_653_jpg.rf.d0f8abf30438ca0f696a1a8e2b01af23.jpg,1,0,0,0
18467619_1_jpg.rf.adafb9926e797ac8e5eaf1a63cff50ae.jpg,2,0,0,0
closed_eye_1266-jpg_face_1_jpg.rf.b34e4554f8fa49283e6e2bad004422f5.jpg,2,0,0,0
3429_jpg.rf.a754b229fe68dce474ec03de71f9ba2b.jpg,1,0,0,0
_467_jpg.rf.a9d6b514b663a9e25bfe45e911d8cd85.jpg,1,0,0,0
50_jpg.rf.a6251a4a0aa2469d57858198e9979523.jpg,1,2,0,0
2069_jpg.rf.af4d3360d90977bde733c437592c6b32.jpg,2,1,0,0
246_jpg.rf.719d0784ffd223ff22b2b09338b04777.jpg,2,1,0,0
closed_eye_0342-jpg_face_2_jpg.rf.c8ac0a956fd1c2c40b33b5b05e859dd3.jpg,2,0,0,0
photo_3_2023-05-02_17-59-15_jpg.rf.59a8b2a4da6c4d9578a36c0a05ff035b.jpg,1,0,0,1
281_jpg.rf.d114728d4d3e72081a8fbdef5fc509b8.jpg,1,1,0,0
_396_jpg.rf.4c1907f9fa62cfaacc1ae21156fbe694.jpg,0,0,0,1
closed_eye_2029-jpg_face_1_jpg.rf.47a86ed1d7b839fb4f726f23b0f59f7a.jpg,2,0,0,0
_233_jpg.rf.b0ad87b72ae229d03bea335f0d0889b8.jpg,1,0,0,0
image__12905_jpg.rf.3c2b281a675141a276d2547856297547.jpg,2,0,0,0
_520_jpg.rf.a134e6560cbe7ec30a0261eb4cf844dc.jpg,0,0,0,1
604_jpg.rf.7007cb4f2b117220b76f412a91e36a46.jpg,1,0,2,2
_273_jpg.rf.65c4430ec7f66a4e549e2ed738c852b3.jpg,0,0,0,1
_270_jpg.rf.2a543c90c2673ac51567824ff2c91f16.jpg,1,0,0,0
988_jpg.rf.61065d795c775f9585266a2d5cb98073.jpg,1,2,0,0
_209_jpg.rf.bcda374439ca2304ff8ec032d05db45c.jpg,1,0,0,0
226_jpg.rf.f7300f5a6ba1cda0a74a89d41073256e.jpg,0,0,1,1
_552_jpg.rf.470abd6ee6e906370755130abb7be5c8.jpg,0,0,0,1
670_jpg.rf.3e4c405d2486204696a2364ec3ad3289.jpg,1,1,0,1
190_jpg.rf.f45a04810df10c6e63d81f85ea789cd6.jpg,1,2,0,0
1124465440_1_jpg.rf.624888dd02f559e928c0f6659e5ed406.jpg,1,1,0,1
closed_eye_0093-jpg_face_1_jpg.rf.3de3ed79dfcdf4880c5200dc64e35f17.jpg,2,0,0,0
36_jpg.rf.b850e84a8d83bc50a98a0808c8fb152a.jpg,1,0,2,2
565_jpg.rf.88a7841b369ad8c49fa5a9665690c108.jpg,2,1,0,0
_80_jpg.rf.f152afe3218ed8a4dcfe0514e686e95b.jpg,1,0,0,0
PIXECT-20220526010310_jpg.rf.024e45582ac06bc7864e65cb54cb5b9b.jpg,1,0,0,1
953_jpg.rf.2b10c64060688887d92e5f7a35ba957b.jpg,1,1,0,0
s0016_01503_1_0_0_0_1_01_png.rf.d6bd2b8db4aac905db69306779c9126d.jpg,1,0,0,0
closed_eye_0823-jpg_face_2_jpg.rf.9bfccb76744dcdde57862989c7dd757a.jpg,2,1,0,0
Yimg_000203_jpg.rf.91ac180e7ed8cea09e532c61cd853aed.jpg,1,1,0,0
672_jpg.rf.215792ce94d1712283cd2750034b5632.jpg,1,1,0,0
3217_jpg.rf.2e011eeb8080d91bcc27ae13033b316c.jpg,1,0,1,0
103_jpg.rf.ae549fff9414dac32a8a24e0cc3e0a86.jpg,1,2,0,0
closed_eye_0089-jpg_face_1_jpg.rf.321ff17219281f06262fc8a637486d59.jpg,2,0,0,0
777_jpg.rf.bf0733c314de92d286ae26cffe09d19d.jpg,1,2,0,0
s0001_02887_0_1_1_0_1_01_png_jpg.rf.73bfcc03bd3a0ef519dc6f45b1121286.jpg,0,0,0,1
1347_jpg.rf.55d6bd5176b300c6981d3c73b75b5aba.jpg,1,0,0,0
_634_jpg.rf.63f7919f1b541a24df7b52afd64ca43f.jpg,1,0,0,0
webcam-toy-photo5_jpg.rf.f15eb75b1dc9b9badfbcaa9383ca950c.jpg,2,0,0,0
343_jpg.rf.69309d30c112aee13370c6eae22f7a73.jpg,1,0,0,0
_263_jpg.rf.b9ce82aca046e825e9a51e2f1e0318f1.jpg,1,0,0,0
3478_jpg.rf.1f8c9853f558d29bec1b81afc22c4c62.jpg,1,0,0,0
closed_eye_2767-BMP_face_1_jpg.rf.28e23288c554d8c14a64c5e8afaad5f0.jpg,1,1,0,0
210_jpg.rf.15e6cf08f485c1e07ffaa379d7163117.jpg,1,1,0,1
615_jpg.rf.d5d29ca631c8d9f85830e5c5e196b104.jpg,1,2,0,0
2008_jpg.rf.aaf5933d9bd4bbe86aed316a147302a4.jpg,2,0,0,0
_249_jpg.rf.1db159fd9b5c32e863d4f705c2c7a701.jpg,1,0,0,0
s0019_06018_0_0_1_0_0_01_png_jpg.rf.7204a68307f0dd32c512f8d24769a341.jpg,1,0,0,0
612_jpg.rf.072090c57952b792faa44e787a2a2db8.jpg,0,1,0,2
958_jpg.rf.0e18ffa82980d922dc8474655e1c8799.jpg,1,1,0,0
673_jpg.rf.69148d8fee2b360894b5f74642ec533c.jpg,1,2,0,0
376_jpg.rf.a7957695bdc075a6b1e20cacf26f9665.jpg,0,1,0,1
_535_jpg.rf.cbd3df9d9a5a1c4fc604d62c0e05b8f1.jpg,0,0,1,1
511_jpg.rf.51313318f08fbc5bb559e865ac049b91.jpg,0,1,0,1
1021_jpg.rf.6bf8183ab71465df7f58518282dd9a15.jpg,1,0,0,0
_406_jpg.rf.47fabcd9f1774169c7d7da277b1afbe5.jpg,1,0,0,0
_532_jpg.rf.3a4f1a00fb307903ef53d340fffab1dc.jpg,1,0,0,0
609_jpg.rf.7c2a0c06ae6eca1a69e2f9875aec9e0c.jpg,1,2,0,0
308_jpg.rf.1f2edbe602463d57da26eb4c3f53ad56.jpg,2,1,0,0
closed_eye_0421-jpg_face_1_jpg.rf.1e0d78ff2171dccd8cc8801fdd8027ec.jpg,2,0,0,0
_20_jpg.rf.ab89bb00af5e1c509ad232d73b60d8b6.jpg,1,0,0,0
istockphoto-618356430-612x612_jpg.rf.3441288940d5b474e6bd84d29caa40b9.jpg,1,0,0,2
s0016_01665_1_0_0_0_1_01_png.rf.b76a60f403cc01325718759fdb9f41f7.jpg,0,0,1,1
s0016_00318_1_0_0_1_1_01_png.rf.d27f6048d6849702883aa88bf792a21b.jpg,1,0,0,0
s0016_01639_1_0_0_0_1_01_png.rf.b55fcf7f600ff97cf8a649d152d81224.jpg,1,0,0,0
closed_eye_2543-jpg_face_1_jpg.rf.b49968602732db9d0f64d04dbad9b43f.jpg,1,1,0,0
webcam-toy-photo36_jpg.rf.189fb9dda8c05b79a3d531100c3effc2.jpg,0,0,0,1
1172_jpg.rf.1156c6d696a9ff14619f60c76e6d8214.jpg,1,1,0,0
3225_jpg.rf.074086b42e4d95f0eabf665f30005242.jpg,1,0,0,0
_632_jpg.rf.23e23c30e6d05d8b3f859ce7526aeedb.jpg,1,0,0,0
img_000490_jpg.rf.19ab10e568add699f11cad9f5b58bcaa.jpg,1,1,0,0
52_jpg.rf.0f314e66b985ff9707ea39bfbb2614bc.jpg,2,1,0,0
closed_eye_1775-jpg_face_2_jpg.rf.eb540897a2e34239526fc57c18b5f0e9.jpg,2,0,0,0
img_e_14529_jpg.rf.81cc5e0af839475aef20b74178fcab4e.jpg,1,0,0,1
219_jpg.rf.3771339e9c710a29eed6276b50ea17e8.jpg,1,0,0,0
closed_eye_0209-jpg_face_1_jpg.rf.83ce8e766cebb7319c1b0b95f8dffe88.jpg,2,0,0,0
closed_eye_0867-jpg_face_1_jpg.rf.0d1b17ad167ea3a99c1eebfbe389986e.jpg,2,0,0,0
277_jpg.rf.947f4b912a63a02971ea56cb4c34bfc4.jpg,2,1,0,0
473_jpg.rf.52bbca2b6dbcda9676be06ce60522d34.jpg,1,0,0,0
422_jpg.rf.f71e6eb284da5a40cc3ae17f28181e66.jpg,2,1,0,0
831_jpg.rf.14f2969d2c657330e4771041440c2a33.jpg,0,1,1,2
167_jpg.rf.a2615e8f345fb3ffb3c4fd4e9c8a6850.jpg,1,0,0,0
_324_jpg.rf.c32a79ba46ac0d477d7c5f765b8affc4.jpg,1,1,0,0
closed_eye_2378-jpg_face_1_jpg.rf.68418a49ad28b45cca6ab7330e90684c.jpg,1,1,0,1
118736733_2_jpg.rf.008ee99cef1ad55b694017e21674afa3.jpg,4,0,0,0
s0016_00372_1_0_0_0_1_01_png.rf.8af4b7dabc3c674c232d66265d36cdb7.jpg,1,0,0,0
closed_eye_2029-jpg_face_1_jpg.rf.637934060cf73b26ea82ad1c5087114c.jpg,2,0,0,0
_72_jpg.rf.8f4423e22c5257db54eb2bf09a2e1a66.jpg,1,0,0,0
_635_jpg.rf.23f1f0b82eaed6102831e3d02659053f.jpg,1,0,1,0
Yimg_000324_jpg.rf.895b55ee3b81536d17254af796fe8fe3.jpg,1,0,0,0
closed_eye_2689-jpg_face_4_jpg.rf.4869064026fd1d1acb612c9a1147e741.jpg,2,1,0,0
closed_eye_1843-jpg_face_1_jpg.rf.5b6380fb2f0b3326e4595d71cb67452e.jpg,2,0,0,0
closed_eye_1011-jpg_face_1_jpg.rf.03a8c27ed17900f4bd59bef5a48045c1.jpg,2,0,0,0
s0012_04664_0_0_1_0_1_03_png_jpg.rf.3e52d1faa38b23676d4831a0c8795315.jpg,1,0,0,0
141_jpg.rf.4b09f976680ff48290ca094978273994.jpg,2,0,0,0
671_jpg.rf.8adca2b4a2a5a6fecf0d0d084f3fe0ab.jpg,1,1,0,0
yawn-912cae1c-3043-11ec-9c06-302432df5bc8_jpg.rf.cef1875095480b74ef82325e6bd4e117.jpg,1,0,0,0
477_jpg.rf.e4e49924fd2613cf82c8f76bdb201fbb.jpg,1,2,0,0
365_jpg.rf.dcc4669795aad00deafd81744ab35feb.jpg,1,0,0,0
_10_jpg.rf.84b00d59c95b9379d4042ca261d33709.jpg,1,0,0,0
441_jpg.rf.362f1020c638567f6345430238db6b4f.jpg,2,0,0,1
yawn-8f4bd21a-3043-11ec-95f6-302432df5bc8_jpg.rf.c3f67d113fd15df6b673d4afccda5259.jpg,1,0,0,0
closed_eye_0906-jpg_face_1_jpg.rf.c18ede5f7ebe22f7ddddb708fc2f87d1.jpg,2,0,0,0
s0016_01706_1_0_0_0_1_01_png.rf.d7637be278c0f03546bc282b55b06b8b.jpg,1,0,0,0
1345_jpg.rf.ddf6668f177409d8938c800a35fefb15.jpg,1,2,0,0
_313_jpg.rf.a1e8eba68c3c0a422a2f6f9ecb4904bf.jpg,1,0,0,0
_531_jpg.rf.b954d436a794172a6c494086dee6bbb4.jpg,1,0,0,0
s0016_00376_1_0_0_0_1_01_png.rf.3e3aeee5353a365578c4960f79e00883.jpg,1,0,0,0
_197_jpg.rf.05fc8d6f73837fc41bdd57c78bf7349d.jpg,0,0,1,1
620_jpg.rf.4c5d43f9a93460c578a5809d4fb941ae.jpg,0,2,0,1
1348_jpg.rf.e7045e2a1027b4d79372f7a24786a0cd.jpg,1,0,0,0
closed_eye_1358-jpg_face_1_jpg.rf.278bc7043dafc1f283c12928f1ac68ff.jpg,2,0,0,0
503_jpg.rf.8230a6f8e6f5f7f7ada75c3c92e9c803.jpg,1,1,0,0
2009_jpg.rf.113db1e4a3af3d6169f8ec50ffe145c3.jpg,1,0,1,1
47_jpg.rf.7cece3849902e5282c6bc042db0b230f.jpg,1,0,0,0
658_jpg.rf.a29fcb4dce540bad430dbfe177d0fce2.jpg,3,0,0,0
_375_jpg.rf.849b3d7f42e5b9026bec354cbd383cba.jpg,0,0,0,1
closed_eye_1690-jpg_face_1_jpg.rf.f89bbf5816b6089d561963304613c462.jpg,2,0,0,0
2945_jpg.rf.38765634350afe1536412f2d525eb746.jpg,1,0,0,0
closed_eye_2753-jpg_face_1_jpg.rf.53efb578d0659b7d5fe127da2631e2a2.jpg,2,0,0,0
closed_eye_0827-jpg_face_1_jpg.rf.402053ff81d75864246f5b05030553c3.jpg,2,0,0,0
_661_jpg.rf.3e48515ae73189cc99521be817fb5b20.jpg,1,0,0,0
434_jpg.rf.b3cb462da0c13727cc8788407cf36ef1.jpg,0,1,2,2
2697871888_1_jpg.rf.768d7e8f4930838fa719b7436ee4921f.jpg,2,2,0,0
_560_jpg.rf.c1a2283da7bcbf841ef3876f1b73fc69.jpg,1,0,0,0
closed_eye_1646-jpg_face_1_jpg.rf.ee0df69a0cc4a5f79ea0f620615f4c14.jpg,1,1,0,0
_59_jpg.rf.7533588b9117a5f79fad099296e8b17c.jpg,1,0,0,0
365_jpg.rf.911b83795e7287d0ba64a21feb048cc4.jpg,1,0,0,0
_15_jpg.rf.861caf498038d0a4d660f2f3591085c9.jpg,1,0,0,0
_191_jpg.rf.e6867c31ec172a3f3e3ca800131e4e19.jpg,1,0,0,0
148348993_1_jpg.rf.465aea3cc6b727cbb8aa3a24aa4225e3.jpg,2,0,0,0
614_jpg.rf.48175c285870b5f99ba39d60a4cc466c.jpg,1,2,0,0
_532_jpg.rf.217f6322f2002d3eb203a8752653251d.jpg,0,0,1,1
3_jpg.rf.3994da544327aab371b1a1ed88c999a0.jpg,2,1,0,0
994_jpg.rf.4ab28bfe158c602629afdf89de902b32.jpg,1,2,0,0
44_jpg.rf.932fb2a50259c36cfe9998006ed9563f.jpg,1,1,1,0
closed_eye_1715-jpg_face_1_jpg.rf.00693a0e943d8125d6375ecd38d211a3.jpg,2,1,0,0
closed_eye_1841-jpg_face_1_jpg.rf.7f86ddab0599db8219aac76538d04484.jpg,2,1,0,0
558_jpg.rf.1d1709a06166c4cb4684bb9da606c266.jpg,2,1,0,0
closed_eye_0594-jpg_face_2_jpg.rf.d88f095d08c939825f19461cb7e2e513.jpg,2,1,0,0
160_jpg.rf.681ed56f19470ae007cda88cd68f9499.jpg,1,1,0,0
_109_jpg.rf.e0873aaf7c5c83b42abc0961e259c275.jpg,1,0,0,0
184_jpg.rf.fb18611e7aa3a7b7fd1c46445bd0d756.jpg,1,0,0,0
239_jpg.rf.b4313f37458ef851077265d8cef35a99.jpg,1,2,0,0
375_jpg.rf.e541b1fd5d1ea4e483d21ee3ad39c441.jpg,1,2,0,0
istockphoto-1311384328-612x612_jpg.rf.4b07ee780e4bf3cde2353ca691094e29.jpg,1,0,0,1
543_jpg.rf.ab723af64158d0be376cc4c889d3cdd8.jpg,2,0,0,0
_454_jpg.rf.be897410f19e143c7efab13d842fe6ad.jpg,1,0,0,0
_571_jpg.rf.8b521b0e3311416076e07ca628474429.jpg,1,0,0,0
closed_eye_1362-BMP_face_7_jpg.rf.9dc078e0f1e43180c05aeb09d2dc4e3b.jpg,2,0,0,0
3213_jpg.rf.4ed0402eeb863c0f0ffb354172d9a7dc.jpg,1,0,0,0
_720_jpg.rf.45e25890f739370beb7d6907a03d0981.jpg,0,0,0,1
718_jpg.rf.9819270e51df0a2940c94c83f149fb4f.jpg,2,1,0,0
1281_jpg.rf.4ad4aca543cc032adc152cd2c5e5b171.jpg,0,2,1,1
152_jpg.rf.17429c00a174d5990b845a33654d4649.jpg,1,0,0,0
closed_eye_2803-jpg_face_1_jpg.rf.81e279b531d30f042c97a6637393ea50.jpg,2,0,0,0
_187_jpg.rf.b5252759a44f0f93d441116cd8294f49.jpg,0,0,0,1
1410_jpg.rf.1add50a56dce0c6dbdc53aa0a7764b33.jpg,1,2,0,0
645_jpg.rf.d5ec971ef35dd173ca474803032e4701.jpg,2,1,0,0
263_jpg.rf.12c1fa4787cda449eff210f886dd5788.jpg,1,1,0,0
_541_jpg.rf.02ea992411a0150968a911292301f318.jpg,1,0,0,0
208_jpg.rf.fc0269b10fd4f7e7d35e20719e4cf883.jpg,1,0,0,0
2217_jpg.rf.ceb3178fd9515f8eff1323b42c1e5d8b.jpg,2,1,0,0
810_jpg.rf.1fd99aea9e0f2036422f187301286043.jpg,1,0,0,0
_443_jpg.rf.4ba11a96398f0cab117c868f8b6aab53.jpg,1,0,0,0
1641_jpg.rf.7f509b2031084026a02fa8cabf09e389.jpg,2,0,0,0
132_jpg.rf.f0de9e35b18e94af2db415a1e74348cf.jpg,1,0,0,0
205_jpg.rf.08f9edb4361dafd9e58f71caf63b7462.jpg,1,0,0,0
1898_jpg.rf.a1b81ead4f790e060e70ad44ed7c9e7d.jpg,2,1,0,0
closed_eye_2490-jpg_face_1_jpg.rf.1b54365bb9f0fca0f80181a3a678dcaf.jpg,2,0,0,0
webcam-toy-photo33_jpg.rf.1135cf353211244f4ca586285b5ae00a.jpg,0,0,0,1
209_jpg.rf.9c3f9a2b1a04d0e9f421c298591d2766.jpg,1,0,0,0
468_jpg.rf.c1ebfab0a905f5a9d4083cf1d4a3ef8f.jpg,2,1,0,0
_210_jpg.rf.48177ce2a2ac4c65f8a209308cdfee6f.jpg,1,0,0,0
2962_jpg.rf.0d061123cae3be4ed923097d335d0621.jpg,1,0,0,0
1337_jpg.rf.ef24576907f92db29876b4d053f531fc.jpg,1,0,0,0
272_jpg.rf.7bbb33d3b51c3b4ecad6c52ece3db2cc.jpg,2,1,0,0
_433_jpg.rf.ea98c10129c9d353333f45b67aea3d6e.jpg,1,0,0,0
434_jpg.rf.e4198e27a5387fcb4aae4558a056319b.jpg,2,0,0,1
1333_jpg.rf.aafc680577c9417510244bb5895ccd4d.jpg,0,0,1,2
1051_jpg.rf.01225470c0440ff94eb281c72133978e.jpg,1,0,0,0
istockphoto-1048927962-612x612_jpg.rf.0155d27bca7e21ed6540ec95df093934.jpg,1,0,0,2
1149_jpg.rf.77858aeaa8772c78e44f0a9fb1778b14.jpg,1,0,0,0
img_000388_jpg.rf.60faaec6f3abd02b0b802baba9776b65.jpg,1,0,0,0
s0016_00383_1_0_0_0_1_01_png.rf.f6e5dd2ce04d3b7dba479029e779ab08.jpg,1,0,0,0
_1_jpg.rf.59d72bac0216ee48338dd0e1fbc24caf.jpg,1,0,0,0
1091_jpg.rf.c02008ec280f2d0e44a5b4305a1d50d2.jpg,1,0,0,0
istockphoto-1138361279-612x612_jpg.rf.ed0c171629a054d0c475dffe926e8a75.jpg,1,0,0,2
s0016_01710_1_0_0_0_1_01_png.rf.6e28eadb81949cffe302561e9da9b035.jpg,1,0,0,0
95_jpg.rf.b7468d4621489d842cae2d2e6a6e15c5.jpg,2,1,0,0
419_jpg.rf.8345cf6c7bd946ae07d8a33afc78be02.jpg,2,1,0,0
closed_eye_1934-png_face_1_jpg.rf.6a3e5f49b0c9c1aef0b32900114e9038.jpg,2,1,1,0
closed_eye_0165-jpg_face_2_jpg.rf.9d0b03cc61e620d5152da3ce09f2a6f1.jpg,2,0,0,0
closed_eye_0097-jpg_face_4_jpg.rf.7559490ec8f798fe4f116d3b8aed3070.jpg,2,0,0,0
_535_jpg.rf.6a0e2dfaeceb1b89d0e2b5ee194cee58.jpg,1,0,0,0
472_jpg.rf.a5cedf0dd294036a19e49658cc9fce83.jpg,2,1,0,0
s0037_00038_1_0_0_0_0_01_png.rf.af7c45d0b0be94775437f235644894e5.jpg,1,0,0,0
1611_jpg.rf.e4dccf2f48b3969be5ff4f3a1c4bb203.jpg,1,0,0,0
_185_jpg.rf.7559e3c9be5ab9d40bc84be9e8c53dff.jpg,1,0,0,0
337_jpg.rf.214cc1852bd0659cf3aaca2025e95e7e.jpg,2,0,1,1
_569_jpg.rf.f7e7fe33968af3e4ff8f8e47f5664936.jpg,1,0,0,0
_243_jpg.rf.3c44e5e7278185c49deba559f231da98.jpg,1,0,1,0
10406776_1_jpg.rf.9bd90611fa09e77f63d4194116480a18.jpg,2,0,0,0
528_jpg.rf.baab2482da967f20ff24db6e6cd7e026.jpg,2,0,1,1
1619_jpg.rf.8f0dc156e9fc2352bcd16e32cb6389fe.jpg,1,0,0,0
s0012_04704_0_0_1_0_0_03_png_jpg.rf.9e59bcd6cceece20685084f74c58f375.jpg,1,0,0,0
s0012_04565_0_0_1_0_1_03_png_jpg.rf.80e40c28f774dfebe379f65ed06a57d0.jpg,1,0,0,0
closed_eye_2168-jpg_face_1_jpg.rf.03426d47fd40086a3693c21143757fd7.jpg,0,0,2,2
609_jpg.rf.e1a7fc73bc741912a40a9aac83f4afb8.jpg,3,0,0,0
539_jpg.rf.97ed10ceb03cc7e63ac304f270673360.jpg,3,0,0,0
closed_eye_2536-BMP_face_1_jpg.rf.815b92f32c9dfea62c93f1b5955375c6.jpg,2,0,0,0
213_jpg.rf.5fbde9e1d1ef0ad8bbfadb15666e4a09.jpg,1,0,0,0
Yimg_000206_jpg.rf.ac53e365cf338016a88ef9433a3fa6a6.jpg,1,1,0,0
_76_jpg.rf.c583178b880d1084a0149bb392a5a39b.jpg,1,0,0,0
1348_jpg.rf.c65900fbc32e04a99a00c1f7778539dc.jpg,1,0,0,0
141_jpg.rf.083ded351ceeb2ad830132ef73da7d09.jpg,1,0,0,0
422_jpg.rf.f63b9558ed9a3a4444f7ef926054db84.jpg,2,1,0,0
webcam-toy-photo33_jpg.rf.88da3d78972f79d3525570c4f68a2757.jpg,0,0,0,1
904_jpg.rf.2783a5b27fe371cd43fcfbfaa7d94a83.jpg,1,1,0,0
_602_jpg.rf.5f67d8ae1b43d1c82d2e90652afc10ae.jpg,1,0,0,0
closed_eye_0341-jpg_face_2_jpg.rf.20495d0387573901945397eafd9336de.jpg,0,0,0,2
45_jpg.rf.a8577416c68a587477f00fb4a98c3583.jpg,1,2,0,0
316_jpg.rf.2ba1a47a1a89421790b623d9485f8f78.jpg,2,1,0,0
55_jpg.rf.51fcdfe843ad2f27f2219c00c7819b3b.jpg,2,1,0,0
703_jpg.rf.29be5608f3d0f0d7cc1539c186e54061.jpg,3,0,0,0
_681_jpg.rf.7029c94cb7aedd911d3b19cf0f9d716d.jpg,1,0,0,0
_647_jpg.rf.2981b52db7343a7d441df172dc902f99.jpg,1,0,0,0
_670_jpg.rf.1b2cb56c8b32d635f30305baca7782f7.jpg,1,0,0,0
1336_jpg.rf.1a1a95495d6ea0cad6098d420c1027c5.jpg,1,0,0,0
_550_jpg.rf.34cb6b54ff62ee9ff11aa8aa2fad016f.jpg,1,0,0,0
closed_eye_2356-jpg_face_1_jpg.rf.9cec73becbfd7ab4916f62f5890ea6d0.jpg,2,0,0,0
closed_eye_2491-jpg_face_1_jpg.rf.d422877c25bb2e20e9e8fe9c2bebfe2e.jpg,1,1,0,0
Yimg_000233_jpg.rf.49fa464baf0abae4dd89582435512c62.jpg,1,0,0,0
_287_jpg.rf.75a0183d168a33a62c27b79c742f0da0.jpg,1,0,0,0
_268_jpg.rf.2cd53cd24b964645b46c8ad818659acb.jpg,1,0,0,0
253_jpg.rf.74ac0c27edc8dd94e9fbf83f8fb8021f.jpg,1,0,0,0
closed_eye_2753-jpg_face_1_jpg.rf.892fc47041ee665b1127f4e4ef6e84ac.jpg,2,0,0,0
124_jpg.rf.e2d036fcc39459220d5bf248cc93bb66.jpg,1,2,0,0
_669_jpg.rf.e7b714c5feb976eabfe68d21edb5a550.jpg,1,0,0,0
609_jpg.rf.fe28bf3a64d661bd0699d219be46e736.jpg,1,1,0,0
1251_jpg.rf.e0b7a90e95121f39f7db5eeb41c8ba23.jpg,1,2,0,0
Yimg_000088_jpg.rf.bb0a7e529bd4be5c53efa4f1f414f005.jpg,1,0,0,0
image__10614_jpg.rf.c59d7c9e24ff8272026cb1c68be699e0.jpg,2,0,0,0
2217_jpg.rf.8e5efbe724a5fecbc7ede1357d3b0af0.jpg,1,0,1,1
closed_eye_0627-jpg_face_1_jpg.rf.bbd49ce60e0f1fae86d0772ccae8657e.jpg,2,0,0,0
closed_eye_1426-jpg_face_1_jpg.rf.704190cdbc379a23aedd9fd0d9853920.jpg,2,0,0,0
closed_eye_0428-jpg_face_1_jpg.rf.8e0dbc9d70bd42f8cc11998c0056fc0d.jpg,2,0,0,0
yawn-fd006676-3044-11ec-95ef-302432df5bc8_jpg.rf.39f04bf30990cec495f79c688dcb2782.jpg,1,0,2,0
477_jpg.rf.766f89b9975ca185a61062bbace1f821.jpg,2,1,0,0
_225_jpg.rf.e58fd4bac80ee9c9f27068d84c0741b7.jpg,1,0,0,0
522_jpg.rf.65951d2b3a46c2ce4017291f6db4589d.jpg,2,1,0,0
713_jpg.rf.68e05b365fae457f961ffa2909766cb4.jpg,2,0,0,1
closed_eye_1232-jpg_face_2_jpg.rf.2d4aaf82c142f6a2ff60d922a77f0588.jpg,2,0,0,0
output_0055-mkv-91_jpg.rf.2e1587576a2cf5c69fc6f5a4b3df44a5.jpg,0,0,0,3
closed_eye_1958-jpg_face_1_jpg.rf.8f9de9f4b55f47fe789a8986ae164e7a.jpg,1,0,0,1
webcam-toy-photo20_jpg.rf.6879c9889e22c92eaabb470aa993b123.jpg,2,0,0,0
1121_jpg.rf.6f7dd440ee09348a833861b313d81f60.jpg,1,0,0,0
127_jpg.rf.cc95363bb719802aa9f3c612e5a622b4.jpg,1,0,1,0
479_jpg.rf.6aeae609e80506f3c84cb53425526b0d.jpg,1,2,0,0
_234_jpg.rf.293a400c7118c152204add3701dad390.jpg,0,0,1,1
closed_eye_2074-jpg_face_3_jpg.rf.004ee9f7383f55f7a05ad074660c4baf.jpg,2,1,0,0
143_jpg.rf.a4370b0fa3fb55b078e05509d75904a7.jpg,1,2,0,0
istockphoto-1335226302-612x612_jpg.rf.7a6e153b834227d8023b92132aa4edb1.jpg,1,0,1,2
3509_jpg.rf.b8976e553435c6b6b14ee2618fa70a0b.jpg,1,0,0,0
127_jpg.rf.78bbe3e1c4deaac4f4a9a980df568c86.jpg,1,0,1,0
_568_jpg.rf.3f4e6e9eb76593c69ce64ae31ef28585.jpg,1,0,0,0
241_jpg.rf.5782fbced6c6990fa88820f0f9f95a7a.jpg,1,1,0,0
img_k_9960_jpg.rf.59e36e7c3b163482757fdd7305e21651.jpg,2,0,0,0
_202_jpg.rf.a54e8fc12dcc9b78fd0655d9353c321a.jpg,1,0,0,0
616_jpg.rf.9f2cedc600bc1d532fd4df6b30260e54.jpg,1,2,0,0
_490_jpg.rf.2e1149d3bbcd8d139df449611de450fb.jpg,1,0,1,0
asleep_full_img_2048_-000000001000010100000000000000-_jpg.rf.11c831b301951f0be374f49553af251f.jpg,0,0,0,3
_137_jpg.rf.5942f1c379cfafd7b2b33b21fb42cf6e.jpg,1,1,0,0
255_jpg.rf.d176dfdb4d1cb79ebe682ba6f326ccc2.jpg,1,2,0,0
141_jpg.rf.5c77c265cfc7300a64cb48be8385a398.jpg,1,1,0,0
602_jpg.rf.0b74224ce774d2813f304a0f023f5ae5.jpg,1,1,0,1
s0036_00013_1_0_0_0_0_01_png.rf.435ce8fb87df3123e00f930895b0979b.jpg,1,0,0,0
43_jpg.rf.23f524ca32a450a62ae1e34a376338ff.jpg,1,0,0,0
_582_jpg.rf.fe6e4e2a4c5b70c05a26cc6e8aed8fbd.jpg,0,0,0,1
579_jpg.rf.b525c0bf0454cdb13696a443993b85d4.jpg,1,2,0,0
706_jpg.rf.6bc61db1490f28aefb635d5db2f89dee.jpg,2,1,0,0
1323_jpg.rf.9776b1509af73902b72d09a46c2afecc.jpg,1,2,0,0
_314_jpg.rf.72b80763407589690de5f960b5cf5089.jpg,1,0,0,0
57_jpg.rf.154791fcbab1b5a175d08a95a3b94404.jpg,1,0,0,2
1158_jpg.rf.c557a34360848e1fe912fb280e059d5c.jpg,1,0,0,0
istockphoto-1346714364-612x612_jpg.rf.6d2be4627cfe2e9bff5c1d2987c999d7.jpg,2,0,0,1
Yimg_000095_jpg.rf.f7b734c0c25c54bf24cc3b6fd80fb141.jpg,1,1,0,0
yawn-df508e2e-3042-11ec-b0ac-302432df5bc8_jpg.rf.cae8aec49a2b1e5b2a63c0564511497f.jpg,0,0,0,1
_441_jpg.rf.12b06809e703736bfd5838197f9cc971.jpg,1,0,0,0
closed_eye_0172-jpg_face_1_jpg.rf.799afbc9f47471d356c6e2772b315f37.jpg,2,0,0,0
000019_jpg.rf.a9dbd88ec42b22168c692062a02048ab.jpg,0,0,1,1
istockphoto-1344689266-612x612_jpg.rf.207d6271c10c98780526275623dd7ca2.jpg,0,1,1,1
istockphoto-1145692696-612x612_jpg.rf.b16c7fc8811e1b5641b9ff814113264f.jpg,1,0,1,2
yawn-f569cee6-3041-11ec-81a0-302432df5bc8_jpg.rf.3628eb8ebe10657e09921ba50e04168d.jpg,1,0,0,0
1270_jpg.rf.699ef2bba5a6454113d8b897ecaf85f1.jpg,1,0,0,0
1264_jpg.rf.1d59670b08d386990f158088b6048eac.jpg,1,2,1,0
859_jpg.rf.4fec02d9aa9f000ab05bb25805efa416.jpg,1,0,0,0
_312_jpg.rf.5dea3493c2aa6a411cd2d170433f4748.jpg,1,0,0,0
s0016_01471_1_0_0_0_1_01_png.rf.8848510dd84ca7641a5d97a1d9a7e178.jpg,1,0,0,0
_351_jpg.rf.701a7426577b3899baabd05ead145516.jpg,1,0,0,0
423_jpg.rf.05e327a8cce6199d1bab398117f20d7f.jpg,1,0,0,0
_119_jpg.rf.570bb99aa8cd1eaea41a8dbc9f3e2876.jpg,1,0,0,0
1256_jpg.rf.29561f06d613eee746fe25afbc302829.jpg,1,2,0,0
503_jpg.rf.2c1249a78630c71a9ee142544b70b840.jpg,1,2,0,0
s0016_00346_1_0_0_0_1_01_png.rf.f6e0c3ac1caef7c219a2b3d0e83e36e2.jpg,1,0,0,0
_174_jpg.rf.15ee6a103a24a69e015c019dcc003233.jpg,1,0,0,0
closed_eye_1265-jpg_face_2_jpg.rf.042934a4dae4f5912d02da2feac37f68.jpg,2,0,0,0
closed_eye_0260-jpg_face_1_jpg.rf.b6a8df3b43b1988303631a79160dbc63.jpg,2,0,0,0
595_jpg.rf.0270f1ece10e367d2018e15733326b5b.jpg,1,1,0,0
371_jpg.rf.97e6a5675c722a3360ff44ee7419a157.jpg,3,0,0,0
_670_jpg.rf.df151b1d0136a1303a0b0171dc9ae474.jpg,1,0,0,0
_695_jpg.rf.f849fb76c922729b77004f7b6d37fb9f.jpg,1,0,0,0
s0036_00024_1_0_0_0_1_01_png.rf.30bd619f39ae1fab966fad372355768b.jpg,1,0,0,0
342_jpg.rf.a8fed1a49cc9e32fc7bb3d60a4273df7.jpg,0,0,0,1
_688_jpg.rf.a84a75927c26dfd5af938a275ec3eace.jpg,1,0,0,0
closed_eye_2165-jpg_face_3_jpg.rf.3ce460c310906a466eeb38de36be1130.jpg,2,0,0,0
_222_jpg.rf.6dbdf2f67c1a47c42491567389a305b7.jpg,1,0,0,0
_113_jpg.rf.29b9d93fe15a24d5c0643e0d9c37087c.jpg,1,0,0,0
closed_eye_2625-BMP_face_1_jpg.rf.32e37ad21d7eff2d6b1b368c2fcb7360.jpg,2,0,0,0
img_000459_jpg.rf.b25e32b4d637d78f0aa9c391d06fcc6c.jpg,1,0,0,0
_179_jpg.rf.f26517f3bee1261f03a17cce8a7bd66e.jpg,1,0,0,0
s0019_00125_0_0_0_0_1_01_png.rf.8ffbfd3cd88353e30028b651a812f26a.jpg,0,0,0,1
_223_jpg.rf.1142a4fa92be7e5161db326196e37fe6.jpg,1,0,0,0
closed_eye_2582-jpg_face_1_jpg.rf.61623a1bf1cee194b77bf006f43b99be.jpg,2,0,0,0
716_jpg.rf.4be4b514e2e7ac89326b39dc4e5edf3c.jpg,1,1,0,0
_602_jpg.rf.0ec264b50f4df87615090801336f9128.jpg,1,0,0,0
_497_jpg.rf.b1c4843fedff418b9326443017899976.jpg,1,0,0,0
482_jpg.rf.af03270d39ff485fc84c6c0fa82495df.jpg,1,1,0,0
520_jpg.rf.839dbf5e559336bdd22c110902f15b46.jpg,1,0,0,0
closed_eye_1512-jpg_face_1_jpg.rf.60bb60d6040b78532e4b562eca22ae33.jpg,2,0,0,0
closed_eye_0374-jpg_face_1_jpg.rf.e52d919528a3922740cf720fc0c43755.jpg,0,3,0,1
closed_eye_0171-jpg_face_1_jpg.rf.d85d11889ec4d24c4f15e7fa947fbc62.jpg,2,0,0,0
download-9-_jpg.rf.397267e53cab901b0d0fd47256baabf1.jpg,1,0,1,1
000395_jpg.rf.eb468a39e303e2047355ce2e8f209bb9.jpg,1,0,0,0
_413_jpg.rf.90eb89cecda6ebdcb3e5ad20b8ba28bf.jpg,1,0,1,0
closed_eye_2335-jpg_face_1_jpg.rf.cd37735bca6835c29e4a999ab1ce871b.jpg,2,0,0,0
istockphoto-932822420-612x612_jpg.rf.ec5fe4480347e46ed1e85c30bb06afa9.jpg,1,0,0,0
667_jpg.rf.0697d8134583acb9acb921fd721e069e.jpg,3,0,0,0
402_jpg.rf.d5e0017eee21331e5a0e49d41e00f32e.jpg,3,0,0,0
385_jpg.rf.33c0812b397f719d886a20012a448b2d.jpg,1,0,0,0
s0036_00016_1_0_0_0_1_01_png.rf.e413615cc5c0c1c34ac56429e8a66866.jpg,1,0,0,0
514_jpg.rf.69df40fddc48b421851d25e79e55c9cf.jpg,2,1,0,0
438_jpg.rf.76f81e1f4eda136edd92bb77d02be16d.jpg,1,1,0,0
1771_jpg.rf.6cdead03b52cca07790c67def4df0441.jpg,2,0,0,0
Yimg_000334_jpg.rf.e6a5f7744264bc99190ce7ba0c5ec302.jpg,1,1,0,0
_714_jpg.rf.54471655767a6ae6e9e7305947f7b970.jpg,1,0,0,0
_533_jpg.rf.b3bc338402af1840f398c2cae087d50f.jpg,1,0,0,0
s0034_00049_0_0_0_0_0_02_png.rf.fcede0ec89898e57984c47d7c5ed7912.jpg,1,0,0,0
636_jpg.rf.f3372ed8d2052cec0fcefced16329ec9.jpg,2,1,0,0
1037_jpg.rf.69f348d55e78f5c574f76cfbfbe1da89.jpg,1,1,0,0
closed_eye_2165-jpg_face_3_jpg.rf.7b613ebab660cebed2aeeebe4fccffc5.jpg,2,1,0,0
388_jpg.rf.6b84c2080079424a1672f9754ec124e9.jpg,1,2,0,0
image_60_jpg.rf.90ed3d9661ebe37cff85e7534fc1c579.jpg,1,0,1,1
3499_jpg.rf.c7ae1f54c0b72cf1ffbe76984d9bf858.jpg,1,0,0,0
274_jpg.rf.626e4a5e0bb709822ce4570a2429c117.jpg,1,2,0,0
webcam-toy-photo40_jpg.rf.a3aef304c8344a03c66b9479ff766c7a.jpg,0,0,0,1
closed_eye_0859-jpg_face_1_jpg.rf.ae1ca2307b98fb9a60f287f35dbc70ef.jpg,0,0,0,1
istockphoto-1165926033-612x612_jpg.rf.5ae95a37f18df0793c7168acb5bc0a43.jpg,1,0,0,2
_294_jpg.rf.53eec5389defcd03301446d7e7a3a8cb.jpg,1,0,0,0
299_jpg.rf.d2d0dd44be986cb4ffa4e1710d5f0616.jpg,2,1,0,0
710_jpg.rf.211f22e4de9855f267341743a90e8aec.jpg,2,1,0,0
closed_eye_0003-jpg_face_2_jpg.rf.b6eec08e1803b9bdd8d6318f73ca9f60.jpg,2,0,0,0
s0016_00381_1_0_0_0_1_01_png.rf.fa646ee56d76b0628f186954313800cd.jpg,1,0,0,0
1307_jpg.rf.aae99617847a4e0ce13b9e68c57beaac.jpg,1,2,0,0
_374_jpg.rf.db012366051caf0e15c624e53ff3e28d.jpg,1,0,0,0
1246_jpg.rf.1db809b344764b850dd2e8ba2ea9f590.jpg,0,1,0,1
424_jpg.rf.584427df412ca7a00ce9f285f831cc6c.jpg,1,1,0,1
closed_eye_2024-jpg_face_1_jpg.rf.bd1e4e26f9c33a356a3243a8c13a514e.jpg,2,1,0,0
930_jpg.rf.009cfef470f6839e19c6f95696c40891.jpg,1,0,0,0
_448_jpg.rf.ce514e5f5a246ad59511c74ea3530f09.jpg,1,0,0,0
_27_jpg.rf.b1615ced38657f7ade578a4604eb73b6.jpg,1,0,0,0
342_jpg.rf.df1a538e2590de8c7949b229873f865a.jpg,1,0,0,0
47_jpg.rf.bd3fdc096f906f23350853cbca233c87.jpg,1,0,1,0
3512_jpg.rf.14aa43fd78c60eb12b07eb029e95249c.jpg,1,0,0,0
_254_jpg.rf.97cec3e00fe6bd7237953c43a2775735.jpg,1,0,0,0
295_jpg.rf.a82c9ecd003baae6c18cb24b93bd2274.jpg,2,1,0,0
s0037_00009_1_0_0_0_0_01_png.rf.6a925bf2f73d539a0b0622d49debef10.jpg,1,0,0,0
closed_eye_1344-jpg_face_1_jpg.rf.1bcf60aebc174711f1c98eab130e6e85.jpg,2,1,0,0
717_jpg.rf.aa0d3b72ac37e8037f83657cdd0e25e0.jpg,1,2,0,0
497_jpg.rf.19ec9c395108f651ad72c2a510f9665f.jpg,3,0,0,0
closed_eye_2021-jpg_face_1_jpg.rf.e55164090396f5bef43c8065b5656ded.jpg,1,2,0,1
87_jpg.rf.b47114a3a4c2a7d3d36dc8f8a4d7c897.jpg,1,2,0,0
istockphoto-1047508172-612x612_jpg.rf.ca62e22c82a1a7e6187896b4dcf12361.jpg,1,0,0,0
141_jpg.rf.6b4f95c972d00b6ff9f971b358d1f5e2.jpg,2,1,0,0
634_jpg.rf.48b1ea7ff1727c72a6dfd15392b3831c.jpg,2,1,0,0
6_jpg.rf.f168b4b95b6fe24599cbeb966762acc7.jpg,0,2,1,1
closed_eye_1578-jpg_face_1_jpg.rf.c5618ed7d5e59c7515382b50b034ece2.jpg,1,0,0,0
3718_jpg.rf.242436ea31ac13c7a9f29418d8e1c4f5.jpg,1,0,0,0
3230_jpg.rf.4cededa69ca516864e366095c17fa9a4.jpg,1,0,0,0
79_jpg.rf.08a39e0caf61c12e5c957204d956c1b6.jpg,1,1,0,0
s0016_01352_1_0_0_0_1_01_png.rf.72b3517f705a18f1d5501c8dc6e3e8e3.jpg,1,0,0,0
_282_jpg.rf.260b37c2849f6694e84868801562fd97.jpg,1,0,0,0
closed_eye_0657-jpg_face_1_jpg.rf.e74f5ba1604597b7333574d3b61412cc.jpg,2,0,0,0
Yimg_000156_jpg.rf.34d59e5788474ac33715ffc4b7241a3e.jpg,1,0,0,0
407_jpg.rf.0a230d048a208378090fc19b1675f49f.jpg,2,1,0,0
s0016_01447_1_0_0_0_1_01_png.rf.19e9d3fdc66bbcab86437483bd74a50c.jpg,1,0,0,0
19_jpg.rf.6a662ec081436567a6da2bed4b621c73.jpg,1,1,0,1
_401_jpg.rf.f2fd48a88437de3927f0a301ac066c70.jpg,1,0,0,0
closed_eye_0556-jpg_face_3_jpg.rf.caa50a4eebbae194cd11f7bd4943bb1f.jpg,1,1,0,0
closed_eye_2247-jpg_face_1_jpg.rf.bbb2ee128d7266bd20af5b5e8c9befd8.jpg,1,1,0,0
_160_jpg.rf.7aa1a5a7dbd69b02807382295d9f0e48.jpg,1,0,0,0
65_jpg.rf.d772a4e104637265fb592a15f77da73a.jpg,2,0,0,0
171_jpg.rf.827e3ff2dd3ca04d84d14689319078ed.jpg,1,0,0,0
_503_jpg.rf.4914f256a3cd1f5f6b435d4a95420fd3.jpg,0,0,0,1
closed_eye_2445-jpg_face_1_jpg.rf.1b7fc73578885029a3fa334414e4886e.jpg,2,0,0,0
573_jpg.rf.58dd589bea4b93b0191db94ffd004635.jpg,1,0,3,2
img_k_16650_jpg.rf.6729261d0f7807c0133905fcfa5476a4.jpg,2,0,0,0
_520_jpg.rf.f03eab26b56429b95497dfa65353d081.jpg,0,0,0,1
_326_jpg.rf.6441630862a35baef99023153635d415.jpg,1,0,0,0
Yimg_000099_jpg.rf.659fbbd36d39b54fd03342a1678a7738.jpg,1,1,0,0
2109_jpg.rf.c75c22386cbb443e705b8bbcc2613c85.jpg,2,0,0,0
_364_jpg.rf.63bf01dd8d0a6291faa51a0a41f935ff.jpg,1,0,0,0
470_jpg.rf.59b55287e34151a797aa4f16b969ffb4.jpg,1,0,0,0
82_jpg.rf.aa9f51aab7058bcac688fe95a58685c8.jpg,2,0,1,1
1770_jpg.rf.e35b735e74259fd42130658e22442d8f.jpg,1,0,0,0
595_jpg.rf.4febe50625dc1626b9081f899863a12d.jpg,0,2,0,2
_548_jpg.rf.8798dfab10e722b4b96c93d4637627b4.jpg,1,0,0,0
_666_jpg.rf.4a90913d34f62a4fc4c078332b34e748.jpg,1,0,0,0
_40_jpg.rf.37ded770162a9479a80981527aeaf60d.jpg,1,0,0,0
closed_eye_1363-jpg_face_1_jpg.rf.b2e67431ec4f6294710433fbc90ff29d.jpg,2,0,0,0
608_jpg.rf.bc70500f33eae2b0ca48f8ae1bf80cb9.jpg,1,1,0,0
1532_jpg.rf.b1c3aa274870b37a6ba87ad2d498a507.jpg,2,1,0,0
303_jpg.rf.ccb0a6ed88fb58e1cc445666476f6135.jpg,1,1,0,1
1636_jpg.rf.6d53cf8e3f2a0580d4dbbe397a68c88f.jpg,1,0,0,0
_694_jpg.rf.544d4b274827edda68e44244f8a04f1c.jpg,1,0,0,0
652_jpg.rf.5e304f94fb758b0b030c4fbe1210e388.jpg,0,1,0,2
closed_eye_2149-jpg_face_1_jpg.rf.fc1a1e8f4664fe86b6e475d05aaa7ba4.jpg,1,0,1,1
971_jpg.rf.1352f3ab292ee16bc5bc11c47ceec69f.jpg,1,1,0,0
img_000522_jpg.rf.e32c6136e66743dc2fc5eff688f0f3f7.jpg,1,1,0,0
Yimg_000138_jpg.rf.d0142c5c44324cdd42f93d3ee3555303.jpg,1,0,0,0
_608_jpg.rf.57e4a9d2a63907d4d24a836fdfad3106.jpg,1,0,0,0
closed_eye_1488-jpg_face_1_jpg.rf.8c35e94b6291e5bcda49e47752fdb7fb.jpg,2,1,0,0
760_jpg.rf.22a20772c194c35ffc1a0b6cdf27533a.jpg,1,2,0,0
1487_jpg.rf.f46a9bffa72eaa82d468e9bc7b96ed48.jpg,2,1,0,0
1183_jpg.rf.5d36593db723b4579e7a6693a9cfc436.jpg,1,0,0,0
_725_jpg.rf.81ed19db21174a67ffa7e61a8b38df0f.jpg,0,0,0,1
_13_jpg.rf.46d57bd9134d50274f7344f3b01a2f4d.jpg,1,0,0,0
img_000420_jpg.rf.e1c02fe1de4756d8492c2b9f2fab98be.jpg,1,0,0,0
_296_jpg.rf.fc3f9a0ad2683088a123b40c6d7904c8.jpg,1,0,0,0
OIG-16-_jpg.rf.309112cff75b11efe19148b569655acc.jpg,2,0,0,0
3216_jpg.rf.53770361bf1ff4d34ff7cc639c8bad53.jpg,1,0,0,0
1729_jpg.rf.b7492a28bb8bb82740b6ea323cae08c4.jpg,1,0,0,0
_628_jpg.rf.7cc9ebd698902ff088fea41e45a7040f.jpg,1,0,0,0
_448_jpg.rf.9df86a0d579da67290ffa2c1b6ee254f.jpg,1,0,0,0
537_jpg.rf.85e48b427e3f91fed0918f1619f00c8b.jpg,2,2,0,0
closed_eye_0671-jpg_face_1_jpg.rf.d313d5302b3b7d549ff402716eb4ca39.jpg,2,0,0,0
_446_jpg.rf.ce19a374f70fd540e313c6263654a8c0.jpg,1,0,0,0
closed_eye_2218-jpg_face_1_jpg.rf.83011c1fd81fbe0f685a73bca64582c2.jpg,2,0,0,0
2671732783_1_jpg.rf.6b097df9338a2dc7646d5e46fc982699.jpg,1,0,0,1
_673_jpg.rf.1e49c8aad44dea3658dad700aad02aa1.jpg,1,0,0,0
80_jpg.rf.2f76a69fcc39931d79d7c3a39367e18d.jpg,2,1,0,0
1532_jpg.rf.72a9746e505b1fa8437d8ff1ffeafb52.jpg,2,1,0,0
2467_jpg.rf.7b7e897bcc7d114a00ee3d1881a8fc27.jpg,2,0,0,0
_312_jpg.rf.b9acccc615b0d02ac8b77990d192d169.jpg,1,0,0,0
3437_jpg.rf.63213b8a8edab80897ed752a1d1a1a94.jpg,1,0,0,0
closed_eye_2026-jpg_face_1_jpg.rf.933f7971ce767345d0d66eda894074b5.jpg,0,0,0,2
img_000551_jpg.rf.035dff7353104227ac21b0e19f3952da.jpg,1,2,0,0
img_000429_jpg.rf.6f2f6112a430c8630b14c4765b78caf9.jpg,1,0,0,0
_672_jpg.rf.576d8c0541964cecdcf2404a7452a0c3.jpg,1,0,0,0
601_jpg.rf.c8bd8d7ba09fd37cce83e626a41e52e2.jpg,0,1,0,2
closed_eye_0690-jpg_face_1_jpg.rf.6b9055d20863f8f6d6f34df4ef6336d4.jpg,1,0,0,0
_379_jpg.rf.becd7c85cfd4709fef3189e448dcaa26.jpg,1,0,0,0
_143_jpg.rf.ec7c2e86a91ea328fbed8051f71e9133.jpg,1,0,0,0
Yimg_000032_jpg.rf.854411bd49855a5a635ec66ac1a44b8a.jpg,1,0,0,0
closed_eye_2267-jpg_face_1_jpg.rf.fb40bd7c20aa719b0d28840f0a530377.jpg,2,0,0,0
438_jpg.rf.5b22d0e53e8d532c0b0ceb3d84a58cac.jpg,2,0,1,1
closed_eye_2791-jpg_face_1_jpg.rf.90a4e59ea177eb7928c9c673143aa487.jpg,1,1,0,0
466_jpg.rf.047d6db5d0f6f4e0a2ce56bdd13ee037.jpg,1,0,0,0
_34_jpg.rf.f0292667de391d330c97a8bbacdb6125.jpg,1,1,0,0
istockphoto-1305313929-612x612_jpg.rf.84d525191d36b6984ced003dc0fb11a8.jpg,1,0,0,1
_30_jpg.rf.4b275c1e60f97ce0549d9e3b3087a0f0.jpg,0,0,0,1
21_jpg.rf.2c366b46ba1853496293941095135ae1.jpg,1,2,0,0
2623_jpg.rf.4ca4a9c58bd1a4859358f242193d3cea.jpg,2,0,0,0
3207_jpg.rf.cfb915d31480e5027b63d4b19534958e.jpg,1,0,0,0
closed_eye_0397-jpg_face_3_jpg.rf.d2c1a4b39362303237070bbdcab4bb59.jpg,2,0,0,0
2573_jpg.rf.018351db3938ff5517a33e64e35e7469.jpg,0,1,0,1
_266_jpg.rf.9dac3c5f352766a5018e639a228bfaf6.jpg,1,0,0,0
3199_jpg.rf.e557ede39855cef69f86db8f9da0da7c.jpg,1,0,0,0
_572_jpg.rf.08c09a13aeec5890eebee1435321420a.jpg,1,0,0,0
closed_eye_0494-jpg_face_1_jpg.rf.18958ecf7787e17b9dd6ccc56ad4031c.jpg,2,0,0,0
23_jpg.rf.497472898b8f3d49137453f2a2b0eb5f.jpg,2,1,0,0
1790_jpg.rf.7a8a0c12aca864f9cf2ee6a729b62a4b.jpg,1,0,0,0
1280_jpg.rf.f5566b2a9f054b6181c4410b09a745dc.jpg,1,2,0,0
661_jpg.rf.b49285fc8126f3c5284c126639d18e0b.jpg,2,0,1,1
250_jpg.rf.4bbdf9f9b3bbe2373e76013fac040134.jpg,1,0,0,0
151_jpg.rf.700bf5db47a4b13c863a2e008264e9b3.jpg,1,2,0,0
closed_eye_1382-jpg_face_2_jpg.rf.ae1f2dfbbd34c943b287d68ff0b27c45.jpg,2,0,0,0
296_jpg.rf.2a93eafd44cedd2525e300cc75f6b608.jpg,2,1,1,0
_695_jpg.rf.c4ea95b499a38270c055b12e4722b494.jpg,0,0,0,1
_66_jpg.rf.e822d61a782d6286f0bdaed46ce6c142.jpg,1,0,0,0
_449_jpg.rf.9f4b49c25f4edbd4bc9f2a9ec6158691.jpg,1,0,0,0
closed_eye_0033-jpg_face_2_jpg.rf.585d02da6dec0b5e8e2d05be2a291cd8.jpg,2,0,0,0
1448_jpg.rf.909646d30c780ba9dcd2195e42b787b2.jpg,2,0,0,0
image__10730_jpg.rf.c5b33d349b5629951f91c7883d1577a0.jpg,2,0,0,0
_413_jpg.rf.ec4f18b2ee3aedba1ad1f5e4e6322ca6.jpg,0,1,0,0
yawn-93af0fe2-3043-11ec-bd55-302432df5bc8_jpg.rf.5a9599ddb3b62a3ce70a7f3fb6599a72.jpg,1,0,1,0
331_jpg.rf.33c247372261ae50e3ba655bab62cd76.jpg,1,0,0,0
closed_eye_1676-BMP_face_1_jpg.rf.fc0138df616d0acb4f957c59fe697e00.jpg,2,0,0,0
3440_jpg.rf.5ca59ef9987d5b3e0c1afc930c0569d6.jpg,1,0,0,0
734_jpg.rf.e96e288a41376501a39ff59a69b2596d.jpg,0,1,1,1
closed_eye_2715-jpg_face_1_jpg.rf.bd2f5d4a5a04aa875e0c827c1d900829.jpg,1,0,1,1
closed_eye_0646-jpg_face_1_jpg.rf.93c0f55adbf81df13bf53d4ccda3da93.jpg,2,0,0,0
132_jpg.rf.1b54cbe85b78b62ac1735beae4ca1a7b.jpg,2,1,0,0
217_jpg.rf.cf3130d7c2ea2f035f800b634f28c3ea.jpg,0,0,1,1
8_jpg.rf.2f579ac76a2208f1342f8da371ce9e34.jpg,1,0,0,0
img_000581_jpg.rf.63b9d1be78e8e86617f8f014b1fbc67d.jpg,1,1,0,0
3450_jpg.rf.3fc65ef8c1e44d934f2973def1ce86d6.jpg,1,0,0,0
closed_eye_1699-jpg_face_1_jpg.rf.3b637fd7e7a1bcf7281a32da17e41d50.jpg,2,0,0,0
closed_eye_1307-jpg_face_1_jpg.rf.9c74a8e329cc4f3d5d6d2017d084918d.jpg,2,0,0,0
396_jpg.rf.95bbd0f5bc333fbd1eb72e03f6e24879.jpg,2,1,0,0
yawn-24cd125c-3044-11ec-bd1d-302432df5bc8_jpg.rf.7fefa5a6555addef3851deee72a5828c.jpg,1,0,1,0
_715_jpg.rf.4fba0d939c32842be4c5a851def659dc.jpg,1,0,0,0
_196_jpg.rf.9de9dabfc8fecc915de1810e4768d352.jpg,0,1,1,1
34_jpg.rf.60d1947af4c6f90c78f03273efbd0f0c.jpg,1,0,0,0
_300_jpg.rf.7ae713d4db266c84c1e1221f83c5f05e.jpg,0,0,1,1
518_jpg.rf.d134b81be72dd794cd0226e0cb213db0.jpg,1,0,0,0
000410_jpg.rf.9ac263cdbfbb3d7bedde59c1ee87ce20.jpg,0,0,2,2
606_jpg.rf.a51b7a5e2f61e84efd5c7a240ae26016.jpg,1,2,0,0
2247_jpg.rf.fec467dcd5e27780e8f335f8f4a30848.jpg,2,0,0,0
closed_eye_2136-jpg_face_3_jpg.rf.4434fc8aafd34de1edf174fbe20ae8e7.jpg,2,0,0,0
7_jpg.rf.1ebad226b4b80bdb186af0f8a0b2ac09.jpg,2,1,0,0
672_jpg.rf.eed5c2498cfc2a487659c08d2ac56fb3.jpg,1,1,0,1
544_jpg.rf.485005c73a337c79bdc230aae9da1018.jpg,2,0,1,1
_15_jpg.rf.7e30b69645a11f24c43d046d394417b2.jpg,1,0,0,0
_309_jpg.rf.f99bc048d70c0bc7766de4afbb63c128.jpg,1,0,0,0
closed_eye_0745-jpg_face_2_jpg.rf.4973e3084f47c2029a496a584d58bf74.jpg,2,1,0,0
484_jpg.rf.29898727c026eafe7ba2bbace5c9d028.jpg,1,0,0,0
closed_eye_2644-bmp_face_4_jpg.rf.46e3bf763d14838a34269a7a8322e183.jpg,2,0,0,0
closed_eye_2782-jpg_face_1_jpg.rf.791bd79674144bd23a834416d6404cea.jpg,1,0,0,1
441_jpg.rf.6d93ce556a6c488233c98f7c19301d51.jpg,3,0,0,0
726_jpg.rf.f841d11bd15d08fc30e7a76f25656818.jpg,0,2,0,1
closed_eye_2778-jpg_face_2_jpg.rf.50f0c494586d766a27797fa373e9d023.jpg,1,1,0,0
141_jpg.rf.1e46f186cd32f33229f909cda0c96159.jpg,2,0,0,0
3718_jpg.rf.f991b03e3b129e04dfcecb2b9f2a7217.jpg,1,0,0,0
istockphoto-187567151-612x612_jpg.rf.574b52a0dfd0cb9cf8a8db81671be36a.jpg,0,0,1,3
79_jpg.rf.beaf9e0224f2359ec2378b9203a78d8b.jpg,2,0,0,0
110886318_1_jpg.rf.3979d36f2496a6a08168fd0b552c5eaa.jpg,2,1,0,0
531_jpg.rf.f82f29e56ba2713c4d64de2f3626ab60.jpg,1,1,0,0
000576_jpg.rf.a0d9e0ad487f3ba57b44523f1d4ce8ec.jpg,2,0,0,0
closed_eye_2393-jpg_face_1_jpg.rf.794e68d94f5bd0fa1a254f1498435b6d.jpg,2,0,0,0
30_jpg.rf.1856fbc25a46a1944f5ac53a3043f6c8.jpg,1,0,0,2
Yimg_000135_jpg.rf.3b397ead50a33feff6527212b0288269.jpg,1,1,0,0
_724_jpg.rf.eb4303c47c874b64ce556f30372510f7.jpg,1,0,0,0
closed_eye_1431-jpg_face_2_jpg.rf.2a9db19a9aaecf5ead12a5d57a83e10d.jpg,2,0,0,0
Yimg_000011_jpg.rf.bd9cf56645dc3ff7f3753bc618c1ec87.jpg,1,1,0,0
748_jpg.rf.5eac69949f82c63e2410ebc5b062fc1b.jpg,1,0,0,0
476_jpg.rf.bbd166c8e9ebae8c525e9e9dfe07f211.jpg,2,1,0,0
closed_eye_2601-jpg_face_1_jpg.rf.29c17de186219620f02ac52665c36940.jpg,2,0,0,0
131_jpg.rf.335b4147f5e9426887a1964b4d7ad35c.jpg,1,0,0,0
653_jpg.rf.6b820f091115fc1f7b5da2bb0458eb6c.jpg,2,1,0,0
613_jpg.rf.c39682ab0d08a666acfd9a019983c4af.jpg,2,0,0,0
543_jpg.rf.cfb44062590a3f4a41f5f3bc340afeba.jpg,1,2,0,0
_341_jpg.rf.32b0fa7488094c30a07406609b3b878c.jpg,1,0,0,0
385_jpg.rf.45b3b460c8356a4014dac3b6b65b2f8a.jpg,1,0,0,0
1093_jpg.rf.a2a22af2eeb978f2293fd010313c1a6e.jpg,1,0,0,0
Yimg_000343_jpg.rf.8ae691fdb0fd537be699ca076ef39d11.jpg,1,0,0,0
85_jpg.rf.6702ae54611c3402a7c7f9236500d90f.jpg,2,1,0,0
yawn-ff7848f6-3044-11ec-97b0-302432df5bc8_jpg.rf.946354ec3781bdca94009f97ff86e9d3.jpg,1,0,0,0
_270_jpg.rf.a652c28cc289635072a2740481ad7041.jpg,0,0,1,1
3525_jpg.rf.3d3418c90831ba0c7444194224426f98.jpg,1,0,0,0
_585_jpg.rf.e8ec067dc582fd268d33efd48a881471.jpg,1,0,0,0
closed_eye_2513-jpg_face_2_jpg.rf.cacd08fcba4421bb22871bd4212b5c4f.jpg,2,0,0,0
_276_jpg.rf.07cd6c55128c7e6acb9ea4cb547c40d9.jpg,1,0,0,0
714_jpg.rf.3e2ab0da693a3bb28d258d752f70c25c.jpg,1,0,0,0
215_jpg.rf.9d916d8f21986caf8ff43e292a562ad6.jpg,2,1,0,0
closed_eye_2400-jpg_face_1_jpg.rf.238ad0b290bec7a5e2dee8ab0fcbb203.jpg,2,0,0,0
720_jpg.rf.a5c46355006ea412cdec3c48d7f5da46.jpg,0,2,1,1
143196796_1_jpg.rf.d2acd8b1dbaf177c6aa042de2e50936f.jpg,2,0,0,0
closed_eye_0015-jpg_face_1_jpg.rf.a272c02418d65f5e45fedc4b18d424bd.jpg,2,0,0,0
_216_jpg.rf.9cf8a5a0dc06d463418087956b53052e.jpg,1,0,0,0
357_jpg.rf.4f4a85a0645970cccb5a7091099cd427.jpg,1,1,0,1
PIXECT-20220526010154_jpg.rf.b4fd0260433656b7e7f0cf903cac3a91.jpg,2,0,0,0
140_jpg.rf.725d1a6389ca0cee6829243ca8b17418.jpg,1,1,0,0
img_000482_jpg.rf.e20965d695db8e5b7ebae86b194bc1e2.jpg,1,1,0,0
703_jpg.rf.783e9ce9ff3780e359ac2729dd9e87d5.jpg,3,0,0,0
_196_jpg.rf.23e90e0a5ff0075cb04cc30bc7d53052.jpg,0,0,1,1
closed_eye_1542-jpg_face_1_jpg.rf.ba6a6a9ecfdbd8fb3b8759818d40b09c.jpg,1,1,0,0
475_jpg.rf.08d8a5aeb3519dd0ff90eeb3ccab3f41.jpg,2,1,0,0
630_jpg.rf.ee802a158f27331771da76fcb108ca60.jpg,2,1,0,0
52_jpg.rf.fd5648fdba04905b0056860276fd2803.jpg,1,0,0,0
closed_eye_0621-jpg_face_2_jpg.rf.8e2d27f920d6b66391863fd1b3453059.jpg,1,1,0,0
closed_eye_1853-jpg_face_1_jpg.rf.1afb3bef003d9bdabc7b770c1d57abe1.jpg,2,0,0,0
105538305_1_jpg.rf.21c2e42d482c5c99d9d80b10e425e8e2.jpg,2,0,0,0
Yimg_000128_jpg.rf.7b0093656a9576a0437b1f224997d6a6.jpg,1,1,0,0
962_jpg.rf.f2e902942e1bd00cac0a60aae01b15d3.jpg,1,0,0,1
326_jpg.rf.89edc51a39c7e9f32b04e5b31e0b211b.jpg,1,0,0,0
_247_jpg.rf.fe747f4e9e0c777fca2fb4aa3736f9a0.jpg,1,0,0,0
_54_jpg.rf.871b7363e838dbeae37385ac21e65fca.jpg,1,0,0,0
closed_eye_0591-jpg_face_1_jpg.rf.553148fbfb2d132745627f831111b3e6.jpg,2,0,0,0
_207_jpg.rf.481f7ccd4976059b80804448a92a619c.jpg,1,0,0,0
332_jpg.rf.b4fdc3d2712bdef326330a9c848c5066.jpg,1,0,0,0
_396_jpg.rf.df618de10861ffbd06d83bf880462b6e.jpg,1,0,0,0
img_g_14640_jpg.rf.ebac705c4b1c463764aa8c13965f018f.jpg,1,1,0,1
1675_jpg.rf.3ea64c68a5c65600dc2ded5f037337f6.jpg,1,0,0,0
s0016_01578_1_0_0_0_1_01_png.rf.dc045766ff78b5172661c05e1e04918a.jpg,1,0,0,0
613_jpg.rf.cca56d9ea8f5cdba413d8307c66aa0b1.jpg,1,1,0,1
closed_eye_1640-jpg_face_1_jpg.rf.c65b4a76699b95fedeee3a4cab64707b.jpg,2,0,0,0
336_jpg.rf.5ffaa2e4f68d2bfaa1dffc6e4a0e2a3a.jpg,1,1,0,1
1238_jpg.rf.cb2542a7ab0747909acedc5cb0aa2793.jpg,1,2,0,0
72_jpg.rf.c1873f03a657658eea75ab9a536524ea.jpg,2,0,0,0
_239_jpg.rf.d877f96b748c5c0ac59a80dcaa473068.jpg,1,0,0,0
_286_jpg.rf.85c859f8df1747f19e5dbbb3e934ef46.jpg,1,0,0,0
closed_eye_2026-jpg_face_1_jpg.rf.03628de8215c7c38909a06267a623f59.jpg,2,0,0,0
_50_jpg.rf.8f50d3f5098ae5369135fe9e098f24ea.jpg,1,0,0,0
_552_jpg.rf.33de033d44c54261ccb5a9ae56893798.jpg,1,0,0,0
img_000540_jpg.rf.25ba937dc6ce7be463dd2bd772eda920.jpg,1,2,0,0
_19_jpg.rf.0f53af34ae1a63203766f5de2f5f6a3e.jpg,1,0,0,0
_68_jpg.rf.51650d31054c2e68f34777264f73a604.jpg,1,0,0,0
closed_eye_2249-jpg_face_2_jpg.rf.b220bcfef342d455704757706bc294b5.jpg,2,0,0,0
1281_jpg.rf.377b9cb7840bfd864c38b9b66a540d1d.jpg,2,0,0,0
322_jpg.rf.b295a1362ecf399b113bc614b7acfbc2.jpg,2,1,0,0
1214_jpg.rf.e9a74468e6f9518fc4d36dcb8c504175.jpg,1,0,0,0
716_jpg.rf.24fc07934b724f4b2fa2b01a5eb6d51f.jpg,1,2,0,0
407_jpg.rf.0ad4c5820b46a4c24f5550ea904d037c.jpg,2,0,1,1
closed_eye_2659-jpg_face_1_jpg.rf.5da3a3de61a79b99bc9966ca3945cf6b.jpg,2,0,0,0
87_jpg.rf.65749ed6d39ad9f700855923bd53083d.jpg,2,1,0,0
285_jpg.rf.76720df91d594a6fd54659400fd38a8e.jpg,1,1,0,1
205848147_1_jpg.rf.8e74c07f640a91b9e63709fee24e7687.jpg,0,1,0,2
74_jpg.rf.4be93e007fc67b277dbbeeaeb6690478.jpg,1,0,0,0
closed_eye_1505-jpg_face_1_jpg.rf.2796993a31afdafbd42a687608e9ba42.jpg,2,1,0,0
364_jpg.rf.b52695d403c7da736b5658d118215258.jpg,1,0,0,0
1077_jpg.rf.e1fae8b8eb81f40b797db5d8f86a91da.jpg,1,0,0,0
2665714499_1_jpg.rf.bd088f115dcbb0ee127e24531b71554f.jpg,2,0,0,0
721_jpg.rf.9296833c5f9af2acd20db702becb6008.jpg,1,1,2,1
yawn-27548bfe-3044-11ec-bb37-302432df5bc8_jpg.rf.692a9eec03b89ac6918c2035442dc91a.jpg,1,0,1,0
_222_jpg.rf.e4cf7da65790d5816874e6e32359dbf0.jpg,1,0,0,0
2932_jpg.rf.8f98f6729a034b5b332a3551c8c2c64a.jpg,0,0,1,1
s0016_00336_1_0_0_1_1_01_png.rf.2c58fff5678078c235b14d8cef6eac78.jpg,1,0,0,0
1034_jpg.rf.dfc17a9e486511fe7af0a6af2e3b2859.jpg,2,0,0,0
_579_jpg.rf.1f57c57c7e6cd94aa3e9f2458c2307b8.jpg,1,0,0,0
closed_eye_0867-jpg_face_1_jpg.rf.14b02755725394595db2f05e42c838d1.jpg,2,0,0,0
8_jpg.rf.84e8d91b0ab59bfe7a6493b4c6431d12.jpg,1,1,0,0
_380_jpg.rf.c05bb8c7118ab5a2d755043526bf5b88.jpg,1,0,0,0
1398_jpg.rf.a2ea93131d2b22b7258958067d4b410e.jpg,1,0,0,0
679_jpg.rf.2f5403f9b916f40b7ab1066401b8e1c0.jpg,2,1,0,0
closed_eye_0374-jpg_face_1_jpg.rf.2c012265e0648ca48931ae04aa447a85.jpg,0,3,1,1
closed_eye_1844-png_face_2_jpg.rf.e5bd57e3b9c602313f52f62f732bb73a.jpg,1,0,0,1
136_jpg.rf.008e649dca926f013dd735912ad80538.jpg,0,1,1,1
closed_eye_2329-BMP_face_2_jpg.rf.c02a2baf1aa4c462a481875172019610.jpg,2,1,0,0
s0018_00122_0_0_0_0_0_01_png.rf.21a15aa500c48a7404ca9da93b0e5727.jpg,1,0,0,0
_54_jpg.rf.f909c3678eb98f3ef574d8b2a1d6277f.jpg,1,0,0,0
_544_jpg.rf.80640e0610b30fa2061a62543b086a5e.jpg,1,0,0,0
img_000404_jpg.rf.f0c9241617bc379c02f5ea3cd376c11d.jpg,1,0,0,0
567_jpg.rf.e7e4d91016a02fd8f3483ffd1d26ed8a.jpg,3,0,0,0
217_jpg.rf.a30723bebd4bc454c349c0a104c00cde.jpg,1,0,0,0
istockphoto-1061890020-612x612_jpg.rf.77d939b96957c655fa5613fa6b959eb6.jpg,2,1,0,1
_93_jpg.rf.afe513c77e539603da46da59cdef853b.jpg,1,0,0,0
1503_jpg.rf.1042a60bb6ce937ce4351ddaffbf838a.jpg,2,1,0,0
33_jpg.rf.3e1305499f5f4e95d5af5d71363c2554.jpg,1,1,1,1
closed_eye_1507-jpg_face_5_jpg.rf.160c248169f83d4f2952a8f56dff088f.jpg,2,0,0,0
_7_jpg.rf.b08f1518ababeaa7ca6b4ca2d8dd2764.jpg,1,1,0,0
_4_jpg.rf.63c704fd13b51ff7c97624469bdaa09d.jpg,1,0,0,0
503_jpg.rf.25f133f12462fa7c0a43bbbd03efa01a.jpg,1,2,0,0
000391_jpg.rf.6e57dacd0fdb500b682079c9030d45d8.jpg,2,0,0,0
_639_jpg.rf.e73233b78efc839255c3494a684888a0.jpg,1,0,0,0
531_jpg.rf.3f94c21d23a3284625c83240285ed7fa.jpg,2,1,0,0
209_jpg.rf.4ee043e70163c87cd2ab43650cdfb1d9.jpg,2,1,0,0
_347_jpg.rf.54921a4699121aa509bee0c220a26e9e.jpg,0,0,0,1
s0016_00315_1_0_0_0_1_01_png.rf.8f0d4f25584442cd48b7cec33e7c716d.jpg,1,0,0,0
istockphoto-1147358767-612x612_jpg.rf.3aef8bb345bc224f4749c3e639e2ddb2.jpg,1,0,0,2
_529_jpg.rf.85a07c623267b2179ef8375cedcb1335.jpg,1,0,0,0
675_jpg.rf.cfdbe970c067936de7dd01597fe89cd4.jpg,1,2,0,0
closed_eye_1955-jpg_face_1_jpg.rf.6f94c271cb0b6b7c76f99cf6fa702207.jpg,2,0,0,0
closed_eye_1622-jpg_face_2_jpg.rf.5c8bd14f0c8bb4eb3bb6796195cb1e98.jpg,1,1,0,0
closed_eye_2030-jpg_face_2_jpg.rf.20b9806c68ba5ad45d3ee4c635b7f9fe.jpg,2,2,0,0
closed_eye_2493-jpg_face_1_jpg.rf.f132148f23460ed802e8cd2592e1af72.jpg,2,0,0,0
462_jpg.rf.379f53a9eceb8bc99d40a91b6d4c7ea5.jpg,1,0,0,0
_444_jpg.rf.245085c06c530444a3c2c544eb51db5f.jpg,0,0,1,1
closed_eye_1409-jpg_face_1_jpg.rf.bad9bc44f0e143beaf86541d6ce2c6cf.jpg,2,0,0,0
_308_jpg.rf.49ab83f8e324cf07d687864f2baddf74.jpg,1,0,0,0
1129_jpg.rf.1615dbe3115fb64b0008babec9978323.jpg,0,1,1,2
_162_jpg.rf.2735c7dd452ca34c9926116eb50f8189.jpg,1,0,0,0
1366_jpg.rf.d6f833cb4de190965b8da301b684cc34.jpg,1,0,0,0
1633_jpg.rf.66cea4c31a9ae1546e136ee51dcc8757.jpg,1,0,0,0
_14_jpg.rf.d52c1a21d1d242e4abc4bf593a9041a9.jpg,1,0,0,0
976_jpg.rf.42e9f68db5e43926cf888efac5840018.jpg,2,0,0,0
_294_jpg.rf.3b7a24d9333b9566643775f307b91e45.jpg,1,0,0,0
_261_jpg.rf.40b904560adc38ad9b6b0eccd7568db6.jpg,1,0,0,0
yawn-e1d4498c-3042-11ec-91f3-302432df5bc8_jpg.rf.194afaa1e5ddbc7e779b8f4eba300a34.jpg,0,0,0,1
_423_jpg.rf.a7d3ac84464be77313c5e50d540cb6a6.jpg,1,0,0,0
1932_jpg.rf.e5d3c8ae6920228c88e1fc6828396bdc.jpg,1,0,1,1
closed_eye_0191-jpg_face_1_jpg.rf.f66bc7173cee233d6e1b4098a9d7e475.jpg,1,0,0,0
closed_eye_0890-jpg_face_1_jpg.rf.f1beaa3d3c0ca6bd78f0ff832ec433c6.jpg,2,0,0,0
s0016_01561_1_0_0_0_1_01_png.rf.581ef129cc271c797daf8be82d56f743.jpg,1,0,0,0
closed_eye_2356-jpg_face_1_jpg.rf.ef7de2338e2d29ce29456a412a2114a5.jpg,2,0,0,0
671_jpg.rf.49fcf83b203818f8fa23f4e1babb1c8c.jpg,1,0,0,0
_248_jpg.rf.5685efc979933e0851a90d6972ab19a2.jpg,0,0,1,1
336_jpg.rf.22580403de01d680910523cfc8317988.jpg,2,0,1,1
80_jpg.rf.88992f294210b7330bd2844f153d0ac7.jpg,0,0,1,1
images-6-_jpg.rf.5d35db7559deeccd3635e5ecffe19cb9.jpg,2,0,0,0
1244_jpg.rf.e39be9fb4920273449da0e034b8e3455.jpg,1,2,0,0
webcam-toy-photo1_jpg.rf.f0b727cd11e848719b2c9d86499cdd9f.jpg,2,0,0,0
closed_eye_2521-jpg_face_1_jpg.rf.a7280c7c03d3d05a62f8b95a6eb59a60.jpg,2,0,0,0
30_jpg.rf.e94a4493dce070516604545aea773634.jpg,1,2,0,0
closed_eye_2214-jpg_face_2_jpg.rf.8e447966b027c37d63c9d8f939799724.jpg,2,0,0,0
1299_jpg.rf.63000a5f39718cd99a3c4693cecbb321.jpg,1,0,0,0
closed_eye_2165-jpg_face_3_jpg.rf.0aaa57c42cc1778186359ddb2b9dd0de.jpg,2,0,0,0
381_jpg.rf.e5d767dc37227026f43b28d1c7a5e8f5.jpg,0,1,1,1
394_jpg.rf.6b1262fb0cc2453a3fcdacca5613ac0c.jpg,1,0,0,0
717_jpg.rf.86c7f724ad3b263c45850e4ee83bac7c.jpg,1,1,0,0
closed_eye_0162-jpg_face_1_jpg.rf.431b05b54a3b6b59edc923fed718de70.jpg,2,0,0,0
51_jpg.rf.309837d263fb84e3e85669bf8b3f832e.jpg,1,2,0,0
s0018_00142_0_0_0_0_0_01_png.rf.71494f70ec96fd0dfb1b9c5c78000029.jpg,0,0,0,1
325_jpg.rf.a68fee5bbb06da9cd7a78aa3a24bcd0f.jpg,1,2,0,0
1095_jpg.rf.1f4351d6c4e06ccb70ceb19062869aa7.jpg,1,0,0,0
closed_eye_2476-jpg_face_1_jpg.rf.526c8b3f9d266737e1fa816f218ab581.jpg,2,0,0,0
s0037_00010_1_0_0_0_0_01_png.rf.06ee8deae2af7251a184a9dae8f7e4db.jpg,1,0,0,0
closed_eye_2339-jpg_face_1_jpg.rf.14037c76b1cd3d7f3e15cee0a0da59e8.jpg,0,0,0,2
1403_jpg.rf.801fa3a4b6497865426b45e9d7603a73.jpg,1,0,0,0
307_jpg.rf.08bb454726bd99c1fed3363450ae0163.jpg,1,1,1,1
closed_eye_2383-jpg_face_2_jpg.rf.dc3afee7fc2d50dc8dc23eea48c6b21d.jpg,2,0,0,0
240_jpg.rf.b94c7c66d66a3bbea4391455db056aee.jpg,2,1,0,0
_554_jpg.rf.f050e6819b3195452ff6174513e28e72.jpg,1,0,0,0
129408727_1_jpg.rf.1b547b5bc55829c5755a38c77ec3e266.jpg,4,0,0,0
1329_jpg.rf.3d99e8a100477c3346250b25d191a4c2.jpg,1,0,0,0
371_jpg.rf.2de840892b387aee0605ef692ad446bf.jpg,1,0,0,0
1348_jpg.rf.e05a0db61414e0de84c537dc0bd1f59a.jpg,1,0,0,0
3441_jpg.rf.92b51e338c1bae0c5f8f78dfb6c037f4.jpg,1,0,0,0
464_jpg.rf.033efd7856d824c36b2e04c506ef5b6d.jpg,1,0,0,0
_453_jpg.rf.a6b512a53e88cf06213de58e2d7d14bb.jpg,1,0,0,0
3710_jpg.rf.1f7950fb1f73506a216ca1a1ac3febf1.jpg,1,0,0,0
161_jpg.rf.54034e49b37ac877ec4de889543bc15f.jpg,2,1,0,0
closed_eye_2508-jpg_face_1_jpg.rf.a6e95bb61c47fb9c55a1d8755f71d8d1.jpg,2,0,0,0
478_jpg.rf.b6ff8f5f119061f3bf04e5211035e46a.jpg,2,1,0,0
yawn-e5a6a12e-3041-11ec-a978-302432df5bc8_jpg.rf.0c434407845bc313e3d9223c769a96d8.jpg,1,0,0,0
1652_jpg.rf.b4ee093061bad20dd06c5fbb98d64f62.jpg,1,0,0,0
closed_eye_2132-jpg_face_3_jpg.rf.133ead589522c750ac8a2729c23b8531.jpg,1,0,0,1
1262_jpg.rf.bad2d71f2677f3c12d1ef0dfa5b02f27.jpg,1,0,0,0
1346_jpg.rf.ccf6e140ce208f2c59dba898e698f67b.jpg,1,0,0,0
375_jpg.rf.8daa5b48344008d915fe72ec2607f3d5.jpg,1,1,0,0
closed_eye_1472-jpg_face_1_jpg.rf.819bc5bf9631e3e375ce577bd203d55c.jpg,2,0,0,0
2941_jpg.rf.d7cdfd77db56bfc42754bef169de0cc8.jpg,1,0,0,0
_8_jpg.rf.f337bb6939b48402cb77c9948823c1ae.jpg,1,0,0,0
514_jpg.rf.08fe38b0ca2d1b1975b28f04a05f2f14.jpg,3,0,0,0
275_jpg.rf.61ab2846eb732d2f7407f234092164b8.jpg,1,0,0,0
292114712_1_jpg.rf.7d5b9e30fe4e9c200e0021e22ef6b3fd.jpg,2,0,0,0
770_jpg.rf.15f718912559d10f8c46488c66763f32.jpg,1,2,0,0
686_jpg.rf.33f4185bb1d6a245c73351f6083ac2e0.jpg,2,1,0,0
264_jpg.rf.edb0bd55fc057c21032aab5df088c1ba.jpg,0,0,1,1
202_jpg.rf.1683d8244102c8d3d5517be5378ab4dd.jpg,2,1,0,0
504_jpg.rf.a00da68513b00ae7aecc9e312d522acb.jpg,1,0,0,0
_563_jpg.rf.8e9e1cc7119e0dfdb11786c9ac77978e.jpg,0,0,1,1
203_jpg.rf.be95f3affca21e5ff21ceb2d1d85adda.jpg,1,2,0,0
_309_jpg.rf.6dfe6a61305d233f5e2e8ed26bd835b2.jpg,0,0,1,1
_109_jpg.rf.46858c5ce5cc94b1cd9d35d845abb418.jpg,1,0,0,0
_595_jpg.rf.55c9c24c9b52d5e3a37f0f6d87aca5b2.jpg,1,0,0,0
_570_jpg.rf.642520433ea1f78d75a72c911cf60d5f.jpg,1,0,0,0
729_jpg.rf.6099dc43bebad88f0e4ac2db43a88502.jpg,2,0,0,0
_50_jpg.rf.08557cdeb96c8c478aaae8a6957e6239.jpg,1,0,0,0
s0016_00425_1_0_0_0_1_01_png.rf.686ae84f4ac7d1115533f5f7f5a4cb51.jpg,1,0,0,0
_123_jpg.rf.bba13f9808bde11aa60e8e433a675be4.jpg,0,0,0,1
828_jpg.rf.2839ed88e31dc6de2a9bbf33cbd968ac.jpg,1,0,0,0
closed_eye_2033-jpg_face_1_jpg.rf.c01da49518ea5b7fb85b2b95089cf6ef.jpg,2,0,0,0
_607_jpg.rf.2d0ddca44dd4468798ee7ce53d8532fd.jpg,1,0,0,0
293_jpg.rf.5b142fbe94197b2ffc5f2f5128b954b8.jpg,1,1,1,1
_35_jpg.rf.839c9783a42f499fc1e1a436effc2cb8.jpg,0,1,0,0
2719309278_1_jpg.rf.b75b8a90e26ad017f5600c77a13ddacd.jpg,2,0,0,0
closed_eye_2534-jpg_face_1_jpg.rf.ede799098714d4eb0fe7142bb1a3f6e2.jpg,2,0,0,0
891_jpg.rf.cc3fbf8e4ca5a1eed28049b38db3ba78.jpg,1,0,0,0
811_jpg.rf.6f7e757c110a22c73bb12661cda59a46.jpg,1,0,0,0
s0012_04571_0_0_1_0_1_03_png_jpg.rf.572ebb611c8e4beea4a5602b7f9ba47d.jpg,1,0,1,0
1117_jpg.rf.feda73c4107559d9352893e388f0b723.jpg,0,0,0,1
s0012_04571_0_0_1_0_1_03_png_jpg.rf.2513b5c198595350d982552a642cb132.jpg,1,0,0,0
closed_eye_0161-jpg_face_1_jpg.rf.b387d879621dc31283a60f78ca69333f.jpg,2,0,0,0
closed_eye_0014-jpg_face_2_jpg.rf.82588cb24132571e3c90e5239f197875.jpg,1,0,0,1
608_jpg.rf.c768227b9fcce2f40bdc36c524bdbcd6.jpg,2,0,0,1
_476_jpg.rf.5f5ea98f2b3f4e49741617213efd9eb7.jpg,1,0,0,0
s0016_00398_1_0_0_0_1_01_png.rf.b28e075212e5648523550d13dd26298b.jpg,1,0,0,0
photo_10_2023-05-02_17-59-15_jpg.rf.f782e8874c4d799e7714348e46d0ed16.jpg,1,0,1,1
_50_jpg.rf.d09716d89d7185cb7b3b30f65b0e8355.jpg,1,0,0,0
227_jpg.rf.f689ecbab501c5c853e9929f0b23fdc0.jpg,1,1,0,1
_522_jpg.rf.46e80df6b96d2eb261f26f811601510e.jpg,1,0,0,0
closed_eye_0424-jpg_face_1_jpg.rf.c0458f2e96b9a7d1419a10093cd13be0.jpg,2,0,0,0
289_jpg.rf.87707eda8ecb5d6e07a052c0aee51e55.jpg,2,1,0,0
1316_jpg.rf.6242a1f446842954d2778024fcb8fb09.jpg,1,0,0,0
_149_jpg.rf.17587e69702a33587fe64f0632230b3c.jpg,1,0,0,0
570_jpg.rf.0378f4b76c9f4b2707a86d675d68b82f.jpg,1,2,0,0
_283_jpg.rf.f7a8964c7d4c44e9003fb29c829a47f0.jpg,1,0,0,0
_93_jpg.rf.b9636a6228305302bbedafaea18c1c55.jpg,1,0,0,0
_480_jpg.rf.448c0cc7f5f393bc1bb6de66463865ed.jpg,1,0,0,0
_434_jpg.rf.f7daaf686bed4ce811c3fed60e6fba0a.jpg,1,0,0,0
istockphoto-1217463765-612x612_jpg.rf.755988b37fd5dd49ba4c22dae130faee.jpg,0,0,0,1
212_jpg.rf.796180fea09172c9994dcabc72c8a760.jpg,2,1,0,0
_420_jpg.rf.46bdc5e2b94ea8d6b175b793d97823b6.jpg,1,0,0,0
298_jpg.rf.4605babe1eb3331b200b0406c84162c6.jpg,1,0,0,0
_39_jpg.rf.422084d0c40052ad69a60968bf23b48f.jpg,1,0,0,0
s0016_01502_1_0_0_0_1_01_png.rf.a88ad1a526f04f386fcf126328b4adfd.jpg,1,0,0,0
istockphoto-892827282-612x612_jpg.rf.ccad9a956d4114eb36609479a62271e8.jpg,1,0,0,2
131_jpg.rf.8702448592e7bcfc8687b09f0cd826b8.jpg,1,0,1,0
images-12-_jpg.rf.356853351999fa5374368385ff53035b.jpg,2,0,0,0
closed_eye_2660-jpg_face_1_jpg.rf.2126209fa595765764ddff430dcd7e4e.jpg,2,0,0,0
istockphoto-1198229143-612x612_jpg.rf.bada0859d5fb6a1dd85795dc72fb9046.jpg,1,0,0,2
319_jpg.rf.8c28ef18fe7a73bf8e641c3c59596eed.jpg,2,0,1,2
290160311_1_jpg.rf.8ba4a01f77549a03e47eaface05d3c15.jpg,2,0,0,0
1900_jpg.rf.2a203ed34a56507334f91b0e259fae10.jpg,2,0,0,0
closed_eye_2037-jpg_face_2_jpg.rf.ea59f9998cd3bff8c1a5c313fdcf1840.jpg,2,0,0,0
Yimg_000112_jpg.rf.34e08c775395f572ba31edab27cc1532.jpg,0,1,0,1
s0016_00312_1_0_0_0_1_01_png.rf.3a5fbd67ab9b5b66ae924ba87c0ea533.jpg,1,0,0,0
394_jpg.rf.6ff10b38f5ce7cef5f0e357b8408b9e6.jpg,1,1,0,0
699_jpg.rf.f551fb39d83c7a4154f225706ea64bcf.jpg,2,1,0,0
554_jpg.rf.34ff60459431ffadcad1d142e0ae35f6.jpg,1,2,0,0
985_jpg.rf.759d38db70380a5445f3eb2881ff8013.jpg,1,2,0,0
609_jpg.rf.e10877c6c05f6cbafe0c2a37c3fcec16.jpg,1,2,0,0
closed_eye_0363-jpg_face_1_jpg.rf.8a52065ad327350bcffea0e7a706f94e.jpg,2,0,0,0
closed_eye_0014-jpg_face_2_jpg.rf.04eb1bf1196543f942df40e9af26572a.jpg,1,0,0,0
s0017_00037_1_0_0_0_0_01_png.rf.d00ad0a824065bdd7119a04a109f64c1.jpg,1,0,0,0
closed_eye_2641-jpg_face_2_jpg.rf.e2965b7bdac9167885d5d2d276b44269.jpg,0,0,1,2
1597_jpg.rf.d0dbf58d9303aa30fa7b481b794c46f0.jpg,2,0,0,0
_417_jpg.rf.041042dbfb42119da9c2a5d431f98397.jpg,1,0,0,0
3226_jpg.rf.b7e29738de8a01cc00b2a8d7b15775f5.jpg,1,0,0,0
img_000563_jpg.rf.75923fe489347b93530a43d7657db55a.jpg,1,2,0,0
1313_jpg.rf.eb8277b072e42be4e72a4f848b2b8f89.jpg,0,1,1,1
_125_jpg.rf.6d43a847500809eb65250377678a635d.jpg,1,0,0,0
3713_jpg.rf.77e5aa222708f27bf71339490d267cd2.jpg,1,0,0,0
1198_jpg.rf.32d5a7e91c50282c942e14483d6a17f7.jpg,1,0,0,0
s0016_00418_1_0_0_0_1_01_png.rf.3a313a38d038ed0556ec3e8c6139eae6.jpg,1,0,0,0
_162_jpg.rf.5810443ed6cb973d978840fad28ceb62.jpg,0,0,0,1
_424_jpg.rf.5e99d214ee9a2168e48d1098d22074f9.jpg,1,0,0,0
img_000515_jpg.rf.872e61b54e5cff8acbdcab9ebc5baf14.jpg,1,2,0,0
260_jpg.rf.d32b2229c4315ca1285da672b8006fbf.jpg,1,0,0,0
istockphoto-1385209672-612x612_jpg.rf.78835cad61211b878e60a3b569ddeff0.jpg,2,0,0,1
444_jpg.rf.3d2848b07df9fde3d00d0a58dd50ac8b.jpg,1,0,0,0
_107_jpg.rf.136b37b6f7813c299b0ff4745b198d41.jpg,1,0,0,0
591_jpg.rf.329f2c7244fcb61d70b9f2fd453cf527.jpg,1,1,0,1
_109_jpg.rf.c011d8521ef2886e744b46b099a1cd49.jpg,0,0,1,1
1319_jpg.rf.fe2ccce994a67e2c6995b6957acfa257.jpg,1,0,0,0
1286_jpg.rf.d7ce37affd164f953490f66c357de8bb.jpg,1,1,0,0
3704_jpg.rf.74cef918a5ca8f5f8a2ee997f1fdf54e.jpg,1,0,0,0
closed_eye_0183-jpg_face_1_jpg.rf.d975e0a88590bd9aeea059e52d6c3ca4.jpg,2,5,0,0
236_jpg.rf.c78cc6c9de158132f1ca3b02243dc37a.jpg,2,1,0,0
_372_jpg.rf.156a9d20d95de5080a7d7d08fa3a160d.jpg,0,0,1,1
622_jpg.rf.b696e3c4da0d0bafedc0aee9af6720e4.jpg,0,1,1,2
375_jpg.rf.f0d99ed5ad9999510e6868947616a99c.jpg,1,2,0,0
istockphoto-486815564-612x612_jpg.rf.6d89edf96dc822e284d6afe2bd39c6e8.jpg,1,0,2,2
image_0134_jpg.rf.26160d467e7e8ffd6ef0f6aaa9f694de.jpg,2,0,0,0
2121_jpg.rf.de33d4174829b937b09da4690518c69d.jpg,1,0,0,1
756_jpg.rf.8dd018107b23e4f757fc51f65cfb49ff.jpg,2,1,0,0
771_jpg.rf.c332f76a8ad9c5a37acb9ddb57bf1d24.jpg,2,1,0,0
232_jpg.rf.1315b381c53d9b6cf4e9bc617d1d7afb.jpg,1,1,0,1
closed_eye_2501-jpg_face_2_jpg.rf.7c6c6c52c9c5402efa958b44fda97d9a.jpg,2,0,0,0
closed_eye_0030-jpg_face_2_jpg.rf.078c44a03ac1200d9bbb2e78350ffa92.jpg,0,2,0,1
closed_eye_0053-jpg_face_3_jpg.rf.b8fddf2f681a93a577194939c2bf048c.jpg,0,2,0,1
_368_jpg.rf.0f691c55404ba8ff53970ee2ac07f22a.jpg,1,0,0,0
img_000385_jpg.rf.87ef915f53f164ac14a3f8ed7ac5234c.jpg,1,1,0,0
closed_eye_0492-jpg_face_1_jpg.rf.4514a8bca9ac8678c3907adf31615b74.jpg,0,0,0,2
569_jpg.rf.daf641f63297cf7b154878cd42eb08ab.jpg,1,2,0,0
1116_jpg.rf.3d1035a95e2cff80e003e21694a38fbc.jpg,1,0,0,0
255_jpg.rf.0f0947fe0f0819332856c1c696744173.jpg,1,2,0,0
631_jpg.rf.fa365bff90ee283fca738080d3f2bd55.jpg,1,1,0,1
img_000484_jpg.rf.eee2482cf340078e2280746d6dd2093b.jpg,1,1,0,0
_461_jpg.rf.6e3fce3b567df6f654b803f8e7fbe488.jpg,1,0,0,0
image__0_jpg.rf.2236d459fc5e296c98d14c48e65c4612.jpg,2,0,0,0
_210_jpg.rf.a2ae2a79fe9a604fc507ed904bbfd8dc.jpg,1,0,0,0
2697871888_1_jpg.rf.e75d4016ccdda51578d6d7174541e860.jpg,2,2,0,0
_8_jpg.rf.116f68d1b12c6ac6b823013fb6f0aff7.jpg,1,0,0,0
780_jpg.rf.5b0e197ab94021164f363bd70b1ebde8.jpg,1,2,0,0
776_jpg.rf.f626eda921e77cf2df057ca7552f4c0a.jpg,1,2,0,0
361_jpg.rf.8e6e7cfffb498116a28ce2b12047ca2f.jpg,2,0,0,2
OIG-8-_jpg.rf.ebf3a386745f460abc51186007f8aae0.jpg,2,0,0,0
closed_eye_1819-jpg_face_1_jpg.rf.e0caf56082bcff5c688c12a3b5a9f602.jpg,2,0,0,0
_102_jpg.rf.345f39031c95c5ab316526a535e3f4f5.jpg,1,0,0,0
Yimg_000289_jpg.rf.c545abf3b5acd1f08e6d5a860f8726c9.jpg,1,0,0,0
396_jpg.rf.88a5e7e180c27d186d86188f016668fd.jpg,3,0,0,0
1448_jpg.rf.ffa9f4d613632860643e68ba3b4efe5b.jpg,2,1,0,0
3710_jpg.rf.5081e66771ca7317166630b7cd83e757.jpg,1,0,0,0
_315_jpg.rf.1fad0d708ec2b4c5004ce93b3bedd02c.jpg,1,0,1,0
closed_eye_0893-jpg_face_1_jpg.rf.0c6ed88a126b3068f904fc4ced971aa6.jpg,2,0,0,0
1363_jpg.rf.564ab71b62a891375a2980e1dcc1fd7f.jpg,2,1,0,0
yawn-e5a6a12e-3041-11ec-a978-302432df5bc8_jpg.rf.3bc55713b55512c1c2531805cb78f435.jpg,1,0,0,0
_218_jpg.rf.8d39e9bd823b5db72b0bfc00a9a654cd.jpg,0,0,0,1
24_jpg.rf.491bd58dc97e41ffb98729925abf27a4.jpg,1,1,0,0
_143_jpg.rf.ea397f422fa18413e13f887be8683967.jpg,1,0,0,0
istockphoto-1084444980-612x612_jpg.rf.c1efc6adf61276247b98d046ab509eac.jpg,1,0,0,0
40_jpg.rf.e73f04910c3ef82a8e39370241b8c4f7.jpg,1,1,0,0
161868885_1_jpg.rf.861becef8fd153c2277641e6d7d5a4f3.jpg,2,0,0,0
_302_jpg.rf.f5512e048c9f90fcd583fc2887961796.jpg,1,0,0,0
3505_jpg.rf.65bedf9a4061a33f3c3e9080017ce7f0.jpg,1,0,0,0
_69_jpg.rf.7f5b46c7ca360a01a402b82a7f5c592f.jpg,1,0,0,0
2346_jpg.rf.2335a03dc5d29e709d5283e0f0fa889f.jpg,2,0,0,0
312_jpg.rf.5c4a083556090200f01f3f45304782e1.jpg,1,1,0,1
s0017_00032_1_0_0_0_1_01_png.rf.d6bfad98f6e4c780a14132ce3fd20b81.jpg,1,0,0,0
394_jpg.rf.73c5af79e10a6f56aa9704d307445a00.jpg,1,2,0,0
_62_jpg.rf.8607f3018ede65eb92f1003f9980666e.jpg,1,0,0,0
_601_jpg.rf.16025472f59fa6bd91dc2979d73ecf6f.jpg,1,0,0,0
_481_jpg.rf.08b4bc36ec6da61a6f7ca189ab1f714b.jpg,0,0,1,1
closed_eye_2157-jpg_face_1_jpg.rf.790ee6840653acd7afa1307ea44d690d.jpg,2,0,0,0
_522_jpg.rf.5182b7dfaec9423df20a49b83e21496b.jpg,1,0,0,0
2009_jpg.rf.9c2e845acdff18f5ddb05b863ab0960b.jpg,1,1,0,1
390_jpg.rf.459e22d744e29ee5d743019a16f03d98.jpg,1,2,0,0
closed_eye_0218-jpg_face_1_jpg.rf.d77a7e5cdb55377485187a9566f23e8e.jpg,0,1,1,1
yawn-926d616e-3043-11ec-9a3e-302432df5bc8_jpg.rf.cff08196d435adc30c4946172f6b7a6f.jpg,1,0,0,0
1089_jpg.rf.80c34ea8b03c9d6df7d06b2f6dc1f719.jpg,1,0,0,0
_574_jpg.rf.46af056ca1061dbcb3aa996a486e1a3c.jpg,1,0,0,0
3217_jpg.rf.18a114001ca4490c8368d4e2340f0022.jpg,1,0,0,0
_280_jpg.rf.957e75a6c1b1614c1f0dd043f5a3a8f5.jpg,1,0,0,0
img_h_630-Copy_jpg.rf.869a955a83b645fc7cc4864497b0a861.jpg,2,0,0,0
197_jpg.rf.d39972107018268c87071d9c250a7047.jpg,1,1,0,0
closed_eye_2499-jpg_face_1_jpg.rf.fe3af6b1a22272c0285c5078b7053e17.jpg,2,0,0,0
684_jpg.rf.00dbf84491bc3957165158eb5db59615.jpg,2,1,0,0
closed_eye_1966-jpg_face_1_jpg.rf.77235b67d16b0a56e54db86c6f45a391.jpg,1,1,0,0
487_jpg.rf.0b8d7eb9f8226b8e607873fb63663444.jpg,2,1,0,0
499_jpg.rf.514276c1785a7ee9c748a5e81c3d91e8.jpg,1,0,0,0
_541_jpg.rf.e571409b27ab90387004decf0e2517bc.jpg,1,0,0,0
654_jpg.rf.e5bc37d61ce658b02669e320dc287f24.jpg,2,1,0,0
_508_jpg.rf.f5e47876b20d6dbaeb3d83812a33052e.jpg,0,0,0,1
closed_eye_2139-jpg_face_1_jpg.rf.6708621f82b505feb6f565a986768a3c.jpg,2,0,0,0
s0017_00037_1_0_0_0_0_01_png.rf.8b0bba57cbb69a2c2cea123a116da793.jpg,1,0,0,0
closed_eye_0374-jpg_face_1_jpg.rf.8b25ecbcb4a8b4ae94169677e8af9b30.jpg,1,1,0,0
765_jpg.rf.875d51c598a5db29fba2421ac9734723.jpg,1,2,0,0
closed_eye_2208-jpg_face_1_jpg.rf.b9f10a0b6f4e1f519ddba7406a00a024.jpg,2,0,0,0
istockphoto-1220211195-612x612_jpg.rf.218d52b86521e4669bb2c177f7ed1f1a.jpg,1,1,0,0
623_jpg.rf.6f2027a27fc30ba5e45a333febb6eaa0.jpg,1,0,1,2
1651_jpg.rf.29fd865014fe16387f557a8addaf8b06.jpg,2,0,0,0
136_jpg.rf.75ab8e034f7641ed30829ba9e8d90c7b.jpg,0,1,0,2
_268_jpg.rf.0b6b14d7516d1bf710637b5ef4ae2590.jpg,1,0,0,0
352_jpg.rf.49add5fafe8a2f3efd46ff8291ab0b41.jpg,1,0,0,0
_49_jpg.rf.99bf1c519c15b2cd335262e43172a2bc.jpg,1,0,0,0
_660_jpg.rf.45bceccc8b5ee6e839ff87dd8aef122b.jpg,1,0,0,0
_198_jpg.rf.e3d8e16d9ff1c021c4361825c142ef50.jpg,1,0,0,0
732_jpg.rf.b01044b0653fad41aa865c84cc249687.jpg,1,1,0,0
_249_jpg.rf.fa65a246e8c2ae6b7e08eeae74976245.jpg,1,0,0,0
_356_jpg.rf.ce6b38510eebe089b080678c5177ecb3.jpg,1,0,0,0
_105_jpg.rf.11e297cc4fcf875f553147eed0764fc7.jpg,1,0,0,0
2032_jpg.rf.c35103e9ae7e9f44ee9d029ee994dccb.jpg,1,1,0,0
961_jpg.rf.68ef06fe358f6704c65f9ad502a16556.jpg,1,1,0,0
1442_jpg.rf.1ffed76943e54b15ad303d35b30a7fda.jpg,1,0,0,0
_517_jpg.rf.456c1f6c7bd62d37654775e171cb8aa6.jpg,0,1,0,1
img_h_2280_jpg.rf.f3ed31099e56e9336ec07c9c82f5c087.jpg,2,0,0,0
606_jpg.rf.581e5a3b7413b2ff25e75467e63d0568.jpg,1,1,0,1
174_jpg.rf.cea25989b94bf33e4b03a7fa9bd5d611.jpg,1,0,0,1
closed_eye_0243-jpg_face_1_jpg.rf.520e013b1caa9b59a0c972e3c1166f3a.jpg,2,0,0,0
547_jpg.rf.efa2924a58c93544fd7d21f5b0c6ada2.jpg,2,1,0,0
642_jpg.rf.983f45008eb7ba4e8f5c7710137e893f.jpg,0,1,2,2
404_jpg.rf.f468d23d0b2a7a0fd63d818957f8b5d3.jpg,2,1,0,0
closed_eye_2336-jpg_face_1_jpg.rf.98dc6b6e0b3f054f5d0dc8bb6d932dc6.jpg,2,1,0,0
closed_eye_1560-jpg_face_1_jpg.rf.337a9fb8c12fd7ffd6ee1b4d7e361730.jpg,2,0,0,0
Yimg_000077_jpg.rf.f73f39a9fcdf0984c922957a95e26a84.jpg,1,0,0,0
_540_jpg.rf.d241d4cfe40349c98069468add871107.jpg,1,0,0,0
_645_jpg.rf.433802b0bd10df92cf105ac5abb034cf.jpg,1,0,0,0
714_jpg.rf.d22a136e3862b3d99f577ccd46d54137.jpg,2,1,0,0
closed_eye_0675-jpg_face_1_jpg.rf.e5a893bb0fab1754484d3fcedd45cb24.jpg,1,0,0,0
000310_jpg.rf.972ae9d3148406e322a89e0883934fc4.jpg,1,0,1,1
554_jpg.rf.c4a89b4cb3734a01ddcfedf494bb13dd.jpg,0,1,0,2
69_jpg.rf.6b835147c850f5f12c97ae56b2c3d221.jpg,1,0,0,0
337_jpg.rf.37c84ed6239141da3e7263f546088963.jpg,1,1,0,1
I19yR6V4LwQ_jpg.rf.eda6fb89e097f3bab23ec501ec09fffd.jpg,2,0,0,0
1123_jpg.rf.8bd5bdcefbd3a1a4726defb64193ce9d.jpg,1,0,0,0
_526_jpg.rf.37b80907354cccb284326b2ff83ba50a.jpg,1,0,0,0
850_jpg.rf.64b5950fe60d4245ca7e53e3fcd1346a.jpg,1,0,0,0
000025_jpg.rf.3f4b15fefe5b969d6889ce89f3c1f148.jpg,2,0,0,0
386_jpg.rf.dc7834b1f094db90ff18c47e8b2431d4.jpg,0,2,0,2
_13_jpg.rf.814af57cb3e193c9c13f058020413e80.jpg,1,0,0,0
_49_jpg.rf.cacf0272ee01e13c47904df34f4291bd.jpg,1,0,0,0
1153_jpg.rf.4a41acce972010ed6295ffcc724c1f97.jpg,1,0,0,0
_721_jpg.rf.fab0e67e8e1dd93bfdeda9076bbecc2a.jpg,1,0,0,0
closed_eye_0917-jpg_face_3_jpg.rf.bb15855cb8bb1a6de365d5a0d978aa34.jpg,2,0,0,0
_701_jpg.rf.47329854790b4cbf9a1228573f6bfac6.jpg,1,1,0,0
275_jpg.rf.cf3cc70263cd6bf93ac39d94261034e7.jpg,2,1,0,0
closed_eye_0411-jpg_face_1_jpg.rf.5c292e39aceb4782b54c74f43cc23de5.jpg,2,1,0,0
106_jpg.rf.2c5e09cf1723d3c3514e8155ac7da03d.jpg,1,2,0,0
_224_jpg.rf.304724c4bf713718027c1a013090154e.jpg,0,0,1,1
196_jpg.rf.27e9d581008322d2b3da6829287c557b.jpg,1,2,0,0
146_jpg.rf.225e1137d2fda5719a882b4bcdad73d2.jpg,1,0,0,0
Yimg_000033_jpg.rf.8783b943d799da5092391d1a877eead2.jpg,1,0,0,0
istockphoto-1289774859-612x612_jpg.rf.38c6d1aa4c2b1dbcaedad68efbbae4cd.jpg,1,0,0,1
964_jpg.rf.6f91f7257e8352bada07763623f635b4.jpg,1,1,0,0
104_jpg.rf.3934af302691fb91c9c13e2f81bba054.jpg,1,1,0,0
_142_jpg.rf.5d8e72ba261204c84a5c093c19eaf330.jpg,0,0,1,1
632_jpg.rf.1b0129763fa7d03f98166f9ee23b66e8.jpg,1,1,0,1
635_jpg.rf.3adbd351ed49ac21c4e2a58c0ed4a2a4.jpg,1,1,1,1
Yimg_000160_jpg.rf.c0d8724ba7763c67729b2149f38b3407.jpg,1,0,0,0
1137_jpg.rf.d5dbcd332efddb7dfeb22c93ee9b34ac.jpg,1,0,0,0
_714_jpg.rf.c115abaa0179fab91054f93e4e47b49c.jpg,1,0,0,0
1347_jpg.rf.5f03f63a517779c28972c218a4188d12.jpg,1,0,0,0
0K5YAN__KBg_jpg.rf.9a2485d1bbf0552f0d555d4b49bb1f49.jpg,2,0,0,0
yawn-e94ab886-3041-11ec-841a-302432df5bc8_jpg.rf.7e54870f16d34865de9a5a49890279e1.jpg,1,0,0,0
89_jpg.rf.7989551a620eac456be75335b32fc69f.jpg,1,0,0,0
126229661_1_jpg.rf.fe18879b2ef9b57715cce35bbc96d544.jpg,1,0,1,1
213_jpg.rf.7f1a5e89e2997437f4c5dabf951a6817.jpg,1,1,1,1
_27_jpg.rf.cfca6bbdd76e9749cc29afc00a6fc3a1.jpg,1,0,0,0
closed_eye_1161-jpg_face_1_jpg.rf.0585b711821567ab3000776b0c4d9fcc.jpg,1,1,0,0
2685751196_1_jpg.rf.1e442b9d72c1b00ebdbc2ea01b184b0e.jpg,2,0,0,0
309_jpg.rf.e66eec6d2ba72860c63428422ed66535.jpg,1,0,0,0
618_jpg.rf.cef02e0c1be92b85fa5fe8573db1503e.jpg,1,2,0,1
istockphoto-1170710407-612x612_jpg.rf.2a823230b0cda6cda3cc341ab442fe0b.jpg,1,0,0,1
699_jpg.rf.a951107ea77300a2fb810bcaaf05034e.jpg,1,2,0,0
closed_eye_1224-jpg_face_1_jpg.rf.b5d785ebeebecbd8c7fc889165290de4.jpg,2,0,0,0
closed_eye_2179-jpg_face_2_jpg.rf.502efbda1b764dd8ffbd09abc3dcc37f.jpg,2,0,0,0
closed_eye_1884-jpg_face_2_jpg.rf.586b53c05b4f094cf8226996685e9e18.jpg,1,0,0,1
closed_eye_1310-jpg_face_1_jpg.rf.6e1a96d5811d0374d82df4cd479f258e.jpg,2,0,0,0
576_jpg.rf.cd8e7b5bd17c1b67015bcebbf92c2ee0.jpg,2,0,1,1
closed_eye_1922-jpg_face_2_jpg.rf.ff86cd2ba39f716a3b6fa6b8e0e69715.jpg,2,1,0,0
495_jpg.rf.1a5ca10ea85081f8a13fe4eef4a7a38f.jpg,2,1,0,0
52_jpg.rf.860a14e22957cb249e2f222fc5354f7c.jpg,1,0,1,0
_128_jpg.rf.0c5fbde06f2700db213f18e99842d548.jpg,1,0,0,0
1127_jpg.rf.5209118a5df619e9e538b6b2136895f6.jpg,1,0,0,0
closed_eye_0353-jpg_face_1_jpg.rf.83652ed31885c7b10aaeebd2d9a30640.jpg,2,1,0,0
804_jpg.rf.fcd9ea404f6431ac2e9689d790b9eaeb.jpg,1,2,0,0
293_jpg.rf.4acfd773ef8efc5483deb01220206bf8.jpg,1,0,0,0
closed_eye_1079-jpg_face_1_jpg.rf.73263a8d7a2eaf04ff5382d862224560.jpg,2,0,0,0
1803_jpg.rf.fd687fe590d8d7959df2be9d08392efe.jpg,2,0,0,0
3200_jpg.rf.d3bb2d9ec51c70308e63e422b3ac466e.jpg,1,0,0,0
1412_jpg.rf.0116615c4492eea4bdf79c47d1cac31c.jpg,1,1,0,0
istockphoto-1167913952-612x612_jpg.rf.bacca5f3796abebdd5fd30dde7e197fc.jpg,1,1,0,2
3206_jpg.rf.23f5443abdfccf6f3dd85627e5709def.jpg,1,0,0,0
s0016_01558_1_0_0_0_1_01_png.rf.6ad354d1fa6a4fcafa1ec9fff2fa5e08.jpg,1,0,0,0
_403_jpg.rf.81a2dc2d62f7c5583fa4ab5b063a14f2.jpg,1,0,0,0
154_jpg.rf.685d90e5b9964d5757e261a461378361.jpg,1,1,0,1
_100_jpg.rf.50df0ac6fcf12a1be745b818d51be85f.jpg,1,0,0,0
1803_jpg.rf.c4e7e649c8832b0bd9e345be51f2d6b6.jpg,2,0,0,0
istockphoto-843177156-612x612_jpg.rf.75f30d8b69845e3e06ef11ddfe31f8f4.jpg,1,0,0,1
653_jpg.rf.378e1f84b912686ee6497cf714beb900.jpg,2,1,0,0
s0012_04671_0_0_1_2_1_03_png_jpg.rf.12f343480d9399d11b06975bccc47b57.jpg,1,0,0,0
closed_eye_1607-jpg_face_1_jpg.rf.7c051cbea5119af67eb7cf240029f337.jpg,2,0,0,0
_217_jpg.rf.d420373fb8a2f8ddd7c33f7dae82ce0b.jpg,1,0,0,0
570_jpg.rf.ee1430b8094f21c376a9cd4cd5042359.jpg,1,0,1,2
_719_jpg.rf.5d8403010b1f7bfa99737c481db6eeed.jpg,1,0,0,0
648_jpg.rf.c2be79d659f0b84b72cf5893d0e629b3.jpg,2,1,0,0
image_2460-2-_jpg.rf.1ac6d4323ee757596ec985b51e15623c.jpg,2,0,0,0
1076_jpg.rf.4ceecd95bf5d4d0e71789a5cba3ffe84.jpg,1,0,0,0
433_jpg.rf.bcbb21ccd47781df6f122adfee9ba3c5.jpg,1,0,0,1
photo_5_2023-05-02_17-59-15_jpg.rf.52507dd0d55a348cf3b66c9ac7149e5b.jpg,2,0,0,0
_538_jpg.rf.34bcdb320e76aaa66856b4254e9eac4a.jpg,1,0,0,0
000481_jpg.rf.544e00379251fa6d0439869cae6c7e91.jpg,2,0,0,0
485_jpg.rf.32d3c30d30e090836b482706f93e9ee0.jpg,1,0,0,0
1233_jpg.rf.f55c220456f7651a0c969e0bc5e125f8.jpg,1,0,0,0
951_jpg.rf.75271f193d14de7793c6037d45cc4b3e.jpg,1,0,0,0
1325_jpg.rf.44b60c6b0d2259b3076a35945b60bb81.jpg,1,0,0,0
closed_eye_0505-jpg_face_1_jpg.rf.155c6e84c5710d484507ab580429109b.jpg,2,0,0,0
_284_jpg.rf.081d90e789ebbe91fa3161e2c68411d1.jpg,1,0,0,0
Yimg_000294_jpg.rf.638aa1144bfdd8479ba68f3b5107b861.jpg,1,1,0,0
_672_jpg.rf.95a898bdc0d28c3426f35dd7c36b47be.jpg,1,0,0,0
851_jpg.rf.915e1d41c97c479aa21c906fdb152c76.jpg,2,1,0,0
611_jpg.rf.96c302b707c1633e0ca9096e95e26947.jpg,0,1,1,1
Yimg_000259_jpg.rf.6f23838304414cf2987f8b1bc16926b3.jpg,1,1,0,0
133_jpg.rf.80c10051eac412797e1c54a10c7557f9.jpg,2,1,0,0
_365_jpg.rf.eb5bf26ffb5babe88f1a53ab954cd359.jpg,1,0,0,0
image_2340-3-_jpg.rf.795eb7b5ea255165d7ef96f98e8121b9.jpg,0,0,2,2
000254_jpg.rf.d7b0cb5a5aad72e91fdc477d50771ea9.jpg,2,0,0,0
779_jpg.rf.cbf0bd9cf64868df5baa9827cf76aa13.jpg,1,0,1,1
3425_jpg.rf.831d33ba53605be27fc3cac935e6f580.jpg,1,0,0,0
_623_jpg.rf.c0b55df7ef27e132c9e604b95126ef2f.jpg,1,0,0,0
519_jpg.rf.e764c69cdc70b0bd291b6cb2210b9e9d.jpg,1,0,0,0
3220_jpg.rf.de62d9ae6e33dca74329455b52c866d1.jpg,1,0,0,0
1300_jpg.rf.66e9d39a4557dc496ec57803e3a0270f.jpg,1,0,0,0
closed_eye_1295-jpg_face_1_jpg.rf.21504eaf62d81bd387ef9e73d0234a4d.jpg,2,1,0,0
000042_jpg.rf.6a12388e69d602add3567fc9dd07d9ad.jpg,1,0,0,0
closed_eye_1503-jpg_face_1_jpg.rf.01db3ab7cc1d39f0776106a9f95cb1a5.jpg,1,0,1,1
655_jpg.rf.2b5f1c3c9b93154d7136d2cd685dbe5a.jpg,1,0,0,0
613_jpg.rf.2643a03c6bb1861fd6ec33b98f92a8f6.jpg,2,1,0,0
331_jpg.rf.849d52edc07c29cc8e97233f70f110b9.jpg,1,0,0,0
closed_eye_2696-jpg_face_1_jpg.rf.16f8ba55781889853aa830679a44ce32.jpg,1,0,0,0
74_jpg.rf.eb80682cae8ceed2c2197bafd6b0483a.jpg,1,1,0,0
_236_jpg.rf.f376fd490150ddfe304d36cefb0d7f49.jpg,0,0,1,1
istockphoto-1048927962-612x612_jpg.rf.4cc13732d46850ee1bb157f515f6fb27.jpg,1,0,0,2
_398_jpg.rf.e222436da9da1ebe273cb2045f92288d.jpg,0,0,0,1
Yimg_000142_jpg.rf.29c62acaf8997bccef92318b40f8fc18.jpg,1,0,0,0
istockphoto-1278947427-612x612_jpg.rf.b035673fb7b112f943ea6c39b6391336.jpg,1,1,0,2
000263_jpg.rf.e4cdab6136e6f698fe4fa4809447500b.jpg,2,0,0,0
closed_eye_2386-jpg_face_1_jpg.rf.406d99bb2c3e3f3789a04fa6ca772402.jpg,2,0,0,0
_271_jpg.rf.ad2dfdd68e40e40c264ac057364d198f.jpg,0,0,1,1
_217_jpg.rf.29f36afd793883d6ef3a42c0ad16f3da.jpg,1,0,0,0
1334_jpg.rf.c909c8e2353dc5a287f58052b5cfa5d0.jpg,0,0,2,2
_381_jpg.rf.9428419fe1cfafb665090373997c84ed.jpg,1,0,0,0
600_jpg.rf.f76c9a3408d0292fd13c93672130bf6e.jpg,1,0,0,0
_334_jpg.rf.0829ba78634806acb781ef11fc175b0b.jpg,0,0,0,1
652_jpg.rf.8241ae9240c5e7bd81e431f35cdaa9d1.jpg,2,1,0,0
s0016_00339_1_0_0_0_1_01_png.rf.29a699b0d9f9a918d7a28156936eaba2.jpg,1,0,0,0
image_0010_jpg.rf.2997c36466563eb7875384e59ebf1c01.jpg,1,0,0,1
closed_eye_0002-jpg_face_2_jpg.rf.84d0d743f921e28d2620d9e91e4d9029.jpg,0,0,0,2
closed_eye_1699-jpg_face_1_jpg.rf.8e2ce77e21664ead5923f48f47f5501b.jpg,2,0,0,0
167_jpg.rf.de76582eea9de72f2ad048bdd219f452.jpg,2,1,0,0
s0016_00378_1_0_0_0_1_01_png.rf.be7cd8d7cbd1b7319622630ea8686a74.jpg,1,0,0,0
closed_eye_1536-jpg_face_1_jpg.rf.2db140f2c50e36ca5f86de89ca1f1783.jpg,2,0,0,0
_460_jpg.rf.90cedccb7a852241ba699aff72dfc5c7.jpg,1,0,0,0
yawn-e46fd276-3041-11ec-b691-302432df5bc8_jpg.rf.5e7a2732ed6e40a6afdf8e7989e0be73.jpg,1,0,1,0
676_jpg.rf.d115e6ec9b952fab12180effb57e3139.jpg,1,1,0,0
14_jpg.rf.0962ebd0d4672ce03db876dc71aff0e8.jpg,1,2,0,0
s0017_00187_1_0_0_0_1_01_png.rf.07d1642f26b95eaf1418f130180e7427.jpg,1,0,0,0
closed_eye_0805-jpg_face_3_jpg.rf.34391ece5b01572d6f3bf4881907a032.jpg,2,0,0,0
721_jpg.rf.067f373c239ee8d774aefd99b6570a00.jpg,1,1,0,0
000145_jpg.rf.d16c1e33d653f05ce7973be40704108b.jpg,1,0,1,1
000215_jpg.rf.20338a0c83d76eb627b07b017daf1708.jpg,1,0,1,1
_395_jpg.rf.6d90114208575b5d2e68c8d59d8bb185.jpg,0,0,1,1
_718_jpg.rf.256da44ed1fb3be1c461f808d4365f97.jpg,1,0,0,0
90_jpg.rf.654546985f6e3c7acf421a50717d298b.jpg,1,2,0,0
1171_jpg.rf.d4a6c34da73e73eaec646ae61d151913.jpg,1,0,0,0
_298_jpg.rf.9734c75afac0a81ae62d58f7be2f7930.jpg,0,0,1,1
closed_eye_0463-jpg_face_1_jpg.rf.9692b417cf92afcc28064e0c0120bebd.jpg,2,0,0,0
21_jpg.rf.a241e211fa8d6021f2f603aff31379f9.jpg,2,1,0,0
_169_jpg.rf.8de7f51c03ed7ca1d411af4013e30783.jpg,1,0,0,0
closed_eye_2388-jpg_face_1_jpg.rf.8ea966bdf4c43697424440bf0beb2c4b.jpg,2,0,0,0
istockphoto-1163243431-612x612_jpg.rf.8708ac3f04b8f9f52f5405f36ae86dea.jpg,2,0,0,1
124_jpg.rf.dff19914acce6675f50764ca58ac5e7d.jpg,2,1,0,0
334_jpg.rf.4e001e3327d69aefb0e47e1ea4506607.jpg,1,0,0,0
_143_jpg.rf.4828f9df3e1b01cc869254972e4955cd.jpg,1,0,0,0
1482_jpg.rf.d995033a6fb1c131d330407e8d8004b1.jpg,1,0,0,0
1758_jpg.rf.c7e460707f45e48ab395c147d7601cf9.jpg,1,0,0,0
_611_jpg.rf.38b073fd02d5b215f67e72e6d1ae90b9.jpg,1,0,0,0
Yimg_000083_jpg.rf.2682a5159ca3cba89b8d9d7da5a85230.jpg,1,0,0,0
000160_jpg.rf.4676aaada956f9896bdb51549997fe13.jpg,1,0,1,1
3714_jpg.rf.2b7512ec00dca8e6a4c632c442733efd.jpg,0,0,1,1
209_jpg.rf.9fa0a40f1b32b2f2f761c67b22d00ebf.jpg,1,0,0,0
WIN_20220809_14_39_58_Pro-4-_jpg.rf.401571352c06da09e0141ed956c791dc.jpg,1,0,0,1
467_jpg.rf.1bfb20a19755a4c282c575917be594d6.jpg,2,0,0,0
2406_jpg.rf.9a9141ba145fd0e4289cfae110b24d72.jpg,1,1,0,1
_197_jpg.rf.d503e0555dfa7ff27a7481d8908d97e6.jpg,1,0,1,0
_52_jpg.rf.2b6e22df76899dd39b514cfb3493d5b9.jpg,0,0,0,1
174_jpg.rf.b12ce6aa2860150ebe9d5de8805a3321.jpg,1,3,0,0
636_jpg.rf.ad36ea540dbb4e9e9fdddf28c8d1a356.jpg,0,1,0,2
2677149532_1_jpg.rf.cde7b0297784e057d220c10948761c7f.jpg,2,0,0,0
closed_eye_0633-jpg_face_1_jpg.rf.d9121d9a64d5ae87999665a3e23e987b.jpg,1,0,0,0
186_jpg.rf.c0d0d4ddf9eb5d44fe48311e080c9048.jpg,1,2,0,0
1897_jpg.rf.844eef2cb654e87d804b27cf022df0a8.jpg,2,0,0,0
371_jpg.rf.035e5524d73559b0e3381fc5a2235f40.jpg,1,0,0,0
672_jpg.rf.a92a5f4d3d124e4f5d964e84ca351181.jpg,2,1,0,0
276_jpg.rf.79d52206d41a48007dd85f58bcb26f86.jpg,1,0,0,0
_457_jpg.rf.60d3e0caeb895d1606cb603557788aa3.jpg,1,0,0,0
1156_jpg.rf.fec918ec89cb77004ff0faa60ad2a428.jpg,1,0,0,0
closed_eye_0397-jpg_face_2_jpg.rf.1e089b66950517e68a11c47ac99a94e6.jpg,2,0,0,0
_135_jpg.rf.d5db8374fa153363403b9484a670e8c8.jpg,0,0,1,1
_607_jpg.rf.63076322f5052ca7badfeb80a0f12820.jpg,1,0,0,0
154_jpg.rf.a042bdd1c5411274ba30d80eaea8ea7b.jpg,2,1,0,0
277_jpg.rf.e343606a1659303eeb96cd1f4b13a36e.jpg,1,1,0,1
closed_eye_2122-jpg_face_1_jpg.rf.680657666dbde62846723ff3bb64ad20.jpg,2,0,0,0
image_810_jpg.rf.5878ba6c63327a7e95482a292abcebb0.jpg,0,1,1,2
48_jpg.rf.b4fb0f540c73cc9ca3f4360f0c3a4cb8.jpg,2,1,0,0
_708_jpg.rf.fca6d7a9633c8fad357c49b11fa9fc77.jpg,0,0,0,1
istockphoto-966359658-612x612_jpg.rf.49268e937a36e28b150c07c60793c6ef.jpg,1,0,0,1
closed_eye_0786-jpg_face_1_jpg.rf.2569101e6931d341044b0f3f6377e504.jpg,2,1,0,0
closed_eye_1845-jpg_face_1_jpg.rf.5c745330ff597f2305419935bf3e0888.jpg,2,0,0,0
298_jpg.rf.c5e776d4be434e5309d438dc011d2ff6.jpg,1,2,0,0
911_jpg.rf.2905cd23c19f88f1cfa51cad1255c6be.jpg,1,1,0,0
yawn-94f1147a-3043-11ec-8893-302432df5bc8_jpg.rf.a22ae2f4c0996996307e3995219c46b2.jpg,1,0,0,0
img_h_10980_jpg.rf.b09c99d2b8c2d6f3bb8bd13543f1a56e.jpg,0,0,0,1
247_jpg.rf.0bb43b3a46125ede50716e3e5aef9fe0.jpg,1,0,0,0
543_jpg.rf.5b8272986e1be83d97992f62309a570a.jpg,2,0,0,0
yawn-912cae1c-3043-11ec-9c06-302432df5bc8_jpg.rf.6aa8ee2b8c4102e0de1edd3296e93390.jpg,1,0,0,0
_617_jpg.rf.02af200794e69ea47a6ab49a0bf347df.jpg,1,0,0,0
2685853470_1_jpg.rf.efdef5e7baef171e9e35a210de1cb9be.jpg,2,0,0,0
561_jpg.rf.bc85588b4eeaf2e646b67edaafd4989a.jpg,2,1,0,0
s0016_00313_1_0_0_1_1_01_png.rf.cbfc568a298e5bccdaf019e730cbbb25.jpg,1,0,0,0
278_jpg.rf.0434d6033c2b92a50f4654c4d0834792.jpg,2,1,0,0
_545_jpg.rf.9858bd7ca74fa9a9ccf26beed9a70edd.jpg,1,0,0,0
_144_jpg.rf.40b363789a4d3f0c5468e57ccc98b08a.jpg,1,0,0,0
112117768_1_jpg.rf.d2f4167c2f9a240979701f39a3129530.jpg,2,0,0,0
_321_jpg.rf.efa1a0a81f7925eea6c2ffd632ce5906.jpg,1,0,0,0
_133_jpg.rf.d2294570c7e56849ecbd7da3b9093f2a.jpg,1,0,0,0
783_jpg.rf.48e580725182cc12727f993a9d3e934c.jpg,1,1,0,0
img_000423_jpg.rf.a92b80d3bb677d3db29dbbdee7fbe9db.jpg,1,0,0,0
download-12-_jpg.rf.5d64ba4693f71f020f9273dba4080ac4.jpg,2,2,0,0
623_jpg.rf.d589a9d2ad48cb17a7b0808cf6472477.jpg,3,0,0,0
311_jpg.rf.29da946ebec372ff7adbca0950f82a66.jpg,1,0,0,0
346_jpg.rf.bca2fb55f799656e1396f0d9b603d652.jpg,2,0,0,1
11_jpg.rf.278041b22cdf420ea4c314a5992d2357.jpg,1,2,0,0
_151_jpg.rf.d620060f611c499b295cef3f8ce8e140.jpg,0,0,0,1
1337_jpg.rf.be501c0d55056290dbd29d44d4ffeb88.jpg,1,0,0,0
closed_eye_2406-jpg_face_1_jpg.rf.334bacdfebb4eb5d9a000a21afdfa8a6.jpg,0,1,0,2
_49_jpg.rf.46049e5b1bf2c934529e3871277aca7d.jpg,1,0,0,0
245_jpg.rf.cb0728b57d93948c95786bf2f333ad2b.jpg,2,1,0,0
s0016_00389_1_0_0_0_1_01_png.rf.eb1862670acf9d38a7031a2535c34a63.jpg,1,0,0,0
istockphoto-1273005630-612x612_jpg.rf.af31027c1601cc165d3929912dc959d9.jpg,1,2,0,0
_603_jpg.rf.da36571f2bb2ee8f26b914d068dc79b2.jpg,1,0,0,0
_537_jpg.rf.3a9df49a3cde0ad6cecbe3b6fa4d114c.jpg,0,0,0,1
closed_eye_2687-jpg_face_1_jpg.rf.6c0659297c665622a077108644f12166.jpg,2,0,0,0
742_jpg.rf.91cbc2e07bd8c743945d3e97bd71ba17.jpg,1,2,0,0
_29_jpg.rf.b0365b89eb161535d5258db1e7690d86.jpg,1,0,0,0
575_jpg.rf.931b9c34b466f366e9b44453e1a06384.jpg,2,1,0,0
_276_jpg.rf.f2b558e90892737f9de4e11d4d6678d2.jpg,1,0,0,0
_191_jpg.rf.60f1153db361354fa0c6fac7bf5c435e.jpg,0,0,0,1
302_jpg.rf.6e4227876f67fa490bb6cec7f7a3f348.jpg,1,0,0,0
_217_jpg.rf.391570d2ce653cfef95d4db58bf4b2ab.jpg,1,0,0,0
_515_jpg.rf.cc42fd3b58097e2f8ac413d0d354b68d.jpg,1,0,0,0
_487_jpg.rf.da9fc078347889c9fd5aa66df9262421.jpg,1,0,0,0
closed_eye_1291-jpg_face_3_jpg.rf.acf595113b075b861cf618856dbf654a.jpg,2,0,0,0
closed_eye_0243-jpg_face_2_jpg.rf.78fc46d7ebc21b946b1937957c97b5bb.jpg,2,0,0,0
_335_jpg.rf.c678557cfe3f7542e36e364e8da9d90a.jpg,0,0,1,1
closed_eye_0347-jpg_face_2_jpg.rf.0debce2ddb4afe0b94992558802157a2.jpg,2,1,0,0
_362_jpg.rf.16d4e958d660ee3828cfff56f129034e.jpg,1,0,0,0
_572_jpg.rf.021542b4a5bfb882f8292bfdb451cb87.jpg,1,0,0,0
246_jpg.rf.4954600f787012b704f44fd85ddd3e62.jpg,1,2,0,0
_622_jpg.rf.58ae8ca26a017ac06f7a69f78e76b2f1.jpg,0,0,1,1
s0016_01502_1_0_0_0_1_01_png.rf.c852d86c307749fb48b9a759ca25375b.jpg,1,0,0,0
closed_eye_2695-jpg_face_1_jpg.rf.fc5735896e61019a10a4de1995d5b788.jpg,2,0,0,0
292_jpg.rf.4d61c4b1c6a8da1c3d6fb95b0b3d1280.jpg,1,2,0,0
closed_eye_1359-jpg_face_1_jpg.rf.c5d9fbe589d97d069e579c2f9a0fe1b6.jpg,1,1,0,0
closed_eye_2752-jpg_face_1_jpg.rf.fd3d4c91b0ec068cd65b923ad5c570d7.jpg,2,2,0,0
1937_jpg.rf.adf02f9a35351d9cc03692235278c6a3.jpg,2,1,0,0
753_jpg.rf.f3cc97fb569eab76b019e3271607f284.jpg,1,2,0,0
137_jpg.rf.55d7c6cdd8790701470220ed080d70ef.jpg,1,1,0,0
627_jpg.rf.295be223ce291701e46155eef619d6d5.jpg,1,0,0,0
closed_eye_1960-jpg_face_1_jpg.rf.276b58cfd834ef39892e69a908973818.jpg,2,0,0,0
s0018_00124_0_0_0_0_0_01_png.rf.03e19603570b956ad8baeb68fa52d2fb.jpg,0,0,0,1
closed_eye_0717-jpg_face_4_jpg.rf.b55a0ee3262afcca5a4c64aa38555c44.jpg,2,0,0,0
closed_eye_0959-jpg_face_1_jpg.rf.f85566f9040063e75c70c8ae2404cea5.jpg,2,1,0,0
s0012_04650_0_0_1_2_1_03_png_jpg.rf.a8070053e810bc5c1dcc2e8b98a83ae3.jpg,1,0,1,0
closed_eye_2586-jpg_face_1_jpg.rf.77fc47c417723e973738624cc415cf37.jpg,1,1,0,0
224_jpg.rf.e22e2714c28360a44bbb8d322da7a99a.jpg,1,1,1,1
closed_eye_1884-jpg_face_2_jpg.rf.64831634ad3892b179ad319799c41fe7.jpg,0,0,0,2
1054_jpg.rf.e7220652685ede6bb6d16f026ab40664.jpg,1,2,0,0
250_jpg.rf.879758a29c89ffdd8d1214cc6bbffe77.jpg,1,2,0,0
closed_eye_0264-BMP_face_1_jpg.rf.b3f819f9b64e2cd9612fd93ae7cf1f62.jpg,2,0,0,0
closed_eye_1195-jpg_face_1_jpg.rf.0cc459ea0a9f2f0d37fdf287efae0f36.jpg,2,0,0,0
closed_eye_2141-jpg_face_1_jpg.rf.a6970f235ffb2f48472500eeb690ba5c.jpg,2,0,0,0
636_jpg.rf.9a4f4d11da790d738325bd4000328113.jpg,2,1,0,0
545_jpg.rf.ce801fb811cd8a9d9e62e61d16804af0.jpg,2,0,0,1
_202_jpg.rf.c766b5d8ac6412eb830f7864f7e81831.jpg,1,0,0,0
closed_eye_0260-jpg_face_1_jpg.rf.67a0a422beaeceafa023382148e13aab.jpg,2,2,0,0
112_jpg.rf.81548f620a20f1ff0fc461a8d9cdd1c6.jpg,1,2,0,0
000577_jpg.rf.0f142ff75ab10312ae1441d793811786.jpg,1,1,0,0
closed_eye_0460-jpg_face_1_jpg.rf.6d4add6d03246ccb56a6989627e40bac.jpg,2,0,0,0
closed_eye_1648-jpg_face_2_jpg.rf.53f412d645610deae9c1360fce19e217.jpg,2,0,0,0
closed_eye_2379-jpg_face_1_jpg.rf.37262db6372b92ea44e8006b6e103987.jpg,2,0,0,0
_691_jpg.rf.6df0967375203873217500b069a7dcd5.jpg,1,0,0,0
24_jpg.rf.fa0ba9b8a3380d3ce4a2fb83fc66a2ea.jpg,2,1,0,0
2708460596_1_jpg.rf.d84365680386b9c3c516b60997bc8f31.jpg,2,0,0,0
316_jpg.rf.000a614544063c07565559936dfb5622.jpg,1,0,0,0
265_jpg.rf.2a78ed8d965c8546a5dc698e40dce107.jpg,1,0,0,0
img_000574_jpg.rf.b29a59bd377c0e5dce8d90fec91640fd.jpg,1,0,0,0
1205_jpg.rf.c7ad4335358c7062604d8a7202e986d1.jpg,1,0,0,0
294_jpg.rf.0008eac984a418517455342ac16e7a10.jpg,1,0,0,0
_154_jpg.rf.4719631af4b5804bc42fd5a046211a1b.jpg,1,0,0,0
234_jpg.rf.7d857f6f455037af1eedaa66abc90856.jpg,1,1,0,0
closed_eye_0597-jpg_face_2_jpg.rf.5263a86f9ba415e9c262030cdc4f9d70.jpg,2,0,0,0
664_jpg.rf.2b264579fb01f3b68ca583d530e77777.jpg,0,2,0,1
_296_jpg.rf.abb51cc750c0bc0a569de563810ea024.jpg,1,0,0,0
1121_jpg.rf.7b845c94b5cab6e9eb982100901e78e1.jpg,1,0,0,0
130_jpg.rf.e5d142be7d255d5e68ad98edfce81ae9.jpg,2,1,0,0
yawn-256bf8f4-3044-11ec-9806-302432df5bc8_jpg.rf.3942197d948fddfed8e53370b8629d6f.jpg,1,0,1,0
Yimg_000013_jpg.rf.eb4bab3dc953632acc834e8ac77dd89f.jpg,1,1,0,0
2259_jpg.rf.42878d59b5687ca224e62fa3c7a78c2c.jpg,2,0,0,0
1363_jpg.rf.e1e3982c4c2859094a43fcf25646b019.jpg,2,0,0,0
_587_jpg.rf.f8e316f15d5948acc400c5712efc0ee9.jpg,1,0,0,0
closed_eye_0314-jpg_face_1_jpg.rf.ff387719032e6bcdd34f05456dbc06f3.jpg,0,2,0,1
closed_eye_2181-jpg_face_1_jpg.rf.2d6a148a8ce569bfea736531a9e4e14d.jpg,1,0,0,1
closed_eye_1659-jpg_face_1_jpg.rf.4b80e815b3716b118d098c9b7eccada9.jpg,2,0,0,0
439_jpg.rf.9082d7bec03354b94dc444b87a366895.jpg,1,0,0,0
2409_jpg.rf.80f52ffea2368fd650ad63c13a06b8d4.jpg,0,0,0,2
174_jpg.rf.3a484c41dfdaa969904ceff5b0f45e8c.jpg,1,1,0,1
1703_jpg.rf.4a5c032b2ce9f849c87c6a87b20dd06c.jpg,2,0,0,0
closed_eye_1667-jpg_face_1_jpg.rf.7ee7d9f270df66908d8a3f8efd04c846.jpg,2,1,0,0
closed_eye_2165-jpg_face_3_jpg.rf.a6d7c940b276761026c8f68e47fb1a9b.jpg,2,0,0,0
3212_jpg.rf.188ad2a572d48d591c4c86f5b2c94022.jpg,1,0,0,0
s0001_02887_0_1_1_0_1_01_png_jpg.rf.d310ee3f8a641357a4ced37f8716e9fa.jpg,0,0,0,1
_607_jpg.rf.cb6cb3b0ce3c6a6b9a097971b91784d6.jpg,1,0,0,0
575_jpg.rf.ea3cc7cc558c69dff92e1f1f6a7446e8.jpg,1,2,0,0
1686_jpg.rf.294412337d77e21fa38483eba9b624b6.jpg,1,0,0,0
_351_jpg.rf.2661ef69fb11ae6ce2a3c1b1ffe7289d.jpg,1,1,0,0
_398_jpg.rf.4ac7c7ff593e1953e3edc4063dcf51e3.jpg,1,0,0,0
148348993_1_jpg.rf.4e436edb649ceccb60784703cf96bcad.jpg,0,0,1,2
image_0315_jpg.rf.4aa0c0d78e75e3fdbae2b16e7db38da8.jpg,2,0,0,0
closed_eye_2332-jpg_face_1_jpg.rf.7945181166928124f199ff176fb82097.jpg,1,0,0,0
703_jpg.rf.fcb1723a66dc6fee2eacdc112c61e0a2.jpg,1,1,0,1
closed_eye_1108-jpg_face_1_jpg.rf.f79757324c5c034b980ba257a0b0ec4e.jpg,2,0,0,0
_22_jpg.rf.fd3f3780f43fb660afd891dc44489ddc.jpg,1,0,0,0
606_jpg.rf.163a143bd0207a76b14266d92dd33079.jpg,2,1,0,0
468_jpg.rf.c3a67e7753251002d4c8127cde6357eb.jpg,2,1,0,0
_104_jpg.rf.d407a9a23ee07a9f0be568a4cacb6df7.jpg,1,0,1,0
122_jpg.rf.c0b9a1c2e119b64cd3cc526bbdaa7cac.jpg,2,1,0,0
closed_eye_0825-jpg_face_1_jpg.rf.e13ecc0ea04809086131b41d2828585b.jpg,1,1,0,0
3484_jpg.rf.189a060ea337cae0727575138089454e.jpg,1,0,0,0
1320_jpg.rf.822c749319f0e26e47b5961d3dd2b61b.jpg,1,0,0,0
1063957157_1_jpg.rf.fcd5225fb5eed834263a2363c652be42.jpg,2,1,0,0
istockphoto-1301345454-612x612_jpg.rf.2ca89d86e6f27611d7e1e28ccf246ab0.jpg,1,0,0,2
_665_jpg.rf.4926e825bfc9f85c1e358482cfc979bf.jpg,1,0,0,0
_34_jpg.rf.f2841922a795ba30fb21249ff702f361.jpg,1,0,0,0
_344_jpg.rf.22e8c09579fb66beddc97e83e93072ba.jpg,1,0,0,0
_82_jpg.rf.ae5d4256ed4eeac913c162927d33846d.jpg,1,0,0,0
closed_eye_1943-jpg_face_1_jpg.rf.059df848225675dbc10387721b60929d.jpg,1,0,0,1
_151_jpg.rf.78a25064934662ed736bfd3e318339f8.jpg,1,0,0,0
_10_jpg.rf.ee77d34b719090adeebe3f2cdacd3d6e.jpg,1,0,0,0
_524_jpg.rf.e09cf023d8234e29983174b220e93bdc.jpg,1,0,0,0
196066281_1_jpg.rf.934f9f54927a35d28bdb69f92c275822.jpg,1,1,0,1
s0037_00012_1_0_0_0_0_01_png.rf.0f3e69231a4cc723b3cd4921c5003bc4.jpg,1,0,0,0
000027_jpg.rf.f0596b46434741972817c7eba62f6fb3.jpg,2,0,0,0
1399_jpg.rf.44abaecb0b5dee0f7da543d82189655c.jpg,1,0,0,0
000171_jpg.rf.34837b68e449b915927a292cb9edab62.jpg,1,0,1,1
closed_eye_1646-jpg_face_1_jpg.rf.822b7b6e52b7c67183ec2b0dc0a55a58.jpg,1,1,0,0
000383_jpg.rf.b4a0c02652e86e7a043270410ee8dd2e.jpg,1,0,1,1
_34_jpg.rf.fe126c8432b34a601a222ed9dc24f64b.jpg,1,0,0,0
photo_3_2023-05-02_17-59-15_jpg.rf.9668309c2c99b59066c93d6b650250fb.jpg,0,0,0,2
1440_jpg.rf.ebb4f41a2474f24dc9cfad188dd27b9f.jpg,1,0,0,0
closed_eye_0544-jpg_face_1_jpg.rf.5e6977629a44d447d9eaa25c3942626f.jpg,2,0,0,0
1989_jpg.rf.a71b1e75ce27df46bd4c8c1e961e733a.jpg,1,1,1,1
211_jpg.rf.ac297915e213ea59ef2ae7a892a14b6d.jpg,2,1,0,0
WIN_20211018_21_12_47_Pro_jpg.rf.4c4f6296500fd1b50220104c8d45207f.jpg,1,0,1,0
146_jpg.rf.3b3dc290cc8d7fb117a67e238ce7bf0a.jpg,1,1,0,1
_716_jpg.rf.37cc1d017f979d294cba420405d7bb07.jpg,1,0,0,0
530_jpg.rf.2d4f54c3e900331b4a41d2834d8d9037.jpg,2,1,0,0
48_jpg.rf.bb1e0b0a64f5e331814e97b33ee738c8.jpg,2,1,0,0
closed_eye_1079-jpg_face_1_jpg.rf.49b3576dd52e7a79ca3875cda0b7f86c.jpg,2,0,0,0
773_jpg.rf.a8c3882072aed613469943f8ca04e3c1.jpg,1,2,0,0
_117_jpg.rf.48985c920a5f5ac2856e1eafacd6b33b.jpg,1,0,0,0
236_jpg.rf.f3963528d9d6e07a7ae29f1cdad73209.jpg,2,1,0,0
_172_jpg.rf.142c286b9a1a85912beac18772a464f0.jpg,1,0,0,0
_258_jpg.rf.e6ce99ac64faebd4936f8caf247c72ed.jpg,1,0,0,0
closed_eye_2335-jpg_face_1_jpg.rf.1d473f14e612c8e580dc61caccba7cd4.jpg,2,0,0,0
176_jpg.rf.c2d47a6966ddf0f9081c8201df669fee.jpg,1,2,0,0
000384_jpg.rf.aa565b4cd3abe10598046c17afc5d1c2.jpg,2,0,0,0
webcam-toy-photo31_jpg.rf.9de5ff718564ca92f51359bf45f3743c.jpg,0,0,0,2
1990_jpg.rf.b8d1ab34500e408792006a80f88e4cbc.jpg,2,0,0,0
79_jpg.rf.a242587dcd0b41a708d93e46dd062c07.jpg,1,1,0,1
388_jpg.rf.87ce203a7b8f1bc9b2982889beb739f4.jpg,2,1,0,0
WIN_20211018_22_23_24_Pro-2-_jpg.rf.ca160df5a4507f5c0415c58d23842c69.jpg,1,0,0,0
617_jpg.rf.d58d3ace8dabe2795028db267ee04043.jpg,1,0,0,2
istockphoto-490726602-612x612_jpg.rf.ceea5762914cda6f1f679570182bdd46.jpg,2,0,1,1
815_jpg.rf.4d05527ab04339bbd359f810cad7d822.jpg,1,2,0,0
373_jpg.rf.34b37a01b5efe6d9719ccb06245a89af.jpg,1,1,0,0
143_jpg.rf.dbd6b92bc11c577a8cc25e89c4ae5b7d.jpg,1,2,0,0
000284_jpg.rf.f6b4ba14275f1b1efd9452de989dd481.jpg,2,0,0,0
88_jpg.rf.f8e551b67a9c786cca3991ed589e4247.jpg,2,1,0,0
closed_eye_0241-jpg_face_1_jpg.rf.f30cf70f2aefac1d51fe3f3d5112ccff.jpg,2,0,0,0
Yimg_000140_jpg.rf.ef9fc4e424970ef608320bec95444f66.jpg,1,0,0,0
_725_jpg.rf.ff2e9ec6863731db1fa85791f622e135.jpg,1,0,0,0
26_jpg.rf.dd8c6d4280d4fcd45be882a15223d95f.jpg,1,1,0,0
_523_jpg.rf.2868384e8c2b8785f68cd3f06b3fab8a.jpg,1,0,0,0
558_jpg.rf.5d3f99c840e7fdb9b83a49b51454f2c7.jpg,2,1,0,0
729_jpg.rf.5f79cc5eeeae117d6c030c6c698dd6b4.jpg,2,0,0,0
_637_jpg.rf.dbca105ca6bbbdbcb6911f1fd43e9808.jpg,1,0,0,0
_573_jpg.rf.a946deaee1d69d920d609c111c91ee82.jpg,1,0,0,0
closed_eye_0421-jpg_face_1_jpg.rf.d20a4d812dec56c6de75a2d5dbf776e9.jpg,2,0,0,0
_349_jpg.rf.ff020c42be6db9b7a2860304aeeb7a83.jpg,1,0,0,0
635_jpg.rf.d41fc3dc3966f247df569a0e3c3d472c.jpg,1,1,1,1
1031_jpg.rf.a46e6d6388f31c7cd677880845d4a867.jpg,1,0,0,0
1782_jpg.rf.e3ba040b6ed6d4b92d3debf54471b2b6.jpg,1,0,0,0
120_jpg.rf.117960289b8179880aa44cc8152cd425.jpg,1,0,0,0
Yimg_000117_jpg.rf.2358c0f4f2c19d3909dad59a4996c831.jpg,1,0,0,0
_330_jpg.rf.521653ac44b42f373ed490aea0a861df.jpg,1,0,0,0
_691_jpg.rf.0890ed8434a40a461c468172e8556210.jpg,0,0,0,1
150766294_2_jpg.rf.5e02535fc4cd918bd03d32c1a8d0d1f1.jpg,3,0,0,0
closed_eye_0312-jpg_face_2_jpg.rf.f20cfbd171f4a0a178c5e5de7a4750c0.jpg,2,0,0,0
closed_eye_1353-jpg_face_1_jpg.rf.938145a2a1b7c504e80d2fc5f2a52220.jpg,2,0,0,0
_401_jpg.rf.2479231356e5f4baf7b0bae6b1262bf7.jpg,0,0,0,1
1354_jpg.rf.a23bf9bed5330baa980a0312772274f4.jpg,1,0,0,0
_194_jpg.rf.a13a8060257370c11cc22b3824906b2a.jpg,1,0,0,0
Yimg_000104_jpg.rf.00c9042c9970976771ef154b385b5c7f.jpg,1,0,0,0
_400_jpg.rf.ea53c02c6c5500a85de533ad246ea42c.jpg,1,0,0,0
istockphoto-504241939-612x612_jpg.rf.edd6b7a8f0af8996551329d27f729b7b.jpg,1,0,0,2
images-13-_jpg.rf.8503f7154a16abc99cb6a670cf1c0a5f.jpg,1,0,0,1
WIN_20211018_22_23_26_Pro_jpg.rf.bd8f9483911bd27c847c559f4b1ffb16.jpg,1,0,0,0
_498_jpg.rf.f0a494722d94b09138c32a944b2ffcae.jpg,1,0,0,0
_560_jpg.rf.63883be8bb8a380ac6a7a99e1cf0d1db.jpg,1,0,0,0
istockphoto-1173771126-612x612_jpg.rf.36209b8d5f121bd8d3f5cc6fc459eb2a.jpg,1,0,0,2
closed_eye_0823-jpg_face_2_jpg.rf.0d473532fc5bc3aa5179891b212a8d0e.jpg,2,1,0,0
image_16878-2-_jpg.rf.88bf47121fd1015788a4cae5fbb2bb89.jpg,2,0,0,0
closed_eye_2582-jpg_face_1_jpg.rf.c2c49260e49fe5480db8928bf1582884.jpg,1,1,0,1
_655_jpg.rf.3afd03184218adc4f786c5af4685afec.jpg,1,0,0,0
494_jpg.rf.d8481bf2916b5dbf67fa3fe5962874c5.jpg,1,0,0,0
3211_jpg.rf.a00c60847e5bc78c30f850982d351913.jpg,1,0,0,0
_80_jpg.rf.ce6dd7ec9787c84146dbc87044afbb20.jpg,1,0,0,0
istockphoto-894946282-612x612_jpg.rf.b28dd5d5890f439f8b356389f8c58fac.jpg,1,0,0,0
1103_jpg.rf.4f4b960b25ae714f8c176f614fd745ce.jpg,1,0,0,0
380_jpg.rf.0f645378ef4fee8f652a06a3c3269466.jpg,2,0,0,1
_710_jpg.rf.5ee1109f7db73d1dca0a445a99e2fcf1.jpg,1,0,0,0
_241_jpg.rf.64ed7a07dd4f1e8ad911369619dd3e0d.jpg,1,0,0,0
s0017_00037_1_0_0_0_0_01_png.rf.5af8a98d473b71daf2134b6ed37d2491.jpg,1,0,0,0
closed_eye_1564-jpg_face_1_jpg.rf.dce113cdfcb6a6e5a63399768badcafb.jpg,1,1,0,0
_437_jpg.rf.e18994bdf681636b54b936926a5f8c73.jpg,1,0,0,0
_52_jpg.rf.d80d4c3d7f86aac5e8e0adf139391278.jpg,1,0,0,0
yawn-8c4f0a18-3044-11ec-bc23-302432df5bc8_jpg.rf.67186c1025628ef5da414018a8be4d0f.jpg,1,0,0,0
1133_jpg.rf.2c2e584fd6a7042e6e818d55a78ee0be.jpg,1,1,0,0
52_jpg.rf.ce829be6c1224dd102557f04a7533197.jpg,1,0,0,0
_224_jpg.rf.3c44663d4638d5bdd4bbef8dd660a572.jpg,1,0,0,0
closed_eye_1773-jpg_face_1_jpg.rf.ae077a7ed28d43a49406a4a2cb53bfc2.jpg,2,0,0,0
140_jpg.rf.584273d16cc89f3284c1e406944026c6.jpg,2,1,0,0
000029_jpg.rf.fb733ceca8a4530ca36dfd7f97f18e1c.jpg,1,0,0,0
1238_jpg.rf.1554664b6677454082ad4eb78a3a8f11.jpg,1,2,0,0
closed_eye_2132-jpg_face_3_jpg.rf.e3b1e37969499eb282e9dbdb07465276.jpg,0,1,0,2
istockphoto-187110375-612x612_jpg.rf.c33e831be4e4f716029e2ee9e3235968.jpg,1,0,1,2
_305_jpg.rf.dc4701fbe36e7814d89de5756fa5e844.jpg,1,0,0,0
closed_eye_0492-jpg_face_1_jpg.rf.64f7279a5c4fca775877c316931227e4.jpg,1,0,0,1
closed_eye_2109-jpg_face_1_jpg.rf.3f0d2a802f403b052c8d300c44c24399.jpg,2,0,0,0
000124_jpg.rf.0aeca72537881b4d1f45c4d17633a597.jpg,0,0,0,1
000128_jpg.rf.bbb70c659f3a15a0d0e405a87ead3d9b.jpg,0,1,1,1
_9_jpg.rf.ff4ce686838e63e4ffe8894feabd15b1.jpg,0,1,0,0
closed_eye_0395-jpg_face_1_jpg.rf.1f22b5c4d6d14ecffef2b5e3abfa12c3.jpg,1,0,0,0
istockphoto-1124667582-612x612_jpg.rf.4fe98df53f206fb340b49fd11815ed20.jpg,0,0,2,3
935_jpg.rf.45763e61e2b802b36db6f32f3fd554bf.jpg,1,0,0,0
_477_jpg.rf.39022ef1634e0890387a6285ba9ee732.jpg,1,0,0,0
Yimg_000041_jpg.rf.06659ea67af0a1bab57c769da6816b8d.jpg,1,0,0,0
_573_jpg.rf.5c74f0db9c311f818d3f0bdd8bf5a3cc.jpg,1,0,0,0
s0034_00010_0_0_0_0_0_02_png.rf.5120ac490bd5eee07525ee6950d346e0.jpg,1,0,0,0
closed_eye_0397-jpg_face_1_jpg.rf.b47c30bf2274bc164daa9687b0dc42c6.jpg,0,1,0,1
img_000394_jpg.rf.61bd66baacd2402359c30675b6392ebc.jpg,1,0,0,0
closed_eye_0280-jpg_face_2_jpg.rf.07393c7f41cfba829198d1dbfb40fb3e.jpg,0,0,0,2
158_jpg.rf.1085cf00226f2748929885993ae0d1e5.jpg,0,1,0,2
closed_eye_0587-jpg_face_1_jpg.rf.eea51e267b707f33181ba1aff1491708.jpg,2,0,0,0
482_jpg.rf.38101f61b03d539257561b202e9bf430.jpg,2,1,0,0
1496_jpg.rf.84c64034ef9a7edc3b903adaf02f3551.jpg,1,2,0,0
132_jpg.rf.8191110d4d01001c3b2b8b8462310329.jpg,1,1,0,0
1055_jpg.rf.f0ff0692ae63d0497dfc00173e3deae8.jpg,1,2,0,0
_239_jpg.rf.af0c03e7eccdbc5247042a64f13bc4ae.jpg,1,0,0,0
19_jpg.rf.97836559b635cb3dc2dacdb212595180.jpg,1,1,0,0
468_jpg.rf.d5994571858d7a0f7f00f8702792dc18.jpg,1,0,1,0
1762_jpg.rf.8edec3ce9c268c6e5cf6f45aaa5be44a.jpg,1,0,0,0
closed_eye_1660-jpg_face_1_jpg.rf.9eb49f0406e628dd9029be2a4f3e6cdf.jpg,2,0,0,0
763_jpg.rf.ee6bfbd1792b80c81d9f52c40efbfbce.jpg,1,2,0,0
1302_jpg.rf.34be4ea7e6335b368cf65f3cc84fa835.jpg,1,0,0,0
1334_jpg.rf.b95a582c5614e287a88d5407c9d7f58a.jpg,1,0,0,0
1332_jpg.rf.aa0bb46470e6ae31bb3fbcd45c3d4b43.jpg,0,1,0,2
4_jpg.rf.a7a515dfeb0e48904781e9e509286b86.jpg,1,2,0,0
460_jpg.rf.4e77040d3cbb649d9fc75e55c8df357b.jpg,1,0,0,0
closed_eye_2141-jpg_face_1_jpg.rf.e74324b7c324c04ec9aed52e9cd16a0d.jpg,2,0,0,0
2706940948_1_jpg.rf.2df2acbcfe77d6c6982b5e62cda085b5.jpg,2,0,0,0
1784_jpg.rf.b3faffac3a09e5d3575953906199a23e.jpg,1,0,0,0
1323_jpg.rf.4e8cbe729a92fa214a4453e2bb615a16.jpg,1,0,0,0
106_jpg.rf.92b8f53a9787e5c464db5b37e01119e2.jpg,1,2,0,0
3707_jpg.rf.b24d0a70ab4a1d170c5223d8230afac0.jpg,1,0,0,0
closed_eye_1336-jpg_face_2_jpg.rf.47607809740d9a9ace028d376258c5ad.jpg,2,0,0,0
1393_jpg.rf.44d9e8ebbd6606c3d71bbb88a4d9aaaa.jpg,1,2,0,0
_499_jpg.rf.d81841e5e807dfe6dbcce1ed53f7a893.jpg,1,0,0,0
244_jpg.rf.18caf4dc736a586a317c0ce43af227b9.jpg,2,1,0,0
closed_eye_1361-jpg_face_1_jpg.rf.65fd226ad7c72ff677034aa15f2a667e.jpg,2,0,0,0
Yimg_000327_jpg.rf.c0d322709c14636b51eb5ebcef0b9f2a.jpg,1,0,0,0
istockphoto-1165926033-612x612_jpg.rf.bd383fc53c6ed82ea21d3627f060cec6.jpg,1,1,0,2
yawn-f1c6af90-3041-11ec-8892-302432df5bc8_jpg.rf.0239190d4eec589d89cfdda0d09de1dc.jpg,1,0,0,0
_50_jpg.rf.63adbc1fe8cc72f2c26b89bdf5f0f988.jpg,0,0,0,1
979_jpg.rf.d5615d7e49bdab65aa892df6a70a59b6.jpg,1,1,0,0
1280_jpg.rf.df7b015a5e4e6ef2ca315e592cd16d67.jpg,1,1,0,0
114_jpg.rf.d7f7cd9ff6f7ba404d80961fc5f37a21.jpg,2,1,0,0
s0014_06926_0_1_1_2_0_01_png_jpg.rf.a76b2090e38ded1532cd8576fb698cc0.jpg,0,0,0,1
501_jpg.rf.ae4617162a4e5e0cbf17bbe3cdf52829.jpg,1,0,0,0
46_jpg.rf.588d84e0958c19f445a6e66ba4b86c05.jpg,1,0,0,0
184_jpg.rf.d42beea7d81ec5ae3fa492f896c8437a.jpg,1,2,0,0
closed_eye_1109-jpg_face_1_jpg.rf.38175aa203f4c3d1809df354bee5298b.jpg,2,0,0,0
877_jpg.rf.fbe4ae148b8069df684b93be2c1f141e.jpg,1,1,0,0
_419_jpg.rf.a88da16e5b64f302d2b5ec76e3485bec.jpg,0,1,0,0
_404_jpg.rf.12d7ea728008929888e4638b53ca0cae.jpg,1,0,0,0
_309_jpg.rf.1fca378949f7008b018b200cf1b398ff.jpg,1,0,0,0
Yimg_000134_jpg.rf.1a41b21528f341a5802562362cfa1977.jpg,1,0,0,0
img_000556_jpg.rf.15da23e43c55b1aa583540d1be96368f.jpg,1,2,0,0
_4_jpg.rf.5e0d4f4c4ae3e879313ab80273e1d539.jpg,1,0,0,0
_261_jpg.rf.6c6b775fab5329361b697b9444f1b8b9.jpg,0,0,1,1
1428_jpg.rf.555cbbfad45e97688c90ef9536bc9d33.jpg,1,2,0,0
374_jpg.rf.9ce326ff2189d756be195c5d0fed6a49.jpg,2,0,1,1
57_jpg.rf.f98bd616678133eeb305e23728bfc174.jpg,2,0,0,1
closed_eye_1426-jpg_face_1_jpg.rf.ccf755cdc4b6a0a9c7c4582772290cd3.jpg,2,0,0,0
155271502_1_jpg.rf.e8f9a7e8562daa0e92501522e6273c6c.jpg,4,1,0,1
22_jpg.rf.fedc386b0c349b5a7ec26d80d2edf6d9.jpg,2,1,0,0
3708_jpg.rf.5fba2aea07db3f3988663d5426481826.jpg,1,0,0,0
_288_jpg.rf.5eee95878e9d21dbc90d0290c55bbb6f.jpg,1,0,0,0
_487_jpg.rf.018eb2710ed4ff8c0911232ce3f96ba4.jpg,0,0,1,1
yawn-e4543c90-3042-11ec-bde6-302432df5bc8_jpg.rf.8cdea343a5c036ffcac23755ded64e41.jpg,0,0,0,1
300_jpg.rf.982c8b45bcec0a139601be9c91388776.jpg,2,1,0,0
OIG-6-_jpg.rf.cd91abdcb272f6295edf157375e642a8.jpg,2,0,0,0
_398_jpg.rf.e1d708c0c6fc122730c485232b4dbe1a.jpg,1,0,0,0
closed_eye_2740-jpg_face_1_jpg.rf.bbf7a62feb090884e9756f575f3a4228.jpg,2,0,0,0
176_jpg.rf.233b1ed031e91e26c0d3abae490dcf18.jpg,1,0,0,0
438_jpg.rf.dec54bcd2adfee34eff1e297c563bdd2.jpg,1,0,0,0
102_jpg.rf.374392fb7d2bdedd09eb723401837875.jpg,1,1,0,0
_174_jpg.rf.6de802735c19120c577f0bb05c1a2f1d.jpg,1,0,0,0
3204_jpg.rf.0069acb36df7d2d9c7d6d975c5c6cd58.jpg,1,0,0,0
_614_jpg.rf.78b0a676eba53a88487da007fccb2d25.jpg,0,0,0,1
closed_eye_0859-jpg_face_1_jpg.rf.494c5d1299e17d4034d7146c2b22c1ae.jpg,1,1,0,0
s0012_04663_0_0_1_2_1_03_png_jpg.rf.1facb52933e65a759694a56c27fe61b2.jpg,0,0,1,1
_20_jpg.rf.bdfec10c128faeded8b0135c6d825dfa.jpg,1,0,0,0
closed_eye_0492-jpg_face_1_jpg.rf.7b22fb987d83003b65261b119ed1787c.jpg,1,0,0,1
s0017_00186_1_0_0_0_1_01_png.rf.ceef4aab783403f8620c57e46012959a.jpg,1,0,0,0
704_jpg.rf.1658061ce41a314eff9b78cecae6c1b9.jpg,1,1,1,1
_622_jpg.rf.ece59d64cd546559d82eb794fe974403.jpg,1,0,0,0
_194_jpg.rf.1966cba09d8fcb6a45ffc2262396ba6c.jpg,1,0,0,0
Yimg_000291_jpg.rf.82b749edb8b1ca2a54f8dbedd66662e9.jpg,1,0,0,0
2699422785_1_jpg.rf.f6b61adde0f1ee0d5f97238135177b89.jpg,2,0,0,0
309_jpg.rf.06ae21e7e234a7259ebd5628b56373e8.jpg,2,0,0,1
closed_eye_0093-jpg_face_1_jpg.rf.f00f491c7b53c0cd35d46ce6e6051204.jpg,2,0,0,0
_190_jpg.rf.cc13a377c68e00ce9ee0ac19398caa85.jpg,1,0,0,0
431_jpg.rf.534cf0e7e8979465f408cd65e5fcbfbc.jpg,1,0,0,0
_238_jpg.rf.52555416055a959e4eeeeee14dd72b5b.jpg,1,0,0,0
closed_eye_1139-BMP_face_1_jpg.rf.3ea5a98c96dfe446d20061b375102006.jpg,2,0,0,0
_568_jpg.rf.51c41c00efcfa3ecd139e7469a94a901.jpg,1,0,0,0
794_jpg.rf.cd00b0b8d65dfce2c6dd9dba04970dbb.jpg,1,1,0,0
85_jpg.rf.e0fbe6cc0b064ce509727c8c214afb53.jpg,2,0,1,1
_252_jpg.rf.fcaf1f8816794393d28508870364b3ae.jpg,1,0,0,0
Yimg_000243_jpg.rf.3940b42364110e97a1c4e9af9b342639.jpg,1,1,0,0
_563_jpg.rf.0e0b798969259b2260a0077920eb8d52.jpg,0,0,0,1
istockphoto-1224229875-612x612_jpg.rf.6e100024cd8ed2be17cd8dfa44b0ec95.jpg,2,0,1,1
closed_eye_2501-jpg_face_2_jpg.rf.067dcd6fdf376a4d4d0f1c43c389f59a.jpg,2,0,0,0
asleep_full_img_214_-000000000000000000000000000001-_jpg.rf.38e16f15dce74c019e48980552b524bb.jpg,0,0,1,3
_471_jpg.rf.0a0dae5b9ccdea5ef7152fb25d7d3f1b.jpg,1,0,0,0
_669_jpg.rf.de7edf7b95079d3018bb64b25463fbd1.jpg,1,0,0,0
_375_jpg.rf.58986e134a38c83a24fb6b439511a28e.jpg,1,0,0,0
istockphoto-1138361279-612x612_jpg.rf.e705ce8cbad0ae185aed6a4a74c89df2.jpg,1,0,0,2
s0017_00181_1_0_0_0_1_01_png.rf.091a762e6907766b25d5c4720057ab06.jpg,1,0,0,0
s0016_00390_1_0_0_0_1_01_png.rf.c496a30847630965aaab02afc8c981f4.jpg,1,0,0,0
s0014_06985_0_0_1_2_1_02_png_jpg.rf.6eb5e002bc372d1ce6aaac635e340f97.jpg,1,0,0,0
_397_jpg.rf.41ce46bb5610497548ed0d9c2559123f.jpg,1,0,0,0
closed_eye_2389-jpg_face_1_jpg.rf.6313f91fc71af8d59a8dbafb729ece75.jpg,2,0,0,0
closed_eye_0009-jpg_face_1_jpg.rf.4ccc07c83dc6ebbcd93e9f3b2d96cf4e.jpg,2,0,0,0
149_jpg.rf.d78e8de88a064d4a5f7253f2cce1de3c.jpg,1,1,0,0
_202_jpg.rf.5669cfea2c9624836a8d58a7477c0741.jpg,1,0,0,0
photo_2023-04-06_09-08-37_jpg.rf.4ef8292355d4dddc4cf777dbe652a2b3.jpg,2,0,0,0
000092_jpg.rf.96f402b8c489abf4d6fdbc94f05ed273.jpg,0,0,2,2
361_jpg.rf.0d852c57ecbd83cfeebf458e6b9c9c58.jpg,1,1,0,0
photo_2023-04-06_09-09-22_jpg.rf.21b81b533547dea18e47f02d8e1b2e9d.jpg,1,2,0,0
_601_jpg.rf.4c8a218ba5ca7c7e6685bbfedd6e98cb.jpg,1,0,0,0
closed_eye_1519-jpg_face_2_jpg.rf.49353267af430547e63a043a37b95094.jpg,2,0,0,0
549_jpg.rf.eb55b6ae376eec68a4e9ae6253fc72e9.jpg,1,1,0,1
419_jpg.rf.01f1b71ffbcb5e969132d8a94875645f.jpg,2,1,0,0
_283_jpg.rf.1be1c105e5fb8636011afa35a16b0a70.jpg,0,1,0,1
219_jpg.rf.17c13312d0f57c9525be0251d44cf89e.jpg,1,0,0,0
392_jpg.rf.10e7060243b4aeb7e184a3ca3299a8f7.jpg,1,0,2,2
s0016_01429_1_0_0_0_1_01_png.rf.bcb54f10040e72ce110b2b5b77aca43c.jpg,1,0,0,0
474_jpg.rf.5999c37749680ebfd04085ddb7c378da.jpg,1,0,2,2
closed_eye_2700-jpg_face_2_jpg.rf.3d1fb8ccc3e6ea4e92b72b424630aff7.jpg,2,0,0,0
670_jpg.rf.f3c193c44df9a25635a43bc0d5c23d31.jpg,1,0,0,0
Yimg_000021_jpg.rf.fb2aff9ae3373dfefdd0c029721ad06d.jpg,1,0,0,0
_229_jpg.rf.168baa8d66b9b4b49371781f3b5e365e.jpg,1,0,0,0
_679_jpg.rf.bb1e2f2d38e6907bd3b173967325b6fd.jpg,0,0,0,1
1390_jpg.rf.4a341a23ead84738fbaf78879e327b79.jpg,1,2,1,0
1325_jpg.rf.dd78daef4021df2b98e60b347f69eb06.jpg,1,0,0,0
424_jpg.rf.fb3a36d0cf2c0a3e2f644a5ee286d668.jpg,2,1,0,0
160_jpg.rf.664a93cc6b5259223395efed11509dac.jpg,1,2,0,0
000217_jpg.rf.6dcb945b8ab0418aa48aed68fcfc1ea1.jpg,2,1,0,0
190_jpg.rf.9c64b5bd2b32c50baf88a1e6afd85ce5.jpg,2,1,0,0
closed_eye_0207-jpg_face_2_jpg.rf.cc1a3c4aab2a84b2ee20862e1fb020a0.jpg,1,2,1,1
1196_jpg.rf.ed46f1a592fc048d0a442a11534b5a97.jpg,1,2,0,0
_40_jpg.rf.50ea1410d7ac7bc4285908dd6763762c.jpg,1,0,0,0
278_jpg.rf.ef8eb18cfed5fb2b00ebd5de2becaf6a.jpg,1,0,0,0
_120_jpg.rf.c8ef8d2bfb2398bd63f572f3a3daaef3.jpg,1,0,0,0
100466187_1_jpg.rf.56017cdcb68227b1bf42fa1a385c1f2e.jpg,2,0,0,0
507_jpg.rf.2534314a6fba6d821bd0e0f94d70f5be.jpg,1,2,0,0
1292_jpg.rf.40504232b6eb2ff847aa54e2defb896f.jpg,1,2,0,0
1063_jpg.rf.60341e9db83f63322c579e96637986ef.jpg,1,1,0,0
closed_eye_2770-jpg_face_1_jpg.rf.c048e0fc41869ff298e0d3d7a27b885c.jpg,2,0,0,0
yawn-e3150a9a-3042-11ec-ae3b-302432df5bc8_jpg.rf.442d3ae5ac8b89578e428267d6b86394.jpg,1,0,0,0
471_jpg.rf.6f3074ead1f18bc65877f2b1d23d42b3.jpg,2,1,0,0
486_jpg.rf.3a99573b6760bf9e975307affb8f064c.jpg,1,0,0,0
closed_eye_2346-BMP_face_1_jpg.rf.ae5f67b8d3cde28855a53f954417ffdd.jpg,2,0,0,0
s0014_06927_0_1_1_2_1_01_png_jpg.rf.be29c4b957c62c181fa3b5599dafd29a.jpg,0,0,1,1
214_jpg.rf.1e7d4bbffd9204f65de81cdb0fff5530.jpg,1,0,1,0
377_jpg.rf.741d11a116a3e5389b7b858a04fa55e6.jpg,2,0,0,1
3711_jpg.rf.807203e490985c687b749aa76a8136ca.jpg,1,0,0,0
_534_jpg.rf.2328ceda68514a75f5faa7c07aede3b8.jpg,1,0,0,0
541_jpg.rf.35b3c79ff1bbbc5c943ea2f8c2048784.jpg,3,0,0,0
_12_jpg.rf.dcc55e533d60181fe077d4433f84cc12.jpg,1,0,0,0
_221_jpg.rf.6f7d0067e963854aecba1b8d0ba9336b.jpg,1,0,0,0
_316_jpg.rf.6f220264bcd719776683e576b244e127.jpg,0,1,0,1
Yimg_000226_jpg.rf.7ec443a28bd0683f23f9267babedd3ba.jpg,1,1,0,0
357_jpg.rf.d82f2f235ce1afef5ffc74af0231f699.jpg,2,0,0,1
closed_eye_1902-jpg_face_4_jpg.rf.b421dcadce0249bcacae2bb5d9fcdbf9.jpg,2,0,1,0
image_60-2-_jpg.rf.c57b589c3cff37afbc11f1a1af5e7f94.jpg,1,0,0,1
closed_eye_0185-jpg_face_1_jpg.rf.ca8c4a7b02bcc88e044ae30b2913139e.jpg,2,0,0,0
71_jpg.rf.6bb199776f29abe63457d165485baaa2.jpg,1,0,0,0
closed_eye_0397-jpg_face_1_jpg.rf.92235caeaabae17619a139e2877571c0.jpg,1,2,0,0
Yimg_000092_jpg.rf.d31cf71484ad455119bc20029bb4f6b3.jpg,1,1,0,0
_109_jpg.rf.7ca3bc5166b2dca0d6f914748d3d02d8.jpg,1,0,0,0
1734_jpg.rf.0ac3c76ef680cbf16eb9c8f9c7eac7a8.jpg,1,0,0,0
closed_eye_0261-jpg_face_1_jpg.rf.527025f07864fdbce7c8bde01c10e7e9.jpg,2,0,0,0
closed_eye_2132-jpg_face_3_jpg.rf.efb9f293964d2cb69518dbdc20b5760f.jpg,2,0,0,0
_588_jpg.rf.8cc7a2c058d830e5e987ed8c1aefa909.jpg,1,0,0,0
_614_jpg.rf.947052da97bda827120076320e1a5ded.jpg,1,0,0,0
_585_jpg.rf.10160bc42854948fad0897c634dad404.jpg,1,0,0,0
_669_jpg.rf.6d24f43120a7d7cb2c9d04615fe1a1c1.jpg,1,0,0,0
_600_jpg.rf.1a0430d09d5a8e6c454003ad7ee4ebe5.jpg,1,0,0,0
img_000380_jpg.rf.0a0061a1c7320d5116a21e13036f84b3.jpg,1,0,0,0
1393_jpg.rf.8109217b125b8d84e76c3a93bd874225.jpg,1,1,0,0
_165_jpg.rf.c28a195ddd42e4d3b515aaa9a529db7e.jpg,0,0,0,1
closed_eye_2079-jpg_face_1_jpg.rf.aed5d095e6db76196694341a134c3ff9.jpg,1,0,0,0
420_jpg.rf.17dabb093f4181b46139fc010187451f.jpg,2,0,0,0
275326542_1_jpg.rf.35fcc8dc2da5e8ca73b469a5e15dd847.jpg,0,0,0,2
1181_jpg.rf.0b0221a908566195a6549e20e83f3f10.jpg,1,0,0,0
1758_jpg.rf.e02f223101d800b6269d90e96abf92d7.jpg,1,0,0,0
_174_jpg.rf.ac7a9bab99e77e98f1c16dbc3f9cdd05.jpg,1,0,0,0
istockphoto-490620560-612x612_jpg.rf.fd03f8458a8b8997bdb57f2f21bcdc00.jpg,1,0,0,0
closed_eye_2464-jpg_face_2_jpg.rf.15119ff3dd960a62b254c5e73149b692.jpg,2,0,0,0
359_jpg.rf.97598089647d099418a40d718120318f.jpg,1,2,0,0
1177_jpg.rf.3d76a0a46766fff749dbc4701ebbd92f.jpg,1,2,0,0
closed_eye_2707-jpg_face_1_jpg.rf.9424cb974a35c63fef91929f8b40cdfb.jpg,2,0,0,0
_511_jpg.rf.0341eb955d8927f55e2c942466ed6f25.jpg,1,0,0,0
_209_jpg.rf.9cabba54ad34538d7ca65bad00268834.jpg,1,0,0,0
268_jpg.rf.505500c354a26e6e6219db85afd60a72.jpg,1,1,0,0
istockphoto-520132861-612x612_jpg.rf.9311876ce75676115f8ded4281658509.jpg,1,1,0,0
725_jpg.rf.4904f3c508457d2e2462fff75899c586.jpg,2,0,0,0
closed_eye_0426-jpg_face_1_jpg.rf.8c2bf6456579ae24952f5b549ba2c04c.jpg,2,0,0,0
_540_jpg.rf.8df20f736169a19a5387818a25668079.jpg,1,0,0,0
521_jpg.rf.fbeb001ac39877ad547736e63c5de87b.jpg,1,2,0,0
_57_jpg.rf.473d1e455ef1187de6bd0182ca7bbf85.jpg,1,0,0,0
istockphoto-1019310810-612x612_jpg.rf.b7c13b11ce019b80395c691d22e23dab.jpg,0,0,0,2
_171_jpg.rf.96705ecc39aa5d97bc74307b1df51186.jpg,1,0,0,0
507_jpg.rf.35bdcf3a9f70d0236ad55b64a2cd5eec.jpg,1,2,0,0
closed_eye_0097-jpg_face_4_jpg.rf.409f9a583bc42bac0fcb591d6526e95c.jpg,2,0,0,0
_405_jpg.rf.e66974d9e1d98a193f9e3ba5dbdd88af.jpg,0,0,1,1
236_jpg.rf.f314dd737cf26d10c1d586d8a4d81f1d.jpg,1,0,0,0
closed_eye_0012-jpg_face_1_jpg.rf.49094ed30744a7e5df21a3895fcf1dab.jpg,2,2,1,0
000369_jpg.rf.cffbf59a9894db79314c109dac3f9627.jpg,2,0,0,0
927_jpg.rf.28c7ce98c4e6bba2db6c7d2ce9d37217.jpg,1,1,0,0
closed_eye_2421-jpg_face_1_jpg.rf.13f1993d50d0fdf6c6d0cc046ccce8a8.jpg,2,2,0,0
_195_jpg.rf.972492465e8946c9a2ea946b1bf1a4e8.jpg,0,0,0,1
754_jpg.rf.4da60339d0125583a60159e03fb37ff0.jpg,1,1,0,0
526_jpg.rf.6fdfc6ae048c2dfe89052e6c23ee43bf.jpg,1,1,0,0
closed_eye_0646-jpg_face_1_jpg.rf.8fc51904d0919c6cb68731f302ac899e.jpg,2,0,0,0
closed_eye_2132-jpg_face_3_jpg.rf.93f57dc9fd10a2e7a3129c8bc33e770b.jpg,2,0,0,0
590_jpg.rf.59cdc0abdfeae7909d054ec020125dca.jpg,2,1,0,0
s0019_00047_0_0_0_0_0_01_png.rf.2d130c5d24f858711b6d70a0f2fb7a15.jpg,0,0,0,1
428_jpg.rf.95dbd94b91a055daac1b2a8fb4476680.jpg,1,0,0,0
closed_eye_1089-jpg_face_1_jpg.rf.a3e07559ce69cd31fbb617a1b875eb4d.jpg,2,0,0,0
551_jpg.rf.2bfc20e491d31f015643db76e0f9920e.jpg,1,1,0,1
Yimg_000055_jpg.rf.3fa12e0f058dc88f2dff4650fad57b9e.jpg,1,0,0,0
istockphoto-1212249732-612x612_jpg.rf.80e05dcfba1ce68df78a71af47bafa3c.jpg,1,0,0,2
WIN_20211018_21_12_47_Pro_jpg.rf.c37eb74667b414ee39d253bff12e20d1.jpg,1,0,3,0
images-4-_jpg.rf.e591941fad6111a400dbcbb0ab30bf8c.jpg,2,0,0,0
_95_jpg.rf.96c9042927f3552698b1a10aea0e2876.jpg,1,0,0,0
311_jpg.rf.8fce52400ad1d17c604e3f01c05b6fcb.jpg,3,0,0,0
937_jpg.rf.b89afe8811bbd546c5667fc7ba94e50d.jpg,1,2,0,0
_676_jpg.rf.d97d5258ed3e23b097d9a90bee7eb269.jpg,1,0,0,0
_652_jpg.rf.a62181fa345c24d18fa2442fd427156b.jpg,0,0,1,1
img_k_10470_jpg.rf.25ce6f4b540d74df7225f2f22565918f.jpg,0,0,0,2
closed_eye_2024-jpg_face_1_jpg.rf.43a786e33c2c11bd9354a72164a7ce16.jpg,2,1,0,0
_613_jpg.rf.5055fbfe3231e6e925558483def41191.jpg,1,0,0,0
closed_eye_1345-jpg_face_1_jpg.rf.81f1dada8754aabf955ad5c5f2d1404b.jpg,2,0,0,0
closed_eye_2115-jpg_face_1_jpg.rf.17042110d13c45178ef4b9ce8fba971f.jpg,2,0,0,0
34_jpg.rf.9fae9decae10d16329b1dcc0ab82c991.jpg,1,0,0,1
528_jpg.rf.a06d91028443ae3270b7824d7276f513.jpg,1,1,0,0
1160_jpg.rf.b3584b2ebe4f973757bc521f07f49a71.jpg,1,1,0,0
_600_jpg.rf.9dd018694656e34ef2052d3684e24eaa.jpg,1,0,0,0
1686_jpg.rf.f60882393d923f741df93e094e6aedfa.jpg,1,1,0,1
_445_jpg.rf.d7ced153d07a27d7ec3c017f0c8de693.jpg,1,0,0,0
_91_jpg.rf.a86a6e6bd9b5654df471c9dc5657c58e.jpg,1,0,0,0
133_jpg.rf.dfdc4831acaef84b3485a2f1f9601cbe.jpg,1,0,1,0
485_jpg.rf.0afb6bf4bd3f552d357bc6060452a956.jpg,2,1,0,0
870_jpg.rf.5df60bc75f189a04387beadb158b5859.jpg,1,1,0,0
WIN_20211018_22_23_28_Pro-2-_jpg.rf.f7ff1b58b7ed680303d2dfc2201f4a43.jpg,1,0,0,0
_186_jpg.rf.74d690da53457b336991f7947ec32949.jpg,1,0,1,0
s0016_00432_1_0_0_0_1_01_png.rf.06d7e8520a2b004553548694ab1d49d8.jpg,1,0,0,0
298_jpg.rf.fb409be95647710beef1fbefe89445cb.jpg,2,0,1,1
_218_jpg.rf.8528eca237e6560a648c5f12c823612c.jpg,0,0,0,1
24_jpg.rf.49cd2671dabe875f09a423fffc122afc.jpg,2,1,0,0
_169_jpg.rf.f3001c73dacd098c98f971a50b521fdf.jpg,0,0,0,1
000007_jpg.rf.32932ccfe640d3ad994cdcaa584d5044.jpg,0,0,0,1
closed_eye_2217-jpg_face_1_jpg.rf.0412bafc728110c1a9d5adad5eccbc16.jpg,1,1,0,0
_453_jpg.rf.424fd9fc20670e6f8f766417a5abf5da.jpg,1,0,0,0
closed_eye_1120-jpg_face_1_jpg.rf.6509aaf977ecd648d89a8b950913de80.jpg,0,0,2,2
WIN_20220809_14_29_00_Pro-6-_jpg.rf.262b70308ad673057a21d474300d8b60.jpg,0,0,1,1
_177_jpg.rf.c952c8cd663f6ab1b65fb21a7f72bf79.jpg,0,0,0,1
yawn-fd006676-3044-11ec-95ef-302432df5bc8_jpg.rf.f197435209306a2ce39ab3033f450a51.jpg,1,0,1,0
image__10034_jpg.rf.f2ef7f8495c5f4b2086cb39acafca043.jpg,0,0,0,2
263_jpg.rf.c6e4b46f0e783ca2e09b0fcc2be654af.jpg,1,1,0,0
_388_jpg.rf.5916f19618280181d99766968c8121bd.jpg,1,0,0,0
s0014_08074_0_0_1_1_1_02_png_jpg.rf.aebdf246ef372a28597aa5c39b753f7b.jpg,1,0,0,0
921_jpg.rf.e2ff9b9c13f6511316a1c86c60dcf206.jpg,1,1,0,0
1632_jpg.rf.e8aa4000db8ca4fc6d2ad51df6123f1f.jpg,1,0,0,0
876_jpg.rf.32d7a50bcd114f777931647ee931f00c.jpg,1,0,0,0
1326_jpg.rf.c627ffe7e227308bdf5d80f53752a7cb.jpg,1,0,0,0
Yimg_000275_jpg.rf.c61a6a3025f098895b04914a32ba3984.jpg,1,1,0,0
1200_jpg.rf.dedc69054bf2e8eaf873b1df0102c0e6.jpg,1,0,0,0
closed_eye_2332-jpg_face_1_jpg.rf.db021d59be8ce7e168e64cb7766fec2b.jpg,1,0,0,0
3212_jpg.rf.b64315771c4d6b6ef12a6b8520660a6e.jpg,1,0,0,0
s0036_00192_1_0_0_0_1_01_png.rf.7726a602ffb856d8f95ed695612fc174.jpg,1,0,0,0
532_jpg.rf.c660c5d01e3f4139bdc6563338742076.jpg,1,1,0,0
346_jpg.rf.f105ac841dd2965031beb2bf01ddd1be.jpg,2,1,0,0
img_e_8149_jpg.rf.1c93cb8b38c964f15fc6afe119613c33.jpg,0,0,0,2
_690_jpg.rf.25387701eafc33bc3a82fc126a0196ba.jpg,0,0,0,1
Yimg_000286_jpg.rf.1459f33a3273a1d0ad141204e3d4f7c9.jpg,1,0,0,0
_256_jpg.rf.de5a113e6ed844deeeeeb049df1ff016.jpg,1,0,0,0
closed_eye_2737-jpg_face_1_jpg.rf.2c7c9220ccb6dfeffe21f4bde49318b4.jpg,2,0,0,0
s0016_00407_1_0_0_1_1_01_png.rf.1370a7786351243280c1def66e591555.jpg,1,0,0,0
closed_eye_0978-jpg_face_1_jpg.rf.c283bdc48c535457082e3c89ae9319b9.jpg,1,1,1,1
128_jpg.rf.c997feda6ad7701b8d7adf701a09cdac.jpg,1,2,0,0
s0034_00630_0_0_1_0_0_02_png_jpg.rf.6420668e4f53fef32d64702e7a68a394.jpg,1,0,0,0
s0016_01667_1_0_0_0_1_01_png.rf.6e45fa0170c2b18090bde2db8e0ce31c.jpg,1,0,0,0
3507_jpg.rf.3b17df8d183b1647bde4d824ac20b60c.jpg,1,0,0,0
Yimg_000258_jpg.rf.4affc8717c2099f678ad53cd9eeff1e7.jpg,1,1,0,0
PIXECT-20220526015320_jpg.rf.0d3f5de0b1e602f6111511720f372897.jpg,1,1,0,0
s0016_01586_1_0_0_0_1_01_png.rf.e6bfba27760738c6e09a9997dbbfa743.jpg,1,0,0,0
334_jpg.rf.5cc36457942e48bbeaedb7255cf7e6e5.jpg,1,0,0,0
closed_eye_1334-jpg_face_1_jpg.rf.3eb4e1d54cc7c4ceb9e7b6860e35f0d7.jpg,2,0,0,0
430_jpg.rf.c8e927620888b3d29fc7bbfdb4e66712.jpg,1,1,0,0
_663_jpg.rf.f105f58564a341b23bf5dfc53460eb88.jpg,1,0,0,0
WIN_20211018_22_23_28_Pro_jpg.rf.ceff56ddf5c495d9ec82d0e3169be09d.jpg,1,0,0,0
3217_jpg.rf.5f08febe89442c7ae61dad692e68cc5b.jpg,1,0,0,0
1250_jpg.rf.869498a5fa25cd8f4d0859f8bf339242.jpg,2,0,0,0
1223_jpg.rf.49f763787dde22bed6be1bf004dcd881.jpg,1,1,0,0
394_jpg.rf.e9bd37e65264394aceec68ca429f041a.jpg,2,1,0,0
closed_eye_0923-jpg_face_1_jpg.rf.b48389c1bf11c833ad17643376eaeedb.jpg,2,0,0,0
closed_eye_2512-jpg_face_2_jpg.rf.c92db3a5f5d59af4aaeb6ada31d7967f.jpg,2,0,0,0
1933_jpg.rf.bfdc0eeecaeea7e76165efe0ab57c39e.jpg,2,0,0,0
487_jpg.rf.73c1124ba0ca938c2094a9f7aecbe357.jpg,1,1,0,0
_113_jpg.rf.4338d304f8194aa12f4e1238909c4538.jpg,1,0,0,0
closed_eye_2518-jpg_face_1_jpg.rf.3578437a103040ef913e122ebac21448.jpg,2,0,0,0
Gleb_jpg.rf.2bdf523ae3d3f0c0421a6d369116fdc8.jpg,2,0,0,0
202516196_1_jpg.rf.f27fcfe1a3be2f8a9e0e315da5b3a382.jpg,2,0,0,3
1630_jpg.rf.a33d6aa5744310099662fdf51c3351c0.jpg,2,0,0,0
_687_jpg.rf.a0e11d0f22a8a0205f8c6102afd40693.jpg,1,0,0,0
_475_jpg.rf.84210f2647fb96a7e85ebaa161531ac2.jpg,1,0,0,0
781_jpg.rf.c82631a603c078f013603e9211cc7fa5.jpg,1,2,0,0
139_jpg.rf.962e2432d3dd2bc5e1b3f2cd51380eb2.jpg,1,1,0,0
closed_eye_0866-jpg_face_1_jpg.rf.5ba23dc20c9573adc2020aca86738ea7.jpg,2,1,0,0
1152_jpg.rf.1f394cf6941570bd22ea44447d250339.jpg,1,0,0,0
_552_jpg.rf.5d2972c135bf94b7a3adf3f90600bbb5.jpg,1,0,0,0
_195_jpg.rf.7055da865e886134c47b9621babe1a02.jpg,1,0,0,0
_396_jpg.rf.39133f5151140eaae9cd16a6928a55dd.jpg,1,0,0,0
closed_eye_1537-jpg_face_1_jpg.rf.81f7f2dd472dea100ed3be03bafa5461.jpg,2,0,0,0
284_jpg.rf.a74673e2b082fbd9c243653020e26b04.jpg,1,0,0,0
s0016_01463_1_0_0_0_1_01_png.rf.8ee2b71054399d613066759852166e0b.jpg,1,0,0,0
Yimg_000035_jpg.rf.98ae929b8770838330acd4e9205d47fb.jpg,1,0,0,0
111_jpg.rf.e4307618fd70dedb17f0bc380c767367.jpg,1,2,0,0
257_jpg.rf.bcf03394aca2dc608e7af45d0f30a907.jpg,1,0,0,0
520_jpg.rf.fad7213781c4207f2d480372da712ff9.jpg,2,0,1,1
691_jpg.rf.24bb2856fb5589d926e45d5f0ce047cd.jpg,1,2,0,0
1311_jpg.rf.4b2a6d989640cb14efdfd6792159554f.jpg,1,0,0,0
161_jpg.rf.55a50f483b99e104a849f5679318940e.jpg,1,1,1,1
_195_jpg.rf.d20257078d242d3c0a6cb5069441f776.jpg,0,0,1,1
_683_jpg.rf.915b7c330831bdd252ebf0a529ab2606.jpg,1,0,0,0
1350_jpg.rf.4b54681085a8bbcf433912292cdf97b9.jpg,1,0,0,0
443_jpg.rf.21d359b17109ee1a1d61b7ff54cab8d2.jpg,0,1,1,2
s0014_08075_0_0_1_1_0_02_png_jpg.rf.63f24e72c1f3bd1b7a0fe098098a7871.jpg,1,0,0,0
s0014_06983_0_0_1_2_1_02_png_jpg.rf.e1a1bf43210507445254689b832d3459.jpg,1,0,0,0
_573_jpg.rf.752953f18b836c48700981109cd26cca.jpg,1,0,0,0
234_jpg.rf.6996d044233136881ad10248946225d2.jpg,1,1,0,0
132_jpg.rf.00fedb74315caae519b9c838c9ac7319.jpg,2,1,0,0
76_jpg.rf.3d56a29043c997fe11637a85bc6ed33d.jpg,2,1,0,0
closed_eye_1843-jpg_face_1_jpg.rf.be79bc1dd089ce7515425ccf4367c613.jpg,2,0,0,0
965_jpg.rf.4597a8d976005603a3b880e35e91756a.jpg,1,0,0,0
3439_jpg.rf.ad8d7b3f1b0b9c7532af10b1eeaf38ee.jpg,1,0,0,0
2247_jpg.rf.dec52171ca7b4400db762bd75b414209.jpg,2,0,0,0
_630_jpg.rf.c4cb3ad9801bf9d47c52be48fad4b37c.jpg,1,0,0,0
1280_jpg.rf.76592bf6ff28d10142fb4ce83821c810.jpg,1,2,0,0
591_jpg.rf.854da11c46b0a3f254cde714c3e4612c.jpg,1,0,0,0
380_jpg.rf.05546e49a79c433e7af8636408d9eda2.jpg,1,0,1,0
796_jpg.rf.35c94c0fd3e04a9deb23b47d032ccc51.jpg,1,0,0,0
closed_eye_1237-jpg_face_1_jpg.rf.50c2737588db0c425ccffbcf270a26ea.jpg,2,0,0,0
_223_jpg.rf.9d8762cc2afb99dcf8cd258669572669.jpg,0,0,1,1
closed_eye_0043-jpg_face_2_jpg.rf.8631187cc69f313345ee030bf60d7924.jpg,2,0,0,0
_545_jpg.rf.6398c3b2bbcdcefa4901eca20475f29c.jpg,0,0,1,1
_135_jpg.rf.f39e27146d71dd36e36ea699a899f655.jpg,1,0,0,0
208_jpg.rf.8ebe445400694c90eb71a46580fe6e50.jpg,1,0,1,0
951_jpg.rf.280c2209eddafa476a621e085b3cbc8a.jpg,1,0,0,0
_358_jpg.rf.b739bd93b917c001be9093dce35b3ae9.jpg,0,0,1,1
_690_jpg.rf.91712e95ff8ab260c33941ad7d2714b0.jpg,1,0,0,0
242_jpg.rf.5fd1a35cdb4f086f1afd3d48cdf9ed5d.jpg,1,2,1,0
351_jpg.rf.5e5cbcbe927a4841387de4d99fc9493f.jpg,1,1,0,0
_188_jpg.rf.641b04718faf28d90346ff21578687cc.jpg,1,0,0,0
closed_eye_1089-jpg_face_1_jpg.rf.f5885ad1c36487c50ebb63743a3cb74f.jpg,2,0,0,0
615_jpg.rf.b475d0815a4ac832da50b615d970ce58.jpg,2,1,0,0
1625_jpg.rf.9b6ac65914ff9bf0f493588bb5f7d6da.jpg,1,0,0,0
1282_jpg.rf.9118127973c850df3872edac004ecee8.jpg,2,1,0,0
img_000385_jpg.rf.2c10f3c8dfb44867c405a830dd2b8363.jpg,1,0,0,0
633_jpg.rf.5ee1dd3d5b10c99bfa05b7a8d48b53b5.jpg,1,0,0,0
Yimg_000079_jpg.rf.deb002257af6d6176c1d83ff50ed9066.jpg,1,0,0,0
100466187_1_jpg.rf.bcce99132aa50c5cc217fa99cd4a88db.jpg,2,0,0,0
22_jpg.rf.6c8715c61814a13b342483bab3f0b56a.jpg,2,1,0,0
istockphoto-1141690890-612x612_jpg.rf.5bdb21e275e1676734337af9249d6542.jpg,1,0,0,2
_332_jpg.rf.7e6f1d07164a636dedbd002a85bee81a.jpg,0,0,1,1
Yimg_000185_jpg.rf.e339275039957c9db8b22304a493d8f0.jpg,1,1,0,0
KnTzH3nBOsI_jpg.rf.6f45e36e4ec4b2a91eb588346ddb811f.jpg,1,1,0,0
1194_jpg.rf.9b87f842fe3d6ea3720c5d7c1486eed4.jpg,1,2,0,0
433_jpg.rf.91bcf399f24706a5e45709f28b1eddb3.jpg,1,2,0,0
closed_eye_2582-jpg_face_1_jpg.rf.6c19a80b11aedf21c7510d359ed0921f.jpg,2,0,0,0
_511_jpg.rf.b796f808f9bae6869415e5ecb4199cad.jpg,1,0,0,0
_284_jpg.rf.091fdfb2983c76c831e8b092ac5e8b4b.jpg,1,0,0,0
472_jpg.rf.2d60283f488cc38331a72526d8fcb34c.jpg,1,1,1,0
closed_eye_2597-jpg_face_1_jpg.rf.a04c09c1ab3181e6ffde52c366a29117.jpg,2,0,0,0
Yimg_000123_jpg.rf.b9c890994830d2fe3612b73db543e929.jpg,1,1,0,0
Yimg_000250_jpg.rf.739adec7f99b2b588228335be6042d12.jpg,1,0,0,0
s0016_00391_1_0_0_0_1_01_png.rf.3edc48287cebdaf9e47c2b8ec8fd48ba.jpg,1,0,0,0
_521_jpg.rf.e9a2e7092efd3c376ed95616fdcfe35c.jpg,1,0,0,0
_278_jpg.rf.80782493a891510ee526063ea82fbb71.jpg,1,0,0,0
309_jpg.rf.56d8d82ad45b2f5993edec904c3f2fc6.jpg,1,1,0,0
1164_jpg.rf.89f7fe90554eb90e62c35d3fae4b4cc7.jpg,1,0,0,0
242_jpg.rf.d5ccc27e52b5e5fea45260ecbe6696f9.jpg,2,1,0,0
s0036_00024_1_0_0_0_1_01_png.rf.b86f7080abd9714ed88ebb5fd28d8109.jpg,1,0,0,0
301_jpg.rf.3572e49b33a157cbc0ff3c2f3ed0f6c1.jpg,2,1,0,0
658_jpg.rf.41e3022254bc6d521f112893e303c774.jpg,2,0,0,1
563_jpg.rf.91d2ca31b7136b5292af3699677c699e.jpg,2,1,0,0
1398_jpg.rf.4efa12484a6691edc2b1dd85783885fb.jpg,1,1,0,0
_647_jpg.rf.43ca158de593fb7742bf5b8b7e9b6982.jpg,1,0,0,0
36_jpg.rf.0cb3a32fc1e9c245f1bb4f287e34d1ef.jpg,1,0,2,2
1028_jpg.rf.ec0b35aa2c92741860e6102e164cb6c1.jpg,1,0,0,0
closed_eye_1505-jpg_face_1_jpg.rf.8b8527cef249d04c203c89de29c6a3c7.jpg,2,1,0,0
551_jpg.rf.a7f9a5616a6d6499d007a4ee29be7eb2.jpg,1,2,0,0
17_jpg.rf.24a3affbd745431ef6cde32898d636e3.jpg,2,1,0,0
3711_jpg.rf.bae9cfb1e72d4e30d0b2d8af441758d0.jpg,1,0,0,0
3_jpg.rf.20d6dbca9f62a13550043fc845a85aca.jpg,2,0,0,0
27_jpg.rf.e238336af9e4768541b025d9a8ab6351.jpg,1,1,0,0
closed_eye_2641-jpg_face_2_jpg.rf.b52e3fc084c87ab299ee696b7fb14288.jpg,1,0,0,1
000342_jpg.rf.30be196467fab60bc57b823cd32c4eff.jpg,1,0,1,1
closed_eye_0334-BMP_face_1_jpg.rf.e8a05e8ee7a469575fd2364d2d6ff41f.jpg,2,0,0,0
closed_eye_2168-jpg_face_1_jpg.rf.eb13f3c87f3f9d82f5e7b258a5798616.jpg,1,1,0,1
1293_jpg.rf.10b6cdbe6610b4422021fa79487376d6.jpg,1,2,0,0
_202_jpg.rf.41cbc37353160f962c6909996f51afae.jpg,1,0,1,0
116_jpg.rf.f8faee0f5623c6353badb902427a82b8.jpg,1,1,0,0
image__11716_jpg.rf.d0f43fc253d31f8727c8f23ee0c6bb2b.jpg,2,0,0,0
_300_jpg.rf.57cb0ccb7e4262ae44a0aee91c2faa0c.jpg,1,0,0,0
closed_eye_2247-jpg_face_1_jpg.rf.0e1247576b5882457ab9636de408d47c.jpg,1,1,0,0
18_jpg.rf.b2447f89d4a448d4f251d32990100676.jpg,1,2,0,0
_363_jpg.rf.bd9400c8d706b327c1a04bb9cb8530ae.jpg,0,0,1,1
_261_jpg.rf.cb9fb0f3fc66b33d690e1e439c6317f0.jpg,1,0,0,0
closed_eye_1362-BMP_face_2_jpg.rf.c8106419ecf54b937eb9b153231fbafe.jpg,2,0,0,0
s0036_00192_1_0_0_0_1_01_png.rf.7e679bdc78b76a321e67a89ce5d411e3.jpg,1,0,0,0
_92_jpg.rf.de74a7ea9205840fa90c99f4753562ef.jpg,1,0,0,0
_695_jpg.rf.42234e56acac397470c26a375ab9439e.jpg,0,0,0,1
232_jpg.rf.6b649e12b94eb01da860e93ede3609da.jpg,0,2,1,1
closed_eye_0441-jpg_face_1_jpg.rf.7267117839c25e74f9f30611e9ac8741.jpg,2,0,0,0
151_jpg.rf.cacd6d46c830c45fe9bce93d52b39230.jpg,0,1,1,2
384_jpg.rf.80cc6612829883178144b08b5ef833ec.jpg,1,2,0,0
3523_jpg.rf.487508bc57e5ec3de01a2cc19e0947af.jpg,1,0,0,0
_175_jpg.rf.8b4439e5c22ef2d589e66836a27ce081.jpg,1,0,0,0
photo_2023-04-06_09-09-05_jpg.rf.8b58933a8ed3b3cffed357ba579414f4.jpg,1,1,0,0
closed_eye_2757-BMP_face_1_jpg.rf.67cefce09aefc2b21a2363e4e7066974.jpg,2,0,0,1
269_jpg.rf.39d81528a818393c43acbca07b0bb297.jpg,1,0,0,0
696_jpg.rf.dffe54a878d7ebaca24ea1e677142709.jpg,2,0,0,1
155_jpg.rf.2407f2df302d9a48f3b4dd6bffe17198.jpg,1,1,0,0
119_jpg.rf.cadb3a12879f9998f4d95baf76c41a81.jpg,1,1,0,0
s0016_01349_1_0_0_0_1_01_png.rf.e0d780b0667a4ad335e58d5ffae44af3.jpg,1,0,0,0
_712_jpg.rf.13c439152478232b623e34f19b3925ee.jpg,1,0,0,0
199_jpg.rf.b45632f16015164c9ba4c3bc5e5aa216.jpg,1,0,0,0
528_jpg.rf.0ffbeb457e12f813c9e61c7277691d69.jpg,3,0,0,0
_349_jpg.rf.2db469ee6ae27b2d93ef8ced8a95558b.jpg,1,0,0,0
2514_jpg.rf.cd6437b56a7c362cee4bb9d8072d56ab.jpg,1,0,0,1
1339_jpg.rf.57493ed15a7e9bb23ee1ea21c89aa54f.jpg,1,0,0,0
Yimg_000116_jpg.rf.487c4ef187c34f4dcdd9e96a43be3cf8.jpg,1,1,0,0
140_jpg.rf.8996d27ebffdfe049cf59b63a9047f94.jpg,2,1,0,0
1297_jpg.rf.ead21173261fc69c9807a4bdab99fd20.jpg,1,0,0,0
_462_jpg.rf.f24d4599e4203b2463f5211d251f81f4.jpg,1,0,0,0
579_jpg.rf.20b859da77f04d79ba8c52d227456b2f.jpg,1,2,0,0
365_jpg.rf.1f5b40f5810e2fb5a44acb057ea11420.jpg,1,0,0,0
_177_jpg.rf.cb051e3c6048b8509380073af9c4a8f9.jpg,1,0,0,0
66_jpg.rf.9aafd10ea470665ae9fa598e7b1536ee.jpg,1,0,0,0
closed_eye_2123-jpg_face_2_jpg.rf.529c3bf68a7ef61a078a3f9bc09fb437.jpg,2,0,0,0
istockphoto-1141094706-612x612_jpg.rf.fc411c727c38911e655a277ba94e8d5e.jpg,1,0,0,2
_304_jpg.rf.77690e798240e5d11d847b81b19feb7a.jpg,1,0,0,0
423_jpg.rf.90cc90be585f12d47e50264c24dc4044.jpg,0,1,1,2
closed_eye_0314-jpg_face_1_jpg.rf.9bfe5a8f1669862f3864f649209cc5b1.jpg,0,0,2,1
_213_jpg.rf.ace2e1d1c9003fdd7c3a7ca832918eab.jpg,1,0,0,0
image_120-4-_jpg.rf.c605090dbcb0aad5d5ff42d0970bfa2e.jpg,1,1,0,1
_20_jpg.rf.7413758573d2ff54857cad07642018c3.jpg,0,1,0,0
closed_eye_2501-jpg_face_2_jpg.rf.e3a66080763026cc30ac9fe4d59449ad.jpg,2,0,0,0
1449_jpg.rf.41bfab4da19c7a56961fc11d7887fd55.jpg,1,1,0,0
797_jpg.rf.073b94d8dccfbbad79902016648fa570.jpg,1,0,0,0
_125_jpg.rf.5bd2b06fdf078b5871a42dc5a3d16511.jpg,1,0,0,0
4_jpg.rf.c280161da68d860a87b0c13ff73115aa.jpg,2,1,0,0
_351_jpg.rf.7f0764314ed34d5c96a6b5861a5d8c12.jpg,1,0,0,0
image_0400_jpg.rf.cc00bbcd9c68079c71c9819d3f3f3bde.jpg,2,0,0,0
_491_jpg.rf.929367c7d27a9d51536f1da0ee837dc1.jpg,1,0,0,0
closed_eye_0747-jpg_face_1_jpg.rf.caaef46239b4507e95492847f6b48962.jpg,2,0,0,0
221_jpg.rf.f352ee34e7360a24675c78a4d44c6fb9.jpg,2,1,0,0
s0016_00398_1_0_0_0_1_01_png.rf.e897607970fd42558a47a0b29b1725f2.jpg,1,0,0,0
122_jpg.rf.dbc5f9631831d739e798656fdeabcea5.jpg,2,1,0,0
s0018_00123_0_0_0_0_1_01_png.rf.8c21f982fb1394efbeb4ae90b9d3a72a.jpg,1,0,0,0
img_h_14250_jpg.rf.5e5ee1489508cf3cb861139a1d350b90.jpg,2,0,0,0
557_jpg.rf.0d5f1554d9f857a13e72363a9408c19d.jpg,1,2,0,0
1323_jpg.rf.198555b80468382122918c5c288be5da.jpg,1,0,0,0
closed_eye_0444-jpg_face_1_jpg.rf.edfb41aaab5a6ac5ca47deaf6a11f29d.jpg,2,0,0,0
closed_eye_1419-jpg_face_3_jpg.rf.ac3e8b770f175d2f238813dc4653d465.jpg,2,0,0,0
webcam-toy-photo7_jpg.rf.ea32aae358be09c9606be507412ce899.jpg,1,0,0,1
55_jpg.rf.51703b4dc083ad6d1937e5e7ccc1f2e7.jpg,2,0,1,1
_694_jpg.rf.b96a01f527bdcb33b9e2a915aed4da39.jpg,1,0,0,0
609_jpg.rf.0a70b1d02586160beb802f2e943a00bb.jpg,2,0,1,1
585_jpg.rf.344212fc7a62bdfd892ef76ac1301559.jpg,2,1,0,0
closed_eye_1955-jpg_face_1_jpg.rf.d7fd8e9b79dfe9dfbb8dab49f0086aa2.jpg,2,0,0,0
_178_jpg.rf.c9a3671344b7e2896fabaee4285ee9fb.jpg,1,0,0,0
s0016_00319_1_0_0_0_1_01_png.rf.73e66d4314e3436165f2a56ac1003aba.jpg,1,0,0,0
closed_eye_0378-jpg_face_1_jpg.rf.ab3adaaa4c6ffe514094456eb4fd694c.jpg,0,0,1,2
484_jpg.rf.4b3a8dbf82b7d6c54f9e0c37707c1beb.jpg,2,1,0,0
_254_jpg.rf.11ccb2ecbed2d7cfe30ad892a142d092.jpg,1,0,0,0
_67_jpg.rf.1b8e59296d9fbc2b947a70bfc101e486.jpg,0,1,0,0
713_jpg.rf.401021aa3b95e99b08802fccd064bb30.jpg,1,2,0,0
yawn-e4543c90-3042-11ec-bde6-302432df5bc8_jpg.rf.a5baaf1446aca0c429ed4d7977e439df.jpg,1,0,0,0
_663_jpg.rf.c67cbc9d9e3d610bbd9eb83413604745.jpg,1,0,0,0
_451_jpg.rf.f4cbdde308a63d256f795bef03133337.jpg,1,0,0,0
closed_eye_2374-jpg_face_1_jpg.rf.a5f62587ece92a78aa664127bcb086d5.jpg,2,1,0,0
_513_jpg.rf.4750cf3b670893bf9b12b5dbeada8c62.jpg,1,0,0,0
closed_eye_2149-jpg_face_1_jpg.rf.ea3d92b0e732e3af56a6c17ac3d2a8ef.jpg,2,0,0,0
378_jpg.rf.9f9e0c9ea4e2f772ae291be7db12e6f4.jpg,1,0,0,0
_697_jpg.rf.96baf4c6cc866d2677338cf8350b92bc.jpg,1,0,0,0
1329_jpg.rf.c3bf2a866f086b192d034161d75e8252.jpg,1,0,0,0
274_jpg.rf.3337cc7d87d75c36613c2cdf6b583cce.jpg,1,2,0,0
img_000389_jpg.rf.9638c160c4908a6d75a959fbebd22105.jpg,1,0,0,0
651_jpg.rf.444fd7d140104e64794a7e8d5c15603e.jpg,2,1,0,0
383_jpg.rf.fb12f1af48ecef0263474092b8fe7583.jpg,1,2,0,0
_304_jpg.rf.5d65d2e119d5b2a8afa348b8b08ee687.jpg,1,0,0,0
1221_jpg.rf.599decd36194a07dc1e22fefc45fe8fb.jpg,1,1,0,0
closed_eye_2297-jpg_face_1_jpg.rf.e8d4ff31e0bc77bb3a576b1bd0981fa3.jpg,2,0,0,0
_38_jpg.rf.0fdaa640ee0d6a7f2a10aa06fd21372b.jpg,1,0,0,0
closed_eye_0745-jpg_face_2_jpg.rf.6c74ba0a2e7fb4b8b45545817ea888dd.jpg,2,0,0,0
_260_jpg.rf.79f82a9506e5edf96e225918653abaa7.jpg,1,0,0,0
908_jpg.rf.de4f16e89e74fd0e55a98bcdc9e103c1.jpg,1,1,0,0
562_jpg.rf.07bcfc4d5902f16a9cb3dfd674d5c450.jpg,1,1,0,0
2217_jpg.rf.9abc063edf87c59276cacf541aa2b2ee.jpg,0,1,0,2
512_jpg.rf.7fc44ea954c61005e86bd595f4be3618.jpg,2,0,1,1
istockphoto-185268403-612x612_jpg.rf.706e20eb551237bf8689845ad25b895e.jpg,1,1,1,2
_684_jpg.rf.3f83dc1f6590e9bd93a2d12da8d982ff.jpg,1,0,0,0
closed_eye_0309-jpg_face_1_jpg.rf.f70395d55c6ec28b4250da8b8824d13a.jpg,2,1,0,0
000501_jpg.rf.7fb0c117176cd1f6e3343c702064496d.jpg,1,0,1,1
closed_eye_1087-jpg_face_2_jpg.rf.602e79cd7272e2e4c47a636cb42e69af.jpg,1,1,0,0
_605_jpg.rf.2621f41e708cf0da21c615e9daa182a2.jpg,1,0,0,0
Yimg_000168_jpg.rf.e2e13ce6e4ace2fb144c7f9af9f4cc4b.jpg,1,0,0,0
_275_jpg.rf.acdab9a856c9082975a0bc31fe47f3f3.jpg,1,0,0,0
248_jpg.rf.a1c619b5e20c1abed7ad0c2e8163ae1d.jpg,1,0,0,0
webcam-toy-photo29_jpg.rf.4f6e2e97b5952d67e876d11b8a9e035f.jpg,2,0,0,0
1323_jpg.rf.fa235347afdf27b538a48a9f24671dfe.jpg,1,0,0,0
493_jpg.rf.5fe2ceb2519c28a970a3da51fbd346ad.jpg,1,1,1,1
closed_eye_1507-jpg_face_5_jpg.rf.d23cc8ae366db72731cf07a1dd933800.jpg,2,0,0,0
19_jpg.rf.869548f6a2e2434876f75ef3627c2576.jpg,2,1,0,0
closed_eye_2753-jpg_face_1_jpg.rf.1bbcd10394fbc892d05a0f6c09eaef06.jpg,2,0,0,0
_14_jpg.rf.405da061ad32bb3e7bebc575f47ff53f.jpg,1,0,0,0
_468_jpg.rf.381228385ebfb7f7b333b4f7c4db10d2.jpg,1,0,0,0
closed_eye_1959-jpg_face_2_jpg.rf.8c1e54e1781a92c1f851c6d9e89d1b7b.jpg,2,1,0,0
314_jpg.rf.c473648e7501d043ccc278b381fbe45f.jpg,3,0,0,0
_486_jpg.rf.d18050ba4a1646036689c9c1355cc7f7.jpg,1,0,0,0
_494_jpg.rf.98d426d7f54bf66d40ed95c9704cc675.jpg,1,0,0,0
_491_jpg.rf.f5bb7c692afd7569c991e0423cfce076.jpg,1,0,0,0
closed_eye_0248-jpg_face_1_jpg.rf.421963370705c553ecb9c52c1b289198.jpg,2,0,0,0
_5_jpg.rf.605c44ab199b102c8b42da1356e0b703.jpg,1,0,0,0
1441_jpg.rf.68c42ceff3b59563649e11ad2e32b5fa.jpg,1,1,0,0
closed_eye_1382-jpg_face_2_jpg.rf.7540cb8fcb920948372052d39e20759a.jpg,2,0,0,0
639_jpg.rf.035bedd4159866e02713325d4ce178ad.jpg,0,1,1,2
closed_eye_0095-jpg_face_1_jpg.rf.7c2e193d8b5e180eb57bab123a6324b3.jpg,2,1,0,0
closed_eye_0094-jpg_face_1_jpg.rf.f67d25c43b9b36a26d84af11ede2297d.jpg,2,0,0,0
644_jpg.rf.bb57691e57cb3a71334ab2311efcd2d6.jpg,1,2,0,0
images-36-_jpg.rf.6aba9b9d494f707c3b21694c5bd0fc9f.jpg,2,0,0,0
_143_jpg.rf.76a4c0d0401ae3f412ffa6033c2247bc.jpg,1,0,0,0
yawn-91cd16dc-3043-11ec-803d-302432df5bc8_jpg.rf.06c9980ec357b6dec192f591a67655f1.jpg,1,0,0,0
496_jpg.rf.dbab520fcddb4ea86696e029b7582848.jpg,1,0,0,0
_618_jpg.rf.aa828b4b97a1ed8d0201798fc2282065.jpg,1,0,0,0
closed_eye_0860-jpg_face_1_jpg.rf.8858ddf07281dfffc213cfaf131862eb.jpg,2,0,0,0
_0_jpg.rf.b1bcdd59f583df6acd2c1ca7e0990c4f.jpg,1,0,0,0
closed_eye_0682-jpg_face_3_jpg.rf.c177ea92ae68a7ed6cc5c3882087f616.jpg,1,1,0,0
242_jpg.rf.2ad4bcc82d3d09230c7ddb6e2635b47b.jpg,2,1,0,0
_301_jpg.rf.dfa112ed60eb68f710dcad068cc1cdb8.jpg,1,0,0,0
istockphoto-1059102872-612x612_jpg.rf.2846d22ac143a01b48365215a4e8befc.jpg,1,0,0,2
2_jpg.rf.d9fd20b5b29b4735a6e6f3a7eb87b71a.jpg,2,1,0,0
497_jpg.rf.ec0fcac5b71e319294c02cc2e08780cd.jpg,1,2,0,0
istockphoto-1197160915-612x612_jpg.rf.3f9eccb8f166a70ea8bf52690a8ffab3.jpg,1,1,0,2
closed_eye_2780-jpg_face_1_jpg.rf.2de867ae364488bfedb3db63fc32807c.jpg,2,0,0,0
closed_eye_1358-jpg_face_1_jpg.rf.7bf80cdfa3d9a64af5943cd8f9a2e528.jpg,2,0,0,0
closed_eye_0302-jpg_face_2_jpg.rf.ccc46fb28602fc8df577077d50a7d20d.jpg,0,2,0,1
1334_jpg.rf.62ca44512976cc917b500023c2a1fe1e.jpg,1,0,0,0
_438_jpg.rf.8e447210435a18aa43d23e62d69f8a43.jpg,1,0,0,0
_706_jpg.rf.0adef8939afafc6ff5dac0597a9fa0fe.jpg,1,0,0,0
87_jpg.rf.1e80b7191d462af6c02b85d1ac4ac4f8.jpg,1,1,0,1
closed_eye_0324-jpg_face_1_jpg.rf.0416ec142dad135eb26499fa946f4515.jpg,0,0,0,2
788_jpg.rf.f4ca19adcee4986ead066d2253f47523.jpg,1,2,0,0
_639_jpg.rf.56eafe6588264af75836155d7531705c.jpg,1,0,0,0
_583_jpg.rf.a22bcd116f4a98daa843aa4bf939717a.jpg,0,0,0,1
_553_jpg.rf.8259836b011f2c70833c585730361861.jpg,1,0,0,0
_501_jpg.rf.3d2f6b76ec1f6cd339ac8081e2b83615.jpg,1,0,0,0
_209_jpg.rf.fc3e9fda12696198aa085ebee3467fbc.jpg,1,0,0,0
780_jpg.rf.115caef033ec9d10ac032a71f3613ba5.jpg,1,1,0,1
399_jpg.rf.018254daabf53f91cbd455ec0a289203.jpg,1,0,0,0
closed_eye_2065-jpg_face_1_jpg.rf.b3f6eabc5af2fbfe95f89f123815fd46.jpg,2,0,0,0
1982_jpg.rf.a1abf35a890c6e865986551c1c3f4881.jpg,2,0,0,0
_361_jpg.rf.37fee4b117d577349815847d51961b3d.jpg,0,1,0,1
s0018_00074_0_0_0_0_1_01_png.rf.a5817cb3d36eaa1f9b6cb302506625e1.jpg,1,0,0,0
_182_jpg.rf.3eb29849fcf82c6a6af9064355083569.jpg,1,0,0,0
closed_eye_1267-jpg_face_1_jpg.rf.548d494d76184b394af7eac9bdf45258.jpg,2,0,0,0
closed_eye_0472-jpg_face_2_jpg.rf.e1574878460f413b1593aded2eaf7ff1.jpg,2,0,0,0
2623_jpg.rf.509bd5a5f70c479feab9b156009c67a8.jpg,2,0,0,0
closed_eye_1865-jpg_face_3_jpg.rf.1babbd356ae056d23df72971f7e619a7.jpg,2,0,0,0
_46_jpg.rf.b58ad54356542c316099a2b0fa5094f8.jpg,1,0,0,0
446_jpg.rf.c1ae17c23265f081bd422e88d92d3a30.jpg,1,0,0,0
_522_jpg.rf.45a60df2d6a770c1e23fc4dbea9613f8.jpg,1,0,0,0
s0016_01633_1_0_0_0_1_01_png.rf.3c8148686088494ff8a2d76977e1a97b.jpg,1,0,0,0
_268_jpg.rf.58518ee4bd3bffb531ed90d3581137d9.jpg,1,0,0,0
s0016_00386_1_0_0_0_1_01_png.rf.bfb7d1a5723ea6dbf5619aaf191e6f15.jpg,1,0,0,0
_166_jpg.rf.0637438c7faa26f6b8abca7457f6a857.jpg,1,0,0,0
closed_eye_1076-jpg_face_2_jpg.rf.8aa67737812f0e27ac2d0ddb9d9a2007.jpg,2,0,0,0
_464_jpg.rf.d7fc67d20653dd78ce0a373fbb1cd5cf.jpg,1,1,0,0
57_jpg.rf.7d6f05f1305f2c9e15732b523045c7f2.jpg,2,0,0,1
webcam-toy-photo1_jpg.rf.33dc405822561989010ca4a26f5f44a0.jpg,1,0,0,1
_219_jpg.rf.ec91b551e76d0a7b65986a2a89068c74.jpg,0,0,0,1
133_jpg.rf.16617070dfde6164982e1cd46f3e2c28.jpg,2,1,0,0
330_jpg.rf.fca55a7e189b006933a2e406e9cdb278.jpg,1,0,0,0
_103_jpg.rf.dcc7136eb4d305b8ae4275f37530a6f6.jpg,1,0,0,0
s0012_08387_0_0_1_1_0_02_png_jpg.rf.73c835e154e8250287aba7bf1b20bfe8.jpg,0,0,1,1
639_jpg.rf.f32156f16b5175b7316f0d2f908cf841.jpg,1,1,2,1
img_000488_jpg.rf.5af37130007fdecf54f6f1f5f6c09e40.jpg,1,1,0,0
496_jpg.rf.c9c57997c8ed96b1a26f5429a99bd825.jpg,3,0,0,0
Yimg_000049_jpg.rf.76930087d6b5fc330422ab60162bc534.jpg,1,0,0,0
_494_jpg.rf.107d0383010ad7bba74c63b70bab3725.jpg,1,0,0,0
74_jpg.rf.20e2cf09e941174fb7356ab252731e92.jpg,1,2,0,0
1244_jpg.rf.df41578fbdc265d115c2faa4b87b4e20.jpg,1,2,0,0
_390_jpg.rf.9ef64de5f48ebac0945cb453deb7d98b.jpg,1,0,0,0
img_000441_jpg.rf.daac4231ff2b95359dea20d070010c9d.jpg,1,1,0,0
istockphoto-1175477986-612x612_jpg.rf.beb4faa6c4599c124a671eb745aa0638.jpg,2,0,0,0
_383_jpg.rf.13fc32f118b68063dbfdcfd49677c08b.jpg,0,0,0,1
495_jpg.rf.f3f65ecd40f41c2b15202ce68de5e579.jpg,3,0,0,0
istockphoto-642066616-612x612_jpg.rf.9eacdb30b18d1407b7960f6f0acd0339.jpg,1,0,0,0
1212_jpg.rf.cca31f81fedb273f58669bcc01f12dec.jpg,1,0,0,0
_551_jpg.rf.af2018697282e6f9ec5787752677679b.jpg,0,0,0,1
291_jpg.rf.53b7e1ba53939c73a9ce93b4706b74f0.jpg,1,2,0,0
closed_eye_1594-jpg_face_1_jpg.rf.cc33849671071613c94b81a612b679b1.jpg,2,0,0,0
closed_eye_2029-jpg_face_1_jpg.rf.74f0aa2e66cb346df5804d1a9165a8d9.jpg,2,0,0,0
_559_jpg.rf.4b1b43051b7bed8aa845384c6bb92ec9.jpg,1,0,0,0
_202_jpg.rf.121cf07a15bc0f8eb50064ec94308659.jpg,1,0,0,0
625_jpg.rf.a1501968c0924f653e5683ef185dfdbf.jpg,1,0,0,0
77_jpg.rf.959cae6653a795af628449b27cd96159.jpg,1,2,0,0
551_jpg.rf.a6301a9a1a4ee69dbabda553f0383006.jpg,2,1,0,0
113_jpg.rf.519ad30f61813e3dba09116f801a986d.jpg,2,0,0,0
1322_jpg.rf.49e058287417d359376118854f2b4f9e.jpg,1,0,0,0
171_jpg.rf.57d4bbd53d6145c3c1d04834d900b488.jpg,1,0,0,0
1630_jpg.rf.67dbfba5c95b624191c00760d800e705.jpg,1,0,0,0
closed_eye_1691-jpg_face_3_jpg.rf.7c1a1852523ba212262d8c34162d801d.jpg,2,0,0,0
382_jpg.rf.35ab859ce066099795d17c03ff707584.jpg,1,1,0,0
493_jpg.rf.e57cdc88af041d21993f443504bddb30.jpg,1,0,0,0
5_jpg.rf.877f151bd56112d444ad5e8b0013ae59.jpg,3,0,0,0
1199_jpg.rf.8c1198e7f8a8e62f8196f4e955b5dd4b.jpg,1,0,0,0
181839385_1_jpg.rf.1dd2d712aea31cb4e69d9e255f85afa0.jpg,1,0,0,1
233_jpg.rf.754656c13fb864e5a8ad7fc02e80bfd1.jpg,2,1,0,0
699_jpg.rf.dc04cca2323069c24e06b8d27f22f57b.jpg,2,1,0,0
_175_jpg.rf.ada6114cd2cbc86c75650735ba0b41e6.jpg,0,0,0,1
_281_jpg.rf.ebc8394a0fa476b274ce758165a37f0d.jpg,0,0,0,1
415_jpg.rf.c1d623a85731565e9bf2178628e76b29.jpg,2,1,0,0
closed_eye_0247-jpg_face_2_jpg.rf.bb5eba36e4e2aac042f24a69cd9fd9e9.jpg,2,0,0,0
img_k_8490_jpg.rf.a043b61ce696181f9853687a0a7e1238.jpg,2,0,0,0
369_jpg.rf.e838b857809ec20eb48aa6a7e983cfad.jpg,1,0,0,0
756_jpg.rf.5b1d4d0f43b72703a697ff2ae98a8688.jpg,2,0,0,0
img_h_7770-Copy_jpg.rf.45efd02df58542c394ef06c8a6618b21.jpg,2,0,0,0
458_jpg.rf.3e8466f54cec1bbaf87e020226a0a1cf.jpg,1,0,0,0
istockphoto-1203763186-612x612_jpg.rf.131483f2f52f39520f6e76c660056be4.jpg,2,0,1,1
245_jpg.rf.71813f0d9af602e9b53ab8fd50618fdf.jpg,1,0,0,0
1061_jpg.rf.0bbd6482e6ff964a178f2a41479b41e6.jpg,2,0,0,0
290160311_1_jpg.rf.9bef5909b1d575a8d9d72ef72356998f.jpg,2,0,0,0
_479_jpg.rf.5474eea05031bc6fce109e0921e02876.jpg,1,0,0,0
_254_jpg.rf.cdf9b0b9a4969e6d2a1652b42b007fde.jpg,1,0,0,0
s0037_00192_1_0_0_0_1_01_png.rf.51bf9c78fe560c2c9d7d607c50d55b8b.jpg,1,0,0,0
WIN_20220809_14_39_56_Pro-2-_jpg.rf.ccf8c92cb95540afdf0bac591dcfb175.jpg,1,0,0,1
425_jpg.rf.81d16efdf40764734c323689be18ab58.jpg,1,0,0,0
1146_jpg.rf.1db59fcb23cee713e7e2afbcf6d39c0f.jpg,1,0,0,0
closed_eye_2491-jpg_face_1_jpg.rf.cbef984fd0e56c6a1322501d6708f84a.jpg,2,0,0,0
closed_eye_1537-jpg_face_2_jpg.rf.0ff96af19baf7c005aeac2bfcad3f320.jpg,2,0,0,0
Yimg_000284_jpg.rf.32a8c70c6a86c24e2d3feaf1fbf05388.jpg,1,0,0,0
closed_eye_1776-jpg_face_3_jpg.rf.c07b32316b0c741b1fe554dd4d0adf1d.jpg,1,0,0,1
_169_jpg.rf.42d582611dc69e77729733e2d9254ea2.jpg,1,0,0,0
135_jpg.rf.7a314beaa0eec492513b6ebcc501f88a.jpg,0,0,0,1
closed_eye_1260-jpg_face_2_jpg.rf.6be780639d701a1bd37525d339f8d8ea.jpg,2,0,0,0
254_jpg.rf.54b6711de69f11436f04685bac0827da.jpg,0,2,0,1
_140_jpg.rf.90a9c5b4d9dec1769daa2d7b401c82e1.jpg,0,0,0,1
2656257353_1_jpg.rf.a6118ef9fe79e12f809d3ba0b4ea3f00.jpg,2,0,0,0
_302_jpg.rf.2a2dbbcf42cf93052ac57b67fb55945c.jpg,1,0,0,0
73_jpg.rf.3601a825448cbad1e10bd72b1555f111.jpg,1,0,0,0
_93_jpg.rf.a84da032a9d9c4a0b0bd6b7bccab6c47.jpg,1,0,0,0
000600_jpg.rf.dfb1249081793279b3cc992dd3290d3c.jpg,2,0,0,0
Yimg_000043_jpg.rf.b2474567415b761a637c458dbfc5d172.jpg,1,0,0,0
128_jpg.rf.94c4f58cbc1420ae9ce80938a46eb145.jpg,1,1,0,0
12_jpg.rf.f825cdc35eb55a6babcd3a406f40edd2.jpg,2,1,0,0
66_jpg.rf.e915b6012c06c4837a614df250974f88.jpg,2,1,0,0
3515_jpg.rf.9ae99b2380b4582098e91f4374cfd33f.jpg,1,0,0,0
_27_jpg.rf.2ea6a9a5144bc560adc553e210799912.jpg,1,0,0,0
img_h_330-Copy_jpg.rf.ddb42a9b270fe03d65d7ec0fd8e7628c.jpg,2,0,0,0
113_jpg.rf.fcc6067ef54af2deb420ee70e3f86dc0.jpg,1,2,0,0
_615_jpg.rf.0390c8f164628435721ec9bbfc541b31.jpg,1,0,0,0
3199_jpg.rf.0f4bd50fa3ba020f642d1ef5d163fba2.jpg,0,0,1,1
_417_jpg.rf.4a56a31597533fecaa3b3b14f8d50a79.jpg,1,0,0,0
img_000504_jpg.rf.cf1d761bf28af9c5e3d7d579db0ecfa1.jpg,1,2,0,0
1032_jpg.rf.6a12a633f752f83956b443fa9267258f.jpg,2,0,0,0
_94_jpg.rf.771587f3d5d5392f8f903a6ae9444a34.jpg,1,0,0,0
82_jpg.rf.58d6fdbb87e56d6ade946472b8107204.jpg,2,1,0,0
1150_jpg.rf.8a77cc312426b0b1a72652e61f640895.jpg,1,0,0,0
1371_jpg.rf.5ffb8e7e0def0d1326a893885d880756.jpg,0,0,1,2
s0034_00019_0_0_0_0_0_02_png.rf.c2b862bf2e08ff1f60f7bec28d6a3c25.jpg,1,0,0,0
851_jpg.rf.58edb09659178687dc8b443273575127.jpg,1,0,0,0
538_jpg.rf.94c7b8862608f85e41160a972207d7a6.jpg,1,2,0,1
image_0160_jpg.rf.889102353f833c1f5d8cbf1747a5f832.jpg,0,0,0,2
47_jpg.rf.d5133b8d58cadfe8ccda181c513e524b.jpg,1,1,0,0
s0014_08078_0_0_1_1_1_02_png_jpg.rf.f20b8141fdc7b26290e76a90df6fb044.jpg,1,0,0,0
_376_jpg.rf.86d0c6f382dec4bd44ac30c3eea86c7f.jpg,1,0,0,0
Yimg_000210_jpg.rf.b298f513cf26ecea1f515f76d749b00a.jpg,1,1,0,0
closed_eye_0695-jpg_face_2_jpg.rf.dc87a1312baaedd8e50d95609ac0459c.jpg,1,1,0,0
_534_jpg.rf.23d1aff249e819cf8befee4b487e27c3.jpg,1,0,0,0
closed_eye_2408-jpg_face_1_jpg.rf.292d6ae252637f8767a9dd3e53c69d3d.jpg,2,1,0,0
s0036_00016_1_0_0_0_1_01_png.rf.d2eeb6c91e3a7441f6b70b12e84d9277.jpg,1,0,0,0
849_jpg.rf.05190d0d2a2b797c39b75e628a95fe60.jpg,1,0,0,0
504_jpg.rf.ef7a50e470df93ca0b50701ccfebf247.jpg,1,1,1,1
_645_jpg.rf.43a973bf90b2ee31c05c7153250f6059.jpg,1,0,0,0
istockphoto-1212715246-612x612_jpg.rf.30c59ebcefbbb7a0cac83ebf3c8f6d81.jpg,1,0,0,1
closed_eye_0892-jpg_face_1_jpg.rf.3867d36e6a4da790f2fd7dfb07c62ff0.jpg,1,0,0,0
_689_jpg.rf.004ede569f292cd3d174e35ad22bfb05.jpg,0,0,1,1
img_000486_jpg.rf.ae155b200de1a206d305669d7d579e79.jpg,1,2,0,0
_663_jpg.rf.cdc39fea3de8edd2e41b3578aed8bebb.jpg,1,0,0,0
closed_eye_1419-jpg_face_3_jpg.rf.fc7661318bd66b2416045e56875762af.jpg,2,0,0,0
433_jpg.rf.41bd5f7fa3d4214d650266c11098c1a8.jpg,2,0,0,0
439_jpg.rf.4249a3a36090dbfeebf5b7763bc0d5a6.jpg,1,0,0,0
closed_eye_0866-jpg_face_1_jpg.rf.e685b694a91b289b37c9c9b4269f870b.jpg,2,0,0,0
Yimg_000281_jpg.rf.0f10679d43ef20d228f6f51bc29f3114.jpg,1,1,0,0
Yimg_000242_jpg.rf.2f312d1c370d46937dd7be1217d59a61.jpg,1,0,0,0
image_30_jpg.rf.13487a67ab259ac02fde482da865a06a.jpg,2,0,0,0
_90_jpg.rf.afa9ae32f90e93edebc509d36ddf15af.jpg,1,0,0,0
closed_eye_1195-jpg_face_1_jpg.rf.8bd6c59d210031df7493f48e76ece0c7.jpg,2,0,0,0
649_jpg.rf.fab9beb1e7948a4020e57674a2f7e5cf.jpg,2,1,0,0
101_jpg.rf.8ceecd18e9b83ac2070c9dcec5cd076a.jpg,0,0,0,1
photo_3_2023-05-02_17-59-15_jpg.rf.6746511b04e5c780f150cdee5203aaab.jpg,0,0,0,2
WIN_20220809_14_39_57_Pro-2-_jpg.rf.691a0da6767cf3ac4654f888e40d8187.jpg,1,0,0,1
593_jpg.rf.4114afde58e5397c772c9a3feabc3f0d.jpg,2,1,0,0
3206_jpg.rf.e69f397d95e6b48764a0861e86c24e6a.jpg,1,0,0,0
_443_jpg.rf.f37e3d13236b45c2aeadee456ab55e6c.jpg,1,0,0,0
154_jpg.rf.871f55d6b910f5b016c0d283f9eca2c8.jpg,1,2,0,0
9_jpg.rf.5639116f8f84e299b26e39674b48017a.jpg,2,0,1,1
closed_eye_2528-jpg_face_1_jpg.rf.f554cf65a65c98572fd3d486e1da30bd.jpg,2,0,0,0
_251_jpg.rf.386442ffc21ac501cb669b248e491634.jpg,1,0,0,0
closed_eye_1582-jpg_face_1_jpg.rf.e31a5fcc3f966df2576c206013fb4934.jpg,2,1,0,0
closed_eye_0279-jpg_face_2_jpg.rf.e0e578f6dfcbe02510e9417e981d0356.jpg,2,0,0,0
closed_eye_2773-jpg_face_1_jpg.rf.a619d9aa8182b53e99fd86d08129b18e.jpg,2,0,0,0
_526_jpg.rf.a190ecef24e6aeada381709f978e8e47.jpg,1,0,0,0
closed_eye_0282-jpg_face_1_jpg.rf.45d6cd7e0553517ed1d6528a8364e0be.jpg,2,0,0,0
561_jpg.rf.660a6141ff4eb1f9d4099cf1f268da8a.jpg,2,1,0,0
1278_jpg.rf.bc2babec14fac3f7bcf914a06e356929.jpg,1,2,0,0
433_jpg.rf.8aff64419ff362c8e577ce62dea85995.jpg,2,1,0,0
_434_jpg.rf.ac50b73f780aa666c39b9d5b68aa1dcf.jpg,1,0,0,0
000142_jpg.rf.4eec572236b1818e20ebf2a869e4b72c.jpg,2,0,0,0
closed_eye_2079-jpg_face_1_jpg.rf.413386a80024ba7078cd887130663e13.jpg,1,0,0,0
330_jpg.rf.07c4bc2f03206fe52ab583289dc8b591.jpg,1,0,0,0
277942089_1_jpg.rf.b83f92ab743106e5f70ee0cce4b57c2c.jpg,2,0,0,0
000371_jpg.rf.866c09b969bc64a06d72b1f205cf359e.jpg,2,0,0,0
982_jpg.rf.795ba6551f1fb6ed669a413846aadfe7.jpg,2,0,0,0
172972325_1_jpg.rf.5b24cf4d5cb35394973cd5aa49c4bf17.jpg,2,0,0,0
_549_jpg.rf.a6ff6decd4ad61777a13a39181c7eabf.jpg,1,0,0,0
3229_jpg.rf.f453ce20883d5af7f01cc81c4b8d6784.jpg,1,0,0,0
164_jpg.rf.aeb825bd9950af55795e497a38229ddb.jpg,0,1,1,1
img_000490_jpg.rf.ecab79532233343d301d9e4acd639aab.jpg,1,0,0,0
_233_jpg.rf.53b07aefc496c3e891cefa681e257f6c.jpg,1,0,0,0
closed_eye_1286-jpg_face_2_jpg.rf.bd134f65f7e96fdef38202a127bffc6d.jpg,2,0,0,0
191895648_1_jpg.rf.3824a0314a2009b2be41960d588c2012.jpg,2,0,0,0
_223_jpg.rf.4823a8885b2ed648f6d0da8432dcf35e.jpg,1,0,0,0
597_jpg.rf.fd65b5151ebdcb57bbdb20060457976f.jpg,2,1,0,0
_548_jpg.rf.fa5864e05506d9c2e8ede4f41a2d4bc6.jpg,0,0,1,1
closed_eye_0503-jpg_face_1_jpg.rf.a35586713e678256b668230da3a5584d.jpg,2,0,0,0
_650_jpg.rf.06eddfe264745e0fe37c9728474d5719.jpg,1,0,0,0
81_jpg.rf.41a9cfe42228045bcd6334dd4d153334.jpg,1,0,0,0
358_jpg.rf.dfcacb47515bcb3c342c1b5b5097bd19.jpg,1,1,0,1
img_000451_jpg.rf.b9636619793a9b1b14144a56c3837bba.jpg,1,2,0,0
closed_eye_0334-BMP_face_1_jpg.rf.aa0456ac0e259e7bc80c961c7e09d4c5.jpg,2,0,0,0
719_jpg.rf.b6a6711ac1897eb61e82fbcd8fa2e2cf.jpg,1,1,1,1
_148_jpg.rf.9f09d322e2ec7e52779ccdd1877e535a.jpg,1,0,0,0
closed_eye_1946-jpg_face_2_jpg.rf.d81663e4caac8ec43bf8b991bbdd286d.jpg,1,0,0,1
closed_eye_2145-jpg_face_4_jpg.rf.07dcb5f91837bdba3dcc4d875b05ca88.jpg,2,0,0,0
289_jpg.rf.a87522f3c9308ee9e35672aaf933a7c3.jpg,1,1,1,1
_536_jpg.rf.a3c946586ceb7ffd629a78f8c30067c9.jpg,1,0,0,0
431_jpg.rf.a7f40d6f660141c21d1046d76b9fde5a.jpg,1,0,0,0
118_jpg.rf.5711dc09fe47155d326405ff3e13c936.jpg,1,1,0,0
_672_jpg.rf.4bbe826872fbb4de711c4286b59473dd.jpg,1,0,0,0
_242_jpg.rf.55268e0312bf7ba2960c8df5c277fe61.jpg,1,0,0,0
closed_eye_0251-jpg_face_1_jpg.rf.5260ca5b9576293e6d15138c723d5bdc.jpg,2,0,0,0
_675_jpg.rf.381cd22a6f2933faee2b26fcfd520746.jpg,1,0,0,0
1363_jpg.rf.52fc7a5c903666b8ea1c8d4ba6c39967.jpg,2,1,0,0
206283602_2_jpg.rf.44f03da8a53b2a115bd87871a4477120.jpg,3,2,0,3
_52_jpg.rf.0f19ed0369697f040001415e2f7dbb1a.jpg,0,0,0,1
151_jpg.rf.97aa4c9c9c29edd040e2e40723a5f25b.jpg,1,1,1,1
closed_eye_2207-jpg_face_1_jpg.rf.ab27bbbd5f2b78ce3e52c1497c0cdd97.jpg,2,1,0,0
yawn-8a6c4f9a-3044-11ec-938f-302432df5bc8_jpg.rf.35a72fdc64bd3173ebf0532a240d7a91.jpg,1,0,0,0
_141_jpg.rf.74ca0110781d5abfd2759d270325e488.jpg,0,0,0,1
istockphoto-1281450285-612x612_jpg.rf.20a6636801f3a4555f9daf50676150b5.jpg,2,0,0,1
img_000447_jpg.rf.753d3ae21ff56553fb03a458ce3d4d9a.jpg,1,0,0,0
3705_jpg.rf.6c0eea73b80074dadbfbf45c6b8b8aa9.jpg,1,0,0,0
s0016_01444_1_0_0_0_1_01_png.rf.2b9d74a18f287cff99af71246e89cd48.jpg,1,0,0,0
closed_eye_1356-jpg_face_10_jpg.rf.9d9fb313f5b814cad44ed8d9673a516b.jpg,2,0,0,0
_606_jpg.rf.10fdc65a47d93f515dc23afa72d42c7c.jpg,1,0,0,0
3716_jpg.rf.aa4c641d95bd06c3d6fb16cbc490c22d.jpg,1,0,0,0
s0017_00033_1_0_0_0_0_01_png.rf.cc14f925bc2f50dc6ec61ebc5b4bc111.jpg,1,0,0,0
150557677_1_jpg.rf.e880ba8316483afb382e301ea66ebd03.jpg,2,0,0,0
_596_jpg.rf.2f4ba0d506dcc889d80cf7d06f1d9857.jpg,1,0,0,0
446_jpg.rf.d95171e8b2f0ec9f628f73b007f3be7e.jpg,1,0,0,0
s0036_00008_1_0_0_0_1_01_png.rf.56dc53ee197ea759ea0e30e73da0c763.jpg,1,0,0,0
_480_jpg.rf.18c963f7a285186350dd6701637a1973.jpg,1,0,0,0
WIN_20211018_21_12_41_Pro_jpg.rf.1ecc17fe129a70006e95dde356cc7018.jpg,1,0,1,0
closed_eye_0288-jpg_face_1_jpg.rf.51eb9fcb65e785ac0ddfe0da5f3960ea.jpg,0,0,2,1
_674_jpg.rf.a7a463380abc8608db334751123404d8.jpg,1,0,0,0
856_jpg.rf.3f29d995e2d88e118627c64e616becca.jpg,1,0,0,0
closed_eye_2792-jpg_face_1_jpg.rf.464b4ee7c73770e8cc6f94247efb8b1b.jpg,1,1,0,0
477_jpg.rf.093dd9343bb87b00bc8ca0f375fbdcc9.jpg,1,2,0,0
1296_jpg.rf.25cd7443e83b912d5a2754ed200e1539.jpg,1,2,0,0
_101_jpg.rf.2c85fdf4b300ba31d4c51c4557ed1e43.jpg,1,0,0,0
_537_jpg.rf.44363127a966761b7d839f378f321c29.jpg,1,0,0,0
closed_eye_2601-jpg_face_1_jpg.rf.3e1252fd2a3fa09e3f79d0bce2f0a09b.jpg,2,0,0,0
closed_eye_2746-BMP_face_2_jpg.rf.54359bbbe8d5bb730767faeb9161d443.jpg,2,0,0,0
closed_eye_1808-jpg_face_1_jpg.rf.2a948e9e726e4007c18b631874e61b32.jpg,2,0,0,0
209_jpg.rf.6823b6688f62a927e2c42240e6bd893c.jpg,1,0,1,1
img_000571_jpg.rf.4d7f485af989b349009b0b2d2aa631bf.jpg,1,2,0,0
7_jpg.rf.3884daa0809c65371b71fa057162321e.jpg,1,2,0,0
img_000432_jpg.rf.9a789d2a7c1eb9d9d2f39c533ad7171c.jpg,1,0,0,0
498_jpg.rf.70342a2781e9523222258e5250fa455b.jpg,2,1,0,0
_81_jpg.rf.237e37bdcf0b89e910880b1620d04d73.jpg,1,0,0,0
closed_eye_2122-jpg_face_1_jpg.rf.5ec57ad72e2bb81a0c876787c763acaa.jpg,2,0,0,0
closed_eye_1622-jpg_face_2_jpg.rf.c7cb7634c6310128b97d1b57312c12ed.jpg,1,1,0,0
_180_jpg.rf.d914339bb26d9ba39ddd9d35d6396b86.jpg,1,0,0,0
77_jpg.rf.340c7bac42967947d6c42c50cc958975.jpg,1,0,0,0
_37_jpg.rf.964ea52f5e6b3c3ce824bbee3539db4d.jpg,1,0,0,0
203_jpg.rf.166ca988ec7251d2614c17d45d975c2a.jpg,2,1,0,0
2707642783_1_jpg.rf.7f8ba3135e7d93579b27e442012d9e8c.jpg,2,0,0,0
1122_jpg.rf.7538680ddce5ab740a2bbf1d92b2a79b.jpg,1,0,1,1
_117_jpg.rf.105bac3d4d9e70214b7aab1b97152b27.jpg,1,0,0,0
s0016_01709_1_0_0_1_1_01_png.rf.af1b61f7057cef6e28b93432a963afd9.jpg,1,0,0,0
2091_jpg.rf.ec1a129b6fb0dc2dee8f4c13d0e3719d.jpg,2,1,0,0
3493_jpg.rf.93447899779397db2b6d5a5f79201d42.jpg,1,0,0,0
_362_jpg.rf.cd9d9d2f7831769168c2fb84e6ba28e9.jpg,1,0,0,0
412_jpg.rf.2d4ca9ce46ca61b51323ac8a5706d3c4.jpg,1,0,0,0
1627_jpg.rf.53ee7478c9247b12d349a791711e8b0d.jpg,1,0,0,0
100_jpg.rf.63acff2d684daf0d433cb8f5733095f3.jpg,1,2,0,0
_171_jpg.rf.f30c5f45090011746ca54e1e15f50719.jpg,1,0,0,0
_479_jpg.rf.5e7b2199b805a737cb0655a3e4490085.jpg,0,0,0,1
544_jpg.rf.65e58ebef2e95a5f7986b43751973726.jpg,1,0,0,0
_445_jpg.rf.edf49bd351ad7134e9763081f0ac9d7e.jpg,1,0,0,0
_664_jpg.rf.e4f8d6a4a2ed1891edd4a7f381d76bed.jpg,1,0,0,0
webcam-toy-photo40_jpg.rf.2c4b6ab8a927a547166dcdc76bf092ce.jpg,0,0,0,1
_489_jpg.rf.88fc055154e92a69348697ea015fb779.jpg,1,0,0,0
PIXECT-20220526010310_jpg.rf.0d0489587c8cb8088183832629e26f96.jpg,1,0,0,1
Yimg_000154_jpg.rf.ec827304d948e5ea5adaa97c7ff1d3cf.jpg,1,0,0,0
2692799934_1_jpg.rf.fe1ea2ec062916ee501942be7b44988f.jpg,2,0,0,0
_400_jpg.rf.12afc89422412571a096c37feb7f7b8a.jpg,1,0,0,0
278_jpg.rf.3000b258ffd15d015342f6f18372b9ee.jpg,0,1,1,1
189_jpg.rf.09caa2e5d2e3d25b3b71fe9ae3b6552c.jpg,1,0,0,0
_86_jpg.rf.7dd18092c5dab8c6991a22b113be7149.jpg,1,0,0,0
closed_eye_1434-jpg_face_1_jpg.rf.45a40e7a20bbed143ad022638da71713.jpg,2,0,0,0
_342_jpg.rf.333a182575b1646deb9da353f1e196e9.jpg,1,0,0,0
closed_eye_0721-jpg_face_4_jpg.rf.f1434450ad266e7b4a5243d087c6b9d1.jpg,2,0,0,0
_16_jpg.rf.0b74fbcc4b8c70f6f623cad6c039983b.jpg,0,1,0,0
s0018_00121_0_0_0_0_1_01_png.rf.410f42bd76af8ac5df81f595824857d1.jpg,0,0,0,1
618_jpg.rf.49eb806de9248fe9055f0120f22876e4.jpg,2,0,0,0
579_jpg.rf.f7e516b3adfa747635d42781b71d0677.jpg,1,1,0,0
_44_jpg.rf.74b49aa1402277ec148e3b435616d821.jpg,1,0,0,0
1125456779_1_jpg.rf.93b9a5bec5613a1074eeb508d5faa6ed.jpg,1,0,0,1
_653_jpg.rf.503f65e425dabefe31f74dca15282cc5.jpg,1,0,0,0
112_jpg.rf.727f585f08cd83c4f9c4a09558204cd1.jpg,1,1,0,0
384_jpg.rf.4986ac8a280dbc8fae1d9e66d78b9501.jpg,2,0,1,1
istockphoto-926375642-612x612_jpg.rf.cbb99ba9dbac72e49bff923340e4314b.jpg,1,1,0,2
_603_jpg.rf.c7705744a340df11cc285e2e5ee3d7d4.jpg,1,0,0,0
images-41-_jpg.rf.07b89cb99cbc936e8e25745873ddb530.jpg,2,0,0,0
closed_eye_0486-jpg_face_2_jpg.rf.494234fa3ff843eaea27ed59e41325b7.jpg,2,0,0,0
_605_jpg.rf.2164d0654c8c3f8d4e811e0231585caf.jpg,1,0,0,0
000030_jpg.rf.8627f36f462e4a1d3c16a3c67c563638.jpg,2,0,0,0
000014_jpg.rf.a9246b08205cbb14574d558138f758c0.jpg,1,1,0,0
305_jpg.rf.b66ffba6cb9dbf9d841429c0b7a3638d.jpg,1,0,0,0
_670_jpg.rf.7a6cf857f12b16f79653d93cbdc72185.jpg,1,0,0,0
445_jpg.rf.536d469ec6f3901fac66fdcc26554b10.jpg,1,1,0,1
Yimg_000196_jpg.rf.a32d08fce1d35a501fa193c59b409cca.jpg,1,1,0,0
_231_jpg.rf.ef7593a337a3a177564ceb8893686e32.jpg,1,0,0,0
img_000387_jpg.rf.ca9997349e2db4ab13f6e106c220045d.jpg,1,0,0,0
closed_eye_2511-jpg_face_1_jpg.rf.ec070021f9963dbc1bf2d8c4065195a1.jpg,1,0,0,1
_278_jpg.rf.fad279731b4e2f65f92ce39fb4502642.jpg,1,0,0,0
closed_eye_0469-jpg_face_1_jpg.rf.af12726fddadb058445a31e9af919a50.jpg,1,0,0,0
images-23-_jpg.rf.bf3924caa8c0d9fd77de0c1b29cc4255.jpg,1,0,0,0
closed_eye_2545-jpg_face_2_jpg.rf.a6b4286b3ca1f8ab64c03560a5839a08.jpg,1,0,1,1
1090_jpg.rf.6dcae63e44fad92ac96090bf863acf02.jpg,1,0,0,0
_79_jpg.rf.c14f44fe38bb35706b0b29b57c640c37.jpg,1,0,0,0
closed_eye_1621-jpg_face_1_jpg.rf.cb0fcc8fde68d4959f54cc2466f57ecc.jpg,2,0,0,0
istockphoto-1150384557-612x612_jpg.rf.31bbc923e946cc5c5c7d553c7b105c4d.jpg,1,0,0,2
_552_jpg.rf.24dba0bd712b26aaec946e3a369bb08b.jpg,0,0,0,1
398_jpg.rf.5819809e48fcc88ec20c4d1941f7663d.jpg,1,1,0,0
000484_jpg.rf.19a139f78bc00e19c59316eb027dcc9d.jpg,1,0,1,1
_543_jpg.rf.1625822765e89dd799ef074a0831e36d.jpg,0,0,0,1
1327_jpg.rf.2944245285aaf60cb71a319a7d8e7087.jpg,1,0,0,0
closed_eye_0472-jpg_face_2_jpg.rf.9dc2b371d795600e9ef1b14bfb7a29ae.jpg,2,0,0,0
closed_eye_0493-jpg_face_1_jpg.rf.687e2eea64300a2b9238298f85306b75.jpg,2,0,0,0
295_jpg.rf.6867143c37e8aabe66bfa90e567988af.jpg,1,2,0,0
137_jpg.rf.e84a0b2cf3096652e156d3135f1fffaa.jpg,1,1,0,1
_481_jpg.rf.5bb38bd6d82f07f37b79319748dcfd21.jpg,1,0,0,0
682_jpg.rf.5baf3d4af4d0ea9e9668c1a1bc05c994.jpg,2,1,0,0
_268_jpg.rf.4c0961cf1f7bde6c8a8ea319351b8e40.jpg,1,0,0,0
1067_jpg.rf.25154b434a4dd08f3d78ffd9305f7063.jpg,1,0,1,1
closed_eye_1472-jpg_face_1_jpg.rf.8e8e41f275c153574c8d0eed68e93f9a.jpg,2,0,0,0
_391_jpg.rf.705ff0b13d140280455ea981221736ce.jpg,1,0,0,0
556_jpg.rf.9d4c7d056e9c68ff548613d00e3d7203.jpg,2,1,0,0
Yimg_000234_jpg.rf.a6a98d937dd109c30b1abe95da46421c.jpg,1,0,0,0
closed_eye_1608-jpg_face_1_jpg.rf.8d219bdee1df9393268bb881809169a3.jpg,2,0,0,0
399_jpg.rf.ab79532dbc906751b820846989f2ed62.jpg,1,1,0,1
_671_jpg.rf.2a22e0697bf242e10ead28852febc6d8.jpg,1,0,0,0
272_jpg.rf.6b9d74a21cbb7746220ca816878e368f.jpg,1,2,0,0
527_jpg.rf.36ce297e203b41fa3cc6ed173de0d9a9.jpg,1,1,0,0
closed_eye_1423-jpg_face_1_jpg.rf.25627efc603ef0962ce0f428b9feedf2.jpg,2,0,0,0
closed_eye_1594-jpg_face_1_jpg.rf.4d894773753fb2eaf182fd5f62ea4088.jpg,2,0,0,0
closed_eye_1584-jpg_face_2_jpg.rf.92dbbbe87317cb2dc32b2292470c9d07.jpg,1,1,0,0
633_jpg.rf.0552871bc285dd06ee0c93e975eecbb8.jpg,2,0,1,1
istockphoto-1217026539-612x612_jpg.rf.cbcb6a2462cf5f157958cb70600729fc.jpg,1,0,0,2
s0016_00393_1_0_0_0_1_01_png.rf.57e2a25f475be72366bf3be527c056fb.jpg,1,0,0,0
123_jpg.rf.a39b475a6ff80f7978377be51b62fdc1.jpg,1,2,0,0
closed_eye_1630-jpg_face_1_jpg.rf.233192b5f223889a2d7208147c5c5214.jpg,1,1,0,0
608_jpg.rf.28ef68310cf7c55c6e4b0f7aeb536fed.jpg,1,1,0,0
closed_eye_2791-jpg_face_1_jpg.rf.3559c26734335f00c491d85aefb38b86.jpg,1,2,0,0
_618_jpg.rf.03a10b8ce692a0e08d84a67a15bfa1e1.jpg,0,0,0,1
289029016_1_jpg.rf.c3cc7d5117fed3792ddcec7938367457.jpg,4,0,0,0
431_jpg.rf.59e5ad4323d988a4ba7c09708942f6b1.jpg,2,0,0,0
_667_jpg.rf.3f7b8b587fc0a5704d939d9c111d46e6.jpg,0,0,0,1
1400_jpg.rf.295bef33c8cffe774e10c1ef31e8c626.jpg,1,2,0,0
355_jpg.rf.1d14dd8296761957381bfdfdd6f9eee3.jpg,1,0,0,0
500_jpg.rf.7a41dd9d87171ab3a8462460c34bab76.jpg,1,1,0,0
1757_jpg.rf.eabf001aace4e0548a27aec30e8ecf1d.jpg,1,0,0,0
closed_eye_1327-jpg_face_1_jpg.rf.486681952426c14fe7bbfb681cd9bfa0.jpg,1,0,0,1
_299_jpg.rf.af361cfd31f4baa8da4c5b0fabcbed32.jpg,1,0,0,0
3222_jpg.rf.b7dc3ec0a76304e4b45ce60422d9ea69.jpg,1,0,0,0
_633_jpg.rf.841528696d549aec33e5a88ac289d9e9.jpg,1,0,0,0
closed_eye_0209-jpg_face_1_jpg.rf.da56559f5143a9d489d0da90695eee98.jpg,2,0,0,0
_306_jpg.rf.e1100af056225060c4053e35ad4a9a08.jpg,1,0,0,0
_671_jpg.rf.61c15a2ee923c15178fb47824a6f2d15.jpg,1,0,0,0
669_jpg.rf.e1eb549fedc5faada6001130f0faeb01.jpg,1,2,0,0
_173_jpg.rf.f9244c4e0ee444d3364740174720ebb4.jpg,0,0,1,1
_366_jpg.rf.0ddff44c5d39bc369b19d2f342fb987f.jpg,1,0,0,0
1137_jpg.rf.ff73d06b4ae66422cb470b7574a86780.jpg,1,0,0,0
_20_jpg.rf.954e14f34ff18b0373ef629e8b9c460d.jpg,1,0,0,0
412_jpg.rf.0e6829c0819a829e04c771f91d870f8e.jpg,2,1,0,0
503_jpg.rf.d8c3e620e069debd874c78499546805e.jpg,1,1,0,0
_497_jpg.rf.e9f18cc13048309809f286bc061a8b77.jpg,1,0,0,0
_252_jpg.rf.2e32f150b958368113ad1d6188f46607.jpg,0,0,1,1
2960_jpg.rf.22a415c09de143eea28464493ed77bd5.jpg,1,0,0,0
1323_jpg.rf.30c0c64aff3063b2ddad44b7ce41740a.jpg,1,0,0,0
_612_jpg.rf.07b32546265c5da9130330f109333d27.jpg,1,0,0,0
345_jpg.rf.d5d2c97cbd58668906cd255cade835eb.jpg,1,0,0,0
552_jpg.rf.dc593ce59cea47bf7c1c2879f43c4145.jpg,2,0,0,0
363_jpg.rf.acd8fcd35dcebbff6a29c85d8cada7da.jpg,1,0,0,0
img_000483_jpg.rf.fa7a6c05b2764849591f47943ba8e966.jpg,1,1,0,0
103236168_1_jpg.rf.fc03f1d34c970534a48e041b285fcf5b.jpg,2,0,0,0
24_jpg.rf.9fc26d6f72cd49897ac749d43b263705.jpg,2,1,0,0
_623_jpg.rf.b78402e79db5e79b35124024327e997c.jpg,0,0,0,1
425_jpg.rf.7304331151fb8a788202e72a6b90aaf8.jpg,2,0,1,1
1202_jpg.rf.dd47b0247632b1af881ecf3eaf2df1e1.jpg,1,0,0,0
3703_jpg.rf.ea2ef8708d20906a756a33890fbac7bc.jpg,1,0,0,0
img_f_1566-2-_jpg.rf.1075ee1d2a1f9fa0e535649d2022bf37.jpg,0,1,0,2
706_jpg.rf.716053b78e78f292c380a74dce224572.jpg,1,0,0,0
310_jpg.rf.9f42686e39744491e2167d12a8340570.jpg,1,0,0,0
closed_eye_0421-jpg_face_1_jpg.rf.9392be8e5e0cb6012a57e9405f75863c.jpg,2,0,0,0
_105_jpg.rf.3b478104484c13a148263d3bddf1a37d.jpg,1,0,0,0
685_jpg.rf.752dfc81774224188f00a4fc471c9b73.jpg,0,1,2,2
photo_2023-04-06_09-09-22_jpg.rf.a26d22c5ff9f66cd304050ba638f8dcf.jpg,1,2,0,0
_189_jpg.rf.c3f0e1d9bd9008e92d679bd4876a5303.jpg,1,0,0,0
1913_jpg.rf.760c346a022ed93ec765ab5969478659.jpg,1,2,0,0
1284_jpg.rf.34bacdf954144f74c9a008882adb0643.jpg,0,1,1,1
155093594_1_jpg.rf.728e3dac758ba41d99bfed3a49a8f948.jpg,2,0,0,0
s0016_00401_1_0_0_0_1_01_png.rf.11651307aa3f02fbd8a4552304820689.jpg,1,0,0,0
453_jpg.rf.13e1530e50807a5eeef7c781810bd899.jpg,1,0,0,0
647_jpg.rf.6120225d036bba68c457b78b38d502e4.jpg,2,1,0,0
_569_jpg.rf.9a4a1f201e1a26a87126d9d42e8d2d98.jpg,0,0,0,1
closed_eye_0314-jpg_face_1_jpg.rf.f34c4775a9d0d0136a3fed1488be251f.jpg,0,0,2,1
415_jpg.rf.18eb5b2539d3505716dcece5911aa0e7.jpg,1,2,0,0
413_jpg.rf.45a67df5877012512829e16d7f6adb52.jpg,2,0,1,1
584_jpg.rf.cfa504f22df0b6bf3d3ff24ab583f86a.jpg,1,0,0,0
278_jpg.rf.78b27ea8b7f7285516a13501fbe0e560.jpg,1,1,0,0
45_jpg.rf.be44a7cdd98d715720195b271238c78a.jpg,1,2,1,0
yawn-f4341202-3041-11ec-b1a6-302432df5bc8_jpg.rf.8098c470876624db2098a71fcdbeefcd.jpg,1,0,0,0
438_jpg.rf.f99ce9eb4ac01602ca1c0322392ebd53.jpg,1,2,0,1
1646_jpg.rf.ffda65aacfa8c941cbff340942d34771.jpg,1,0,0,0
176_jpg.rf.9e2019f62f97afcbbf0fe582c0282c38.jpg,1,1,0,1
closed_eye_2384-jpg_face_1_jpg.rf.805a01830e263dee248cb5f3b8a4439e.jpg,2,1,0,0
closed_eye_0284-jpg_face_1_jpg.rf.d9d93ab27e636f2ef23adb0dc344cd3f.jpg,2,0,0,0
closed_eye_2335-jpg_face_1_jpg.rf.f885936c6fca12c95756b397c5877c32.jpg,2,0,0,0
image__11194_jpg.rf.6e4968c5bff503bcc4bfadb7ae965640.jpg,2,0,0,0
469_jpg.rf.385714fa7502cb3a8e4d55ffe3ed43b7.jpg,1,2,0,0
closed_eye_0282-jpg_face_1_jpg.rf.88ab457ba18b806990b392faf029ddf1.jpg,2,0,0,0
_271_jpg.rf.227d6ef076adb904503ff7e53e09aca3.jpg,1,0,0,0
3714_jpg.rf.9d3742d6461224350a458833a4cf3d79.jpg,1,0,0,0
Yimg_000059_jpg.rf.4bd76a8e6bfec8dba3cd58e5be8ca578.jpg,1,1,0,0
_711_jpg.rf.784dc6643f5912d08560ea75148a211b.jpg,1,0,0,0
1388_jpg.rf.b7bea876372c43139c9faa270b0affbe.jpg,1,2,0,0
2586_jpg.rf.c16ae9cae90437d205e321b07353c123.jpg,1,0,0,1
3700_jpg.rf.c18482dbbb97bcfb1ce5298a191f8556.jpg,1,0,0,0
Yimg_000027_jpg.rf.bb00a95537d714eb9d960a36cd9db3ed.jpg,1,0,0,0
_110_jpg.rf.079299e7458c3b34648a8f9e35658a9c.jpg,0,0,0,1
_651_jpg.rf.bc1861dda26cd60ee1e3874d338016d7.jpg,1,0,0,0
_276_jpg.rf.5a8c68c0ee15f254736095c469f8ba99.jpg,1,1,0,0
1428_jpg.rf.16977e286913ea0bb53d2c7cba384dc2.jpg,1,1,0,0
closed_eye_2114-jpg_face_2_jpg.rf.894c540fe84aa961a0d3606f9af4960c.jpg,2,0,0,0
310_jpg.rf.d5597ccea99306bc9bb662fa44cf073d.jpg,3,0,0,0
closed_eye_1668-jpg_face_1_jpg.rf.020fccf696701fd19200499fbc186034.jpg,2,0,0,0
s0016_01464_1_0_0_0_1_01_png.rf.f8b59e43c59b1a69e6fd414244d5eee1.jpg,1,0,0,0
closed_eye_2544-BMP_face_1_jpg.rf.ca97e2dbab1d9156415a04af2643424e.jpg,2,0,0,0
_705_jpg.rf.40b515e6fafd8ca528da47ee17ae4c2c.jpg,0,0,0,1
closed_eye_0105-jpg_face_2_jpg.rf.03736cab6888b01de7f25e55d707aab0.jpg,2,0,0,0
710_jpg.rf.18d7c2961dacaa5ffecd9c4828ee9c93.jpg,1,2,0,0
963_jpg.rf.bf142a298c813d822c717c57cb5c048e.jpg,1,1,0,0
3222_jpg.rf.dda48d042512991c865a39d5a0817722.jpg,1,0,0,0
634_jpg.rf.92955917262401cf02c73ecaa864cc6c.jpg,3,0,0,0
570_jpg.rf.12a42a341d606ed44b26d8ecd72e063a.jpg,1,1,0,0
206906451_1_jpg.rf.ae66ca1822c67913c1d29cd3c2156065.jpg,1,0,0,1
closed_eye_0105-jpg_face_2_jpg.rf.fc1caa22dacddbe9b159ef6ba8adf9d9.jpg,2,0,0,0
PIXECT-20220526010833_jpg.rf.a1cf4bfc1bf865e36702f005bb4866b0.jpg,0,0,0,2
141_jpg.rf.28206dab10ab45e2d253da02baec40c6.jpg,1,2,0,0
27_jpg.rf.c0f79ab63c64f139006ee1e4d6f70001.jpg,1,1,0,0
62_jpg.rf.8bb345503ca85cb61b22e97c46854960.jpg,1,1,0,0
s0016_00386_1_0_0_0_1_01_png.rf.87f466a857799d2c2eaa3e299c7c4c6d.jpg,1,0,0,0
s0012_04705_0_0_1_0_0_03_png_jpg.rf.bb04f0944368965e883b3cdcd6d5a81e.jpg,1,0,0,0
istockphoto-1210651680-612x612_jpg.rf.7d911d0d949161eec86f2838dd870d1e.jpg,0,0,1,3
1159_jpg.rf.d30e45ee2b069c9984372524c9f99e73.jpg,1,0,0,0
_307_jpg.rf.46926679303039caa1d1365745e504fd.jpg,1,0,0,0
_257_jpg.rf.12c95a65e9fcc6a0898034cfe69d4d6c.jpg,1,0,0,0
1500_jpg.rf.7186a99612ccbb096848219dccb1ec47.jpg,2,1,0,0
111_jpg.rf.78b292abc0fa4062daacad0b96e5c622.jpg,1,2,0,0
_80_jpg.rf.237480a460bb95b1a24fed464d36a068.jpg,1,0,0,0
closed_eye_2466-jpg_face_1_jpg.rf.bf7041ff86a3227d5dcdf87f052e4846.jpg,2,0,0,0
_399_jpg.rf.7eba8e928fa6910aa46fd8f0a9659bc9.jpg,1,0,0,0
700_jpg.rf.db478ad8f909d5d8e16d6e72d2bad28e.jpg,1,0,2,2
_566_jpg.rf.c6ed1a13e606db9033f6a32fd94fe4c8.jpg,1,0,0,0
s0016_01396_1_0_0_0_1_01_png.rf.30241378de98e08b96fb733c56dd0ee4.jpg,1,0,0,0
3481_jpg.rf.8154762cb8ee685a9c64eef29dc7ba09.jpg,1,0,0,0
closed_eye_0089-jpg_face_1_jpg.rf.4d1eddb7273d5650020b5c9431dd00b7.jpg,2,0,0,0
131_jpg.rf.e77e30f40f642883014a0e4b12259449.jpg,2,1,0,0
223_jpg.rf.f21cb9d20f9dcf57c9ae2b03bc694956.jpg,2,1,0,0
img_000577_jpg.rf.98c24f4d4a7cb5a9c398c383ae44ad4c.jpg,1,1,0,0
1336_jpg.rf.467774c826d032a429109cb8068a41a9.jpg,1,0,0,0
closed_eye_2614-jpg_face_1_jpg.rf.f5f3f77500e4d7ad96ee5465d1248fd9.jpg,2,0,0,0
2623_jpg.rf.78976f4be9a16bb5e9d0c8da20c56365.jpg,2,1,0,0
63_jpg.rf.898864439044c627d4e5315953655dbe.jpg,1,0,0,0
closed_eye_1239-jpg_face_1_jpg.rf.03d437dd034e5a12aa3f73bb07c7ff39.jpg,2,0,0,0
560_jpg.rf.0c91c6c5a004d0567465586f5c5e301c.jpg,1,0,0,0
000065_jpg.rf.1795d47d03619566088ee121b0b3f9c3.jpg,2,0,0,0
closed_eye_2499-jpg_face_1_jpg.rf.3b5b7aeae921f1d9d8fcdca541ef4e87.jpg,2,0,0,0
s0012_04655_0_0_1_0_1_03_png_jpg.rf.309181396e2537e1738b9b22d5b12c2e.jpg,1,0,0,0
closed_eye_0237-jpg_face_1_jpg.rf.2e7f3822d11837e80bfaa9ce11cdf4a4.jpg,1,0,0,1
1200_jpg.rf.2f1f3013adf0df6b800fef49c888f74a.jpg,1,0,0,0
474_jpg.rf.5a90c994e0604b9bdb645139901827c4.jpg,1,1,0,0
401_jpg.rf.0060ca04b5f79e69c05f5836a86f2c4b.jpg,2,1,0,0
1291_jpg.rf.e49eea5d64cd8a1281d447892831aa10.jpg,1,1,0,0
224_jpg.rf.fa5e13fecdf4887122daba447df223dc.jpg,1,1,1,1
126968967_1_jpg.rf.7965ee9718147a493908d8771f587e4e.jpg,2,0,0,0
2410_jpg.rf.21f1c96f2ce34880523d05f6bce88380.jpg,2,0,0,0
3214_jpg.rf.28a1d2fedd13ee81708c2b1e8dd8f690.jpg,1,0,0,0
1118_jpg.rf.b4888c8ca7907676c25be509fdde0340.jpg,1,0,0,0
closed_eye_0825-jpg_face_1_jpg.rf.499d16aa995e8bd3597b78983edf8453.jpg,1,1,0,0
_335_jpg.rf.144f34ef062b556885ce0a0c1887412c.jpg,1,0,0,0
_114_jpg.rf.9758362fe412fe81bff564a94b93aee7.jpg,0,0,1,1
_481_jpg.rf.362b034a74e1e2462d65cd7974e7fd5c.jpg,1,0,0,0
_672_jpg.rf.9ad0cd70fef9f43c7c593f0060918f4b.jpg,1,0,0,0
589_jpg.rf.2f4c760f4ac46d327976d86258297be0.jpg,1,0,0,0
3219_jpg.rf.f491449c14b7a1a1883cdf62e0ad1d9b.jpg,1,0,0,0
_596_jpg.rf.3db713dcffd425adae898b96f78c79bb.jpg,0,0,0,1
444_jpg.rf.95c9f82e59d056ba7552fd05c53968e5.jpg,1,0,0,0
closed_eye_0985-jpg_face_1_jpg.rf.f0ef840589debc8acc7ae3f864af3a20.jpg,2,0,0,0
000178_jpg.rf.e7eeaf6c1c66be911c013aa408c995a2.jpg,2,0,0,0
OIG-2-_jpg.rf.0495cb09f383612c5f5cdbec8ea3f908.jpg,2,0,0,0
352_jpg.rf.60b8651942d47c7e75af0b59fdece21a.jpg,1,0,0,0
355_jpg.rf.db55ed16a29adcc7024ad36b677a1747.jpg,1,1,0,0
_428_jpg.rf.f206fd158d754bd7a2017d82753dd600.jpg,1,0,0,0
closed_eye_0226-BMP_face_1_jpg.rf.ef9319c67977efd771aa83a6dc4eb0b3.jpg,2,0,0,0
582_jpg.rf.266ca03bbc9083684e12b55977b0c644.jpg,3,0,0,0
s0017_00032_1_0_0_0_1_01_png.rf.1a32b9f8db5767623c7d250f2d130968.jpg,1,0,0,0
_19_jpg.rf.a51e3dcfdd5fcbf626bbebf3b57275f7.jpg,1,0,0,0
s0016_01693_1_0_0_0_1_01_png.rf.1c57d1cf97fe2e205c7fc589c3784ba8.jpg,1,0,0,0
_513_jpg.rf.c432ebe92ff9a3dc0f49409e7cd7363a.jpg,1,0,0,0
_142_jpg.rf.fb5641a9e87e0ddf2dbed1748b46b3c4.jpg,0,0,1,1
_345_jpg.rf.09992c409ea8c33513f62d2b339e0359.jpg,1,0,0,0
_597_jpg.rf.c599e8f3068dedae9439981ef3f1e8b0.jpg,0,0,0,1
685_jpg.rf.459afde58fa604ad7d6cb578a99cb3a0.jpg,2,0,1,1
422_jpg.rf.d12e17369619c66d25810f5f761eb146.jpg,1,1,0,0
_609_jpg.rf.74a804879da4d3aeefebb325f7de2b7e.jpg,0,0,0,1
closed_eye_2703-jpg_face_1_jpg.rf.518317eb5901abe2873345043d2d52b2.jpg,2,0,0,0
_264_jpg.rf.60bcea84386235d340d5ac683faa61a4.jpg,1,0,0,0
_281_jpg.rf.ca1d01d15f4b0c209444c046e60c6471.jpg,1,0,0,0
_141_jpg.rf.e8f1556f28207e450b2b30524078f424.jpg,0,0,0,1
closed_eye_1607-jpg_face_1_jpg.rf.b69bef1b0468971571e29f06d0d13d8b.jpg,2,0,0,0
_717_jpg.rf.b1579c51d95c7c723141c90c9bbd7547.jpg,1,0,0,0
closed_eye_0032-jpg_face_1_jpg.rf.32a5a25f1c7e94d4c07b4b8fe5848fb3.jpg,2,0,0,0
closed_eye_1472-jpg_face_1_jpg.rf.5ac652bb4f861fcf9b6d35b4e7a212c7.jpg,2,0,0,0
closed_eye_1023-jpg_face_1_jpg.rf.ef92af3a7b24f34ab3c90aa16d07d888.jpg,2,0,0,0
closed_eye_0093-jpg_face_1_jpg.rf.21f4b63f42b5c70ea21f7e01e9ba6281.jpg,2,0,0,0
istockphoto-649751488-612x612_jpg.rf.bfe0719cfac7ed1d56945ea47db11a4d.jpg,2,0,2,1
closed_eye_2308-BMP_face_1_jpg.rf.fdcd5cc3bdc929f7143faf0f093222ee.jpg,2,0,0,0
closed_eye_1701-BMP_face_1_jpg.rf.c534eb2a2b2b3b384d4bf98035b04383.jpg,2,0,0,0
3716_jpg.rf.2d80e0d6c813a97e9cb475a618cac03c.jpg,1,0,0,0
2541_jpg.rf.786a4175386df9269431ce7db4ee348f.jpg,2,0,0,0
closed_eye_0080-jpg_face_1_jpg.rf.61cb0be578bbed85aba413abf7712e56.jpg,2,0,0,0
2476_jpg.rf.a5d3fe2170c7a804b66fa51e5d9d0901.jpg,1,1,1,1
_376_jpg.rf.1468f061e6c77aef65f6a22af2ecf63c.jpg,1,0,0,0
193929298_1_jpg.rf.4a0365cdcfafddf65d2a709ec1f45c36.jpg,2,0,0,0
_273_jpg.rf.f108c63512fd18de48dac927d3910ce5.jpg,1,0,0,0
closed_eye_0557-jpg_face_2_jpg.rf.bbb82f3ebd1454674de532baae62d049.jpg,2,0,0,0
94_jpg.rf.ddd57bc726d184b63635d3872bbe75ee.jpg,1,0,0,0
15_jpg.rf.a1f5c0ad7604f9cbd26b126f7255f7f7.jpg,1,1,0,1
1030333538_1_jpg.rf.441b181f8df64164fefc02fcd382e5b8.jpg,2,0,0,0
110886318_1_jpg.rf.ab793193ea03d8456a1ae3f2fd0a0945.jpg,2,0,0,0
_167_jpg.rf.85df40cf86fc61396240decf677ff4ac.jpg,1,0,0,0
s0016_01561_1_0_0_0_1_01_png.rf.dc1b7e569c41ea561f75f81f125be1c3.jpg,1,0,0,0
_607_jpg.rf.1c7df2c803d6ff95d3a25965f9b9a04b.jpg,1,0,0,0
2008_jpg.rf.c28f93a16f93d80905198b5b38c02f19.jpg,0,1,1,2
369_jpg.rf.b0b11b8e922100724c4e25db4f87c589.jpg,2,1,0,0
1359_jpg.rf.076250248a0ebc975b0e90160a833d13.jpg,1,0,0,0
_45_jpg.rf.817b9fdfc905727bb4556373cf029532.jpg,1,0,0,0
s0012_08659_0_0_1_1_0_02_png_jpg.rf.98613b035a20205c7a97479dfebf268d.jpg,1,0,0,0
1635_jpg.rf.27d528efe008f8139cb93a1154343d7a.jpg,1,0,0,0
closed_eye_1858-jpg_face_2_jpg.rf.6acc9c2c4a7f51f8123a047a016e4c06.jpg,2,0,0,0
Yimg_000323_jpg.rf.62f39fba8412d0ca618635461c3e7b82.jpg,1,0,0,0
_319_jpg.rf.9f964f9a17d5141fea72ddcd30b2e5ff.jpg,1,0,0,0
106_jpg.rf.76cba207cc7d69388a9da6db67f27cb2.jpg,1,2,0,0
istockphoto-1297166402-612x612_jpg.rf.161a4037dc42745e9ce1e03f4f83223a.jpg,1,0,0,0
_192_jpg.rf.76ffcdad99d6fa8f8a430eacd84c1cf0.jpg,1,0,0,0
361_jpg.rf.38c3886a588c6d3cdb99afc27dabbf12.jpg,1,2,0,0
yawn-8b0dba64-3044-11ec-b7bc-302432df5bc8_jpg.rf.1d6fca32e1ddb175d09c35b4a1705dc1.jpg,1,0,0,0
107473045_1_jpg.rf.7b2d82132885a9377e4941d2c8bc42a1.jpg,2,0,0,0
72_jpg.rf.b7fad3b82981ebced58c4b3c11c4d80f.jpg,1,0,0,0
397_jpg.rf.220d5e9b8ffb7aaa262ba5b488862e3b.jpg,1,0,0,0
closed_eye_2773-jpg_face_1_jpg.rf.94c3308c2646c4e7e3b07b61b22dd444.jpg,2,0,1,0
s0016_01673_1_0_0_0_1_01_png.rf.0b42203dd2db7742155f683f2022e291.jpg,1,0,0,0
closed_eye_0771-jpg_face_1_jpg.rf.42743afbfdb1686b5c9f8086c5dd5c9d.jpg,0,0,0,1
_615_jpg.rf.79607c570e43696738eccf8f18f8f6af.jpg,1,0,0,0
1117_jpg.rf.07250c178fb3dcbea036ddae17a07608.jpg,0,0,0,1
_20_jpg.rf.bb8775eb22a5a7c895394d7fa1ad187a.jpg,1,0,0,0
561_jpg.rf.a3bfe7eaa4b22c5c8f87fac6e8f6072d.jpg,0,1,0,1
935_jpg.rf.3ef0b6bc94f7167d5a5c23d1aa0423dc.jpg,1,0,0,0
closed_eye_0258-jpg_face_1_jpg.rf.e0d6b42ca91a58433c267ed54f71c11b.jpg,2,1,0,0
_702_jpg.rf.e68022087f87fdee04f7d2a38f1e7be7.jpg,1,0,0,0
Yimg_000287_jpg.rf.e6b231cea18ebbdb1f975474f355ed0e.jpg,1,0,0,0
Yimg_000054_jpg.rf.33d9119bb139f2a2c1c6cd393ab65363.jpg,1,0,0,0
814_jpg.rf.439c34d40c2f44f553731192cf5a01d8.jpg,1,1,0,0
_608_jpg.rf.6e8089ecffe9d743cb44a29f54d85f3b.jpg,1,0,0,0
closed_eye_2255-jpg_face_1_jpg.rf.b2ad61943221b6f894732e06d6f633dc.jpg,2,0,0,0
575_jpg.rf.2d7bb12bbfc1bc79cec5f5f0c1588eb7.jpg,1,1,1,1
PIXECT-20220526010321_jpg.rf.1f6d88ce1a77ed199aff705d0c787a65.jpg,0,0,0,2
img_000497_jpg.rf.ae87aa3c74e911f80a29342e2b9fe467.jpg,1,0,0,0
638_jpg.rf.b4610dbcb8694984e6ef1d535c185017.jpg,0,1,0,1
232_jpg.rf.12766785d82f69fd87082ca1a6227e6b.jpg,2,1,0,0
360_jpg.rf.3e9dd54842730361f4f81b5441f4f5d7.jpg,1,1,0,1
s0016_01691_1_0_0_0_1_01_png.rf.b4a81c6fb8ad31ff7c61c09b286390d3.jpg,1,0,0,0
closed_eye_0458-jpg_face_1_jpg.rf.b8ef475a656d5c8d221d854e24020eaa.jpg,1,0,0,1
_524_jpg.rf.6a17679a5cd21d2a31269cb859caf332.jpg,1,0,0,0
716_jpg.rf.bd1f0a775e0fb063fd553d820d26131f.jpg,1,0,1,0
closed_eye_0218-jpg_face_1_jpg.rf.813ef29f005a0324256e20926e63dc93.jpg,0,2,0,1
s0016_01486_1_0_0_0_1_01_png.rf.f152b71b9d1944ff5a63668ad6bf3da3.jpg,1,0,0,0
download-14-_jpg.rf.584190d3d6a583b2a48c83b4ddd6a16d.jpg,2,0,0,0
s0012_04570_0_0_1_2_1_03_png_jpg.rf.82b532cb5bcefc6fdde2e8e261ee437f.jpg,1,0,0,0
490_jpg.rf.456233480e94593284c25ed9c7b6b1a2.jpg,1,0,0,0
316_jpg.rf.40c8408cd084fe9bcf2ea20d2d066cc0.jpg,1,0,0,0
_333_jpg.rf.8f15c78d14239bb5ebde7eb50932c48a.jpg,1,0,0,0
761_jpg.rf.62b26bab1c8ab615429a41c5a866a9ba.jpg,1,1,0,0
797_jpg.rf.b001ced2bfa85b7ce02d0a47f6395fb2.jpg,1,2,0,0
93_jpg.rf.27434fceae775f9cd8c1a75511e29ece.jpg,2,0,1,2
_412_jpg.rf.5f9d6da4726a10797d000ff69b4b312d.jpg,1,0,0,0
213_jpg.rf.911f75bd426c26464062d867d0322f20.jpg,2,1,1,0
closed_eye_2153-jpg_face_1_jpg.rf.dd85a75ac9c71a534e55a9da5bce2df1.jpg,2,0,0,0
24_jpg.rf.126c7fbf85dd9328a6405cbbb5d406d3.jpg,2,1,0,0
3223_jpg.rf.c75fe5bbab156ac4b84d65165522a9ea.jpg,1,0,0,0
closed_eye_2501-jpg_face_2_jpg.rf.3f4dd573b7c4ba2bd70ae1f137e04f47.jpg,2,0,0,0
WIN_20220809_14_29_00_Pro-4-_jpg.rf.6906c88c6edff8732627790eae644d3a.jpg,0,0,0,1
_596_jpg.rf.cb089d37fb73a850ea5bd69d0b9e9d58.jpg,0,0,0,1
s0016_01593_1_0_0_0_1_01_png.rf.229ac6c1cd51c7026a6c89bc64e09867.jpg,1,0,0,0
closed_eye_1622-jpg_face_2_jpg.rf.0b80a7b4127abd67f5f0105f58a5f7ec.jpg,1,0,0,0
s0016_01492_1_0_0_0_1_01_png.rf.9e8688a481bfa289fd92c89020197ea0.jpg,1,0,0,0
2151_jpg.rf.335b16bd9e99888cf20931aa430add72.jpg,1,1,1,1
1084_jpg.rf.0ee84d08df92c71caa77dd35ee9a1d5e.jpg,1,0,0,0
_439_jpg.rf.b66ce19a283591b85fea178786a864d8.jpg,1,0,0,0
closed_eye_2681-jpg_face_2_jpg.rf.38ea92cf6d010078b867687312e9223e.jpg,0,0,1,1
closed_eye_0086-jpg_face_2_jpg.rf.d255fb6de12dd0ff8321c9a2a8aa042d.jpg,2,0,0,0
yawn-3081732e-3043-11ec-a705-302432df5bc8_jpg.rf.6884261d47a4a9076a9fafa6704519e9.jpg,0,0,0,1
115774957_1_jpg.rf.81a96343102150a34537c38be178e0be.jpg,2,0,0,0
920_jpg.rf.4b8c0e04344f26f5aac45013efd0664a.jpg,1,0,0,0
closed_eye_1205-jpg_face_2_jpg.rf.77438861a1974b1079aa7266aea3e2f7.jpg,2,0,0,0
_111_jpg.rf.62adb5fa759806f1f8f399fe9ca6719b.jpg,1,0,0,0
1321_jpg.rf.6b6c68fb53b0030f2e0e50c68b246de4.jpg,1,0,0,0
Yimg_000081_jpg.rf.b4c40321a3e5549baf8cd82d6e04a154.jpg,1,0,0,0
closed_eye_2601-jpg_face_1_jpg.rf.83295f9db32c5304ad04272958cdb5de.jpg,2,1,0,0
_502_jpg.rf.bcf281d72217a86aaf2cc8530255221e.jpg,1,0,0,0
_376_jpg.rf.edf2d933f3a0e0430524a736ce2f3e87.jpg,0,0,0,1
147_jpg.rf.f5372fecabf43e87e8091824fe21d4c3.jpg,1,2,0,0
closed_eye_2597-jpg_face_1_jpg.rf.d54a019eeda73d2b090c7c4908fc6994.jpg,2,0,0,0
324_jpg.rf.973e09e445f6c329ea47402156b539a8.jpg,0,1,2,2
3481_jpg.rf.f33e64aee4afa230fd24d667549de920.jpg,1,0,0,0
Yimg_000176_jpg.rf.dcf90359d666063225e8fb01f43d4553.jpg,1,0,0,0
_328_jpg.rf.56cd0a8dcbc96a4170f6d9b35ecf0b81.jpg,1,0,0,0
_676_jpg.rf.da546fd2547a8320f86f69f155eb0817.jpg,1,0,0,0
_249_jpg.rf.92df80aacf70b2c7014745e249813516.jpg,0,0,0,1
_138_jpg.rf.89a81af07dafa75f535da935047f2805.jpg,1,0,0,0
OIG-11-_jpg.rf.4b0381e7ff4ba3c4973f0fcb83061fae.jpg,2,0,0,0
_537_jpg.rf.b4f1ae2128c3ece97d4111597e2ff511.jpg,1,0,0,0
62_jpg.rf.38f729631fcabc418ecbf575716777c5.jpg,1,0,0,0
closed_eye_1223-jpg_face_1_jpg.rf.cf44358b2ad093fb105042e8a93acbc5.jpg,1,0,0,0
_619_jpg.rf.dbc9ca80792a5f9b860348204137fb1a.jpg,1,0,0,0
_2_jpg.rf.e417d0076783a147849ac31baeb36138.jpg,0,0,0,1
closed_eye_2387-jpg_face_1_jpg.rf.d8b5c674cfbc413d6dca0213dd8a268c.jpg,2,0,0,0
000301_jpg.rf.8a6047c314eafb3fde55319e6231b388.jpg,1,0,1,1
1024_jpg.rf.26c9ce96e9b0676ab3d03a95f60def45.jpg,1,0,0,0
3202_jpg.rf.42783edd077ac21dc986227a206208f3.jpg,1,0,0,0
img_k_960_jpg.rf.71a7c95971c38419e90e3fc92bdba453.jpg,2,0,0,0
62_jpg.rf.79b977aeec50519552ca04c71f5a21c8.jpg,1,0,1,2
closed_eye_2500-jpg_face_1_jpg.rf.1890c26666920a5dd1a9f0266c77ea10.jpg,2,0,0,0
_169_jpg.rf.50e451a85befe6623eb9b7d062a7bdb5.jpg,0,0,0,1
873_jpg.rf.64096c6e6f4477fba5d61f1074cfe8ca.jpg,1,0,0,0
s0016_01381_1_0_0_1_1_01_png.rf.c8e842ccd859d9611d2876e210c8f0fa.jpg,1,0,0,0
istockphoto-914921902-612x612_jpg.rf.dcd67fe3b281a9c89fb92d64646a3885.jpg,1,0,1,1
000040_jpg.rf.9b0b3ff266ed69088f6bdee385cb019b.jpg,1,1,0,0
closed_eye_1359-jpg_face_1_jpg.rf.99f0bcb93a5807d793389a6294252c12.jpg,1,1,0,0
_500_jpg.rf.d4df0b64c1a588afee5c239d7cd39221.jpg,1,0,0,0
Yimg_000113_jpg.rf.6a019090322de6e9f8b1c48c29f5dfda.jpg,1,0,0,0
1342_jpg.rf.4e36448ad838cf7f19d04a3d15829ff4.jpg,1,2,0,0
_112_jpg.rf.c4e6a7d5b5220075340188feaee8ad58.jpg,1,0,1,0
1413_jpg.rf.854f022eb31c708d84add059b5408456.jpg,1,2,0,0
852_jpg.rf.663f521fca940737cec4493edeaa02f5.jpg,1,1,0,0
303_jpg.rf.a2458ccc9f034f8143b249190ed54088.jpg,1,1,0,1
1689_jpg.rf.0fd132f6f158b60475eff6421dc1df27.jpg,2,0,0,0
686_jpg.rf.fe470dc08adabce42f25d9081a8c28db.jpg,1,2,0,0
closed_eye_0288-jpg_face_1_jpg.rf.fcdc75697e0cf48a9fec7620679011bb.jpg,2,0,0,0
istockphoto-1323511568-612x612_jpg.rf.b9e3a6daea15284eae6ded4c95e69643.jpg,1,0,0,2
s0016_00395_1_0_0_0_1_01_png.rf.b8ca8d213566100d9b79e767deba7c4e.jpg,1,0,0,0
closed_eye_1712-jpg_face_4_jpg.rf.282ac68994b650d6da54a11b57cae4f0.jpg,1,1,0,0
14_jpg.rf.f2254171c2412c19af90eb55f753a467.jpg,2,1,0,0
2707644515_1_jpg.rf.4fad8998206b4f46083f6b59ffb93661.jpg,2,0,0,0
616_jpg.rf.2de6ec443cb450054ed0321e324fa8b1.jpg,2,0,1,1
613_jpg.rf.cf5fa79ceb062d92bfcf14fbade2dd7b.jpg,1,1,0,0
closed_eye_0002-jpg_face_2_jpg.rf.108e2845f878fd60606461c43668b068.jpg,0,1,0,1
399_jpg.rf.5646be0c6a7e0beee871addf806fe6be.jpg,1,0,1,0
1070_jpg.rf.1f009a58346c8e96f50cc641364160d5.jpg,1,1,0,0
closed_eye_0182-jpg_face_1_jpg.rf.27e1d45f9f49d240d08d946405b0bade.jpg,2,0,0,0
closed_eye_0282-jpg_face_1_jpg.rf.04083d01308cb5c8f57ee8b9b75a06b5.jpg,2,0,0,0
1_jpg.rf.11852ee0e9c3350871ce9733f4e5fa4e.jpg,2,0,0,0
_643_jpg.rf.862698738005edf2361858bba507960c.jpg,1,0,0,0
closed_eye_1816-jpg_face_1_jpg.rf.3aa5db49861d7d546f0a44cd6e329509.jpg,0,0,0,2
1333_jpg.rf.c7b499ff3ebfc7f28d882ed46ff1bddb.jpg,0,1,0,2
_147_jpg.rf.3b40ac8015605f4ca62a0b52b596482d.jpg,1,0,0,0
566_jpg.rf.87de69914b1551491cf1c5bb4afcd63a.jpg,2,1,0,0
closed_eye_0646-jpg_face_1_jpg.rf.4aaf37970df26682b896c23df8fe6231.jpg,2,0,0,0
closed_eye_2513-jpg_face_2_jpg.rf.7ca57d13232b528bd114ac3a3f938193.jpg,2,0,0,0
_51_jpg.rf.8bf8c02e30e7c27c4d8f5e55bd2dcabd.jpg,1,0,0,0
1050957686_2_jpg.rf.bef09802589b677df8806caa8bd3a0e4.jpg,2,0,0,0
_716_jpg.rf.ce68bfd597b38cc39c947394adb52eb9.jpg,1,0,0,0
656_jpg.rf.44c92be9dda45bf9c768b10e8d0b4fcc.jpg,3,0,0,0
closed_eye_0226-BMP_face_1_jpg.rf.e800e57936a28f370f84fd05fb9fade6.jpg,2,0,0,0
96_jpg.rf.1916699e6314084200ea96f617462c3b.jpg,1,0,0,0
closed_eye_1495-jpg_face_1_jpg.rf.8b2f12705398c56fee527fcf30589046.jpg,2,0,0,0
Yimg_000212_jpg.rf.b6c0ccb6e19d3e8e2bb8b31755b887ae.jpg,1,0,0,0
_386_jpg.rf.1fe7b6349dda63caba44cfa2c2842704.jpg,1,0,0,0
_435_jpg.rf.27930da47a9eec96cb4239a9cffafb38.jpg,1,0,0,0
_682_jpg.rf.231e1bc1ae5c177095f361e18b12181d.jpg,1,0,0,0
611_jpg.rf.8d21f0b9083052929cf6f399a34f97e1.jpg,1,1,0,0
319_jpg.rf.760c868ee0eedfbf4b1d36d1f009ec4d.jpg,0,1,2,2
444_jpg.rf.4ccbbad58f2c9248e9af20a112d80ab0.jpg,1,0,0,0
_329_jpg.rf.fee072f6e7e84f2bdb9d63f539800090.jpg,1,0,0,0
619_jpg.rf.be8f88251fec6e821a819b7dc77ddd22.jpg,0,1,0,1
closed_eye_2694-jpg_face_1_jpg.rf.336d8da6555f6aa29e1b3c568ace0d60.jpg,1,0,1,1
1773_jpg.rf.f5427df659fc98b9ac657243c3e8755b.jpg,1,0,0,0
3701_jpg.rf.affd01e4c0e1175f9392345ec04824d4.jpg,1,0,0,0
_28_jpg.rf.343102645b3615d3d737241243453139.jpg,1,0,0,0
closed_eye_2122-jpg_face_1_jpg.rf.8bcf0d8fcc3226aa10d530b20ac7adff.jpg,1,1,0,1
275252906_1_jpg.rf.68bbe6939cd735fa9f2c50bfacf1b265.jpg,1,1,0,1
_639_jpg.rf.ede3f4d2195f0953cffb0f1147df7a78.jpg,1,0,0,0
6_jpg.rf.fe9ebdfd308eeac75dc82eec978c795d.jpg,2,0,1,1
572_jpg.rf.81dc76d55b3e312c94a44da223f87257.jpg,1,2,0,0
img_000431_jpg.rf.aa7b44df839e4267b3d762e7020a7d4d.jpg,1,2,0,0
Yimg_000279_jpg.rf.36bcb747d4d69bab0b5a65204d4c122c.jpg,1,1,0,0
1043_jpg.rf.7dacc01d9f1a6d817adfc9b5b4d34f56.jpg,1,1,0,0
Yimg_000252_jpg.rf.c60700b95a359120bf66b9aa5cad4c8b.jpg,1,1,0,0
238_jpg.rf.2c485aacfb6136d54d7772d8ee4b730d.jpg,2,0,0,0
1277_jpg.rf.e243bbf8f3533e86f6be3403d0593f0f.jpg,0,2,1,1
623_jpg.rf.e35615cf113512c289432497b4e972c6.jpg,2,0,0,0
_654_jpg.rf.95b41be2dfc55ede13204e731e1fd6d0.jpg,1,0,0,0
yawn-015f890a-3045-11ec-a09b-302432df5bc8_jpg.rf.d6161d66c6e5a775ed1c0a126b9c3b57.jpg,1,0,0,0
599_jpg.rf.9ad1df6a7223c567fb060f2809f2732c.jpg,1,2,0,0
1332_jpg.rf.7b996bb8b4c8eed03a498d10fca21f64.jpg,1,0,0,0
_103_jpg.rf.877b205c7e7b279570e72691df1acff8.jpg,1,0,0,0
_536_jpg.rf.4653739ec99c93d9a0db8aa1db710e3b.jpg,1,0,0,0
drowsy-a0d48a5a-8f67-11ed-8ac0-106fd9651b4e_jpg.rf.5c24033991d4b2348d33a127ee6f168f.jpg,0,0,1,1
114_jpg.rf.7ec38d4cfd19981b2720a3243180be6c.jpg,1,2,0,0
473_jpg.rf.b5a4b1a3efca63971a9a5526b7db3e0b.jpg,1,0,0,0
268_jpg.rf.f97794f2577b53efb3ac65f93b2abc7a.jpg,2,1,0,0
_358_jpg.rf.081d1ecf23b97c72a85b423128b9c325.jpg,1,0,0,0
_475_jpg.rf.48d7db7648990fdc9e673579c01efea3.jpg,1,0,0,0
479_jpg.rf.a3773cf065cc04f0e61ceed7fa9eba32.jpg,2,1,0,0
s0016_00414_1_0_0_0_1_01_png.rf.de3b59207f43f207bdacd5893e58ca24.jpg,1,0,0,0
istockphoto-1213230884-612x612_jpg.rf.6a213663906b8c1ce51182ed7f04c67b.jpg,1,0,0,1
600_jpg.rf.72d576e7ec70f5cee6ffba6bae1f5bbd.jpg,1,2,0,0
661_jpg.rf.ec156d8fdb3e0d4b84891163736e3fbc.jpg,2,0,1,1
9_jpg.rf.ee6c88195b890c54c391575c53c03f8e.jpg,2,1,0,0
364_jpg.rf.c3f202c8a79cd568be6f228ef155e3a9.jpg,0,0,1,1
24_jpg.rf.796c26991db4ee257a669a76b76c4191.jpg,2,1,0,0
_279_jpg.rf.b16581c8a083202835ff211fb26dc668.jpg,1,0,0,0
Yimg_000155_jpg.rf.2185b68b85d4b512b02dc4a6ecc0ba14.jpg,1,0,0,0
_520_jpg.rf.2b507663d6c0c954a40c8a6c2ed178a4.jpg,0,0,0,1
s0012_04558_0_0_1_2_1_03_png_jpg.rf.cc8b3dc47f56d3a01d31b06c7bec0425.jpg,1,0,0,0
494_jpg.rf.95c632fe3138ba4431676eeceedf14f1.jpg,1,2,0,0
390_jpg.rf.46f1ce85f1bbf1286c8d472c73af0d8b.jpg,1,2,0,0
istockphoto-1301345454-612x612_jpg.rf.bf1149d77da4e231b810a641a76444ee.jpg,1,0,0,2
367_jpg.rf.71549f370fa95552f7fcfeafd7e43132.jpg,1,0,0,0
_506_jpg.rf.d4a618d18a5c719460bb18f464091106.jpg,0,0,0,1
closed_eye_1715-jpg_face_1_jpg.rf.c5b2b3cb0ce42199300adc6eb73a87b1.jpg,2,1,0,0
s0017_00193_1_0_0_0_1_01_png.rf.f1b56bc68ccf7558c1f7efacdd62ea68.jpg,1,0,0,0
1610_jpg.rf.756097f159421acc319ff8a6b57bba3d.jpg,1,0,0,0
_181_jpg.rf.4b39210c8ca2d13c8976676fd1250f97.jpg,0,0,0,1
_240_jpg.rf.261213b3be02b760776b3e2d2ed1010c.jpg,1,0,0,0
208_jpg.rf.803c3452e199e3b8a825ebe10f7fc051.jpg,1,0,0,0
_87_jpg.rf.237727e5f4f0fae9021dcbd8ff31bc58.jpg,0,0,0,1
_6_jpg.rf.648da0a3b4285dffa1f87bc91f749976.jpg,1,0,0,0
446_jpg.rf.ba9c083b9456682df265b8775ccc9d72.jpg,1,0,0,0
_205_jpg.rf.6eaf3161725c67eadfa4cff5514efa04.jpg,1,0,0,0
1289_jpg.rf.3a23d07f3bf9b679f284aa1ac1483143.jpg,1,2,0,0
_468_jpg.rf.23bc3519add1afab26145037fa30ec77.jpg,1,0,0,0
1293_jpg.rf.62a4f1afe5edaa955c94290801d496c7.jpg,1,2,0,0
yawn-dff09ed8-3042-11ec-b5bc-302432df5bc8_jpg.rf.375edb4fc721f708145981bb8daa0ccc.jpg,1,0,0,0
_280_jpg.rf.69f47683c5ddb510c6c6f6cf4a8b1ac8.jpg,1,0,0,0
418_jpg.rf.e4209f68c8b3e32359e15b8955225425.jpg,0,1,1,2
closed_eye_2528-jpg_face_1_jpg.rf.0a5cf6e31431fb5ea41b3931b27a7306.jpg,2,0,0,0
_74_jpg.rf.1f4d54248cd3d483ae542891540eca6c.jpg,0,0,0,1
_575_jpg.rf.5bca987b36fe4b953b07b298dbf1ca8b.jpg,1,0,0,0
closed_eye_1777-jpg_face_1_jpg.rf.19abc25e56680359f7e80e2cb50252d9.jpg,2,0,0,0
img_000436_jpg.rf.531218e69cc379c708602dab54e67878.jpg,1,0,0,0
_96_jpg.rf.c4bd2f8ee0c63db2cd9e800bb9c6bf98.jpg,1,0,0,0
img_000388_jpg.rf.ad359cc23e5a8af470b91facbcb6800f.jpg,1,0,0,0
closed_eye_0237-jpg_face_1_jpg.rf.30758206124cdb96585619e2e8f67074.jpg,0,0,0,2
istockphoto-1147358767-612x612_jpg.rf.08029fbf539669c09e36f973e1d33886.jpg,1,0,0,2
closed_eye_1311-jpg_face_1_jpg.rf.dc5819535eb66394bf4a9611b022f964.jpg,1,0,0,1
_577_jpg.rf.a8781bfd6371e9cd81ac56e875e8f2bd.jpg,1,0,0,0
Yimg_000091_jpg.rf.2447b61514a4bea80bb38507de4b9dbf.jpg,1,1,0,0
662_jpg.rf.082e2fecc9d32cac81c9f62876e98671.jpg,1,0,0,0
176_jpg.rf.7552b4419a26e8df123e128682bac091.jpg,1,0,0,0
79_jpg.rf.c55c45dae265041aca64840630366855.jpg,2,0,0,0
107_jpg.rf.a45ced09fe9ccd77a1ec27c2624655e8.jpg,2,1,0,0
closed_eye_2687-jpg_face_1_jpg.rf.5f18199241a834193320ee3ab8fdb27a.jpg,2,0,0,0
1012675629_1_jpg.rf.2edf3b6aadb271e3839f856ce9e250ab.jpg,2,1,0,1
203_jpg.rf.0f00fe58416413edd449c1df2ea71f3c.jpg,1,0,0,0
closed_eye_0567-jpg_face_1_jpg.rf.5ed4fd94ea06c94c5195301bcf7f4188.jpg,2,1,0,0
1388_jpg.rf.c9a4b2407f1e53756e66678fd0d2153c.jpg,1,2,0,0
156_jpg.rf.2e0bb38221a22c059e26ebce1d0d1b70.jpg,1,1,0,0
315_jpg.rf.5d54f6d5d631cca1b5dbb45c8f476324.jpg,2,1,0,0
_571_jpg.rf.e7996b0a19abb570ec2136856044a358.jpg,1,0,0,0
114_jpg.rf.f25e62cf79bf09766c1b487260c2f27f.jpg,0,1,0,1
3217_jpg.rf.2e5243a1bf25403620b7f2016c5a5f37.jpg,1,0,0,0
129647068_1_jpg.rf.36688f7cbc4bf9e918a484a82e0e0b5a.jpg,1,0,1,0
535_jpg.rf.857f15b285ba7017e42c69c6be70cbd4.jpg,1,0,0,0
3195_jpg.rf.f0b98885b5c17e20d9ec56b978a885b5.jpg,1,0,0,0
_13_jpg.rf.5956d0e91ff7445fe58a9da72fe2e09e.jpg,1,0,0,0
565_jpg.rf.31af6ccb5a018918b6b092d16b05341c.jpg,1,0,0,0
yawn-2d5f7c1e-3043-11ec-b7fd-302432df5bc8_jpg.rf.06625b743eb8f25b8f4856ec46dcedb3.jpg,1,0,0,0
92_jpg.rf.981ab2fc4a92e5718abdf50482c63601.jpg,1,2,0,0
241_jpg.rf.155f1c03525502e04dcc7c16072ae60b.jpg,2,1,0,0
_172_jpg.rf.7d93674ee59563bf1adcb0a2ff0add8e.jpg,1,0,0,0
webcam-toy-photo41_jpg.rf.b303dcd15ea1bca959625edb1ac587b6.jpg,2,0,0,0
1273_jpg.rf.330612256f8fdf8a2b0c5902a0b9a4d9.jpg,1,1,0,0
image__10701_jpg.rf.5dbb63025f864abe1407aefc2a18d7d0.jpg,0,0,1,2
515_jpg.rf.2a7e472481ded6a8beb6313b377936ee.jpg,2,0,1,1
10407038_1_jpg.rf.5e3916b12c8d8551993f53df8978e5f8.jpg,2,0,0,0
OIG-_jpg.rf.eb2c66f69b0a3338eaa7b36c2c508b97.jpg,2,0,0,0
closed_eye_1073-jpg_face_2_jpg.rf.5ff930067fa5c25cccd109d61102a148.jpg,2,0,0,0
img_k_15390_jpg.rf.2349d54aef0fe4d66474b891a877e88b.jpg,2,0,0,0
726_jpg.rf.b383b0594647ff2452d4fe213e331315.jpg,1,1,0,0
147_jpg.rf.6529d814b2b01843ac389fd75d1c5493.jpg,1,2,0,0
742_jpg.rf.783e04d8f2af6137f753b5ee5a0e2fb4.jpg,1,1,0,0
1232_jpg.rf.88ca3f066f06a1740e27053b0c352819.jpg,1,2,0,0
_252_jpg.rf.42a28313927a96366434c1bbc1017755.jpg,1,0,0,0
1187_jpg.rf.9dfa643f73bee0976e28eac22c1451ee.jpg,1,0,0,0
289_jpg.rf.78f71bad64dc925c5f01873564f3edc2.jpg,1,2,0,0
268_jpg.rf.d04a9ba913a9e74538c13ebf56bc8a12.jpg,1,1,0,0
3711_jpg.rf.19c242951027f59b873aca3042cd4e52.jpg,0,0,1,1
closed_eye_0863-jpg_face_1_jpg.rf.98c536c4064ecf94e8e2ec1beae067a7.jpg,2,0,0,0
_562_jpg.rf.cefa53895bd1e931c5309f53e55f42ac.jpg,1,0,0,0
_114_jpg.rf.adb7be17492a776306aee8e541635352.jpg,1,0,0,0
closed_eye_2247-jpg_face_1_jpg.rf.1d0fc3e2150f8d6aed1a5a214a01ca3f.jpg,1,1,0,0
closed_eye_0180-jpg_face_1_jpg.rf.e2b9a512133aad07de7d8d2827790634.jpg,2,0,0,0
_4_jpg.rf.a0e6a649a943db37dea9969adf700f3c.jpg,0,0,1,1
3195_jpg.rf.6cf232c2ad7105f9ed8ba353fa32ff34.jpg,1,0,0,0
OIG-3-_jpg.rf.71d3b473525b35057771226f5a54e7d9.jpg,2,0,1,0
1308_jpg.rf.4c35286451e0a92e596272617d4515bd.jpg,1,2,0,0
_272_jpg.rf.4133d33bbb7c756578cb02ed4c7c58de.jpg,0,1,0,1
_26_jpg.rf.a0558ef31d740fb966d4161fb9f24458.jpg,1,0,0,0
closed_eye_0884-jpg_face_1_jpg.rf.5a030a0c780dd31630a197a4f7f1e61d.jpg,2,0,0,0
407_jpg.rf.e30eb770c01b3c283c73adebc2205da1.jpg,2,1,0,0
451_jpg.rf.04c5a87d40b5ea4dac5794e0653a61da.jpg,1,1,0,0
2707641297_1_jpg.rf.61a103a435d3c5d846b00ddf7511168b.jpg,2,0,0,0
322_jpg.rf.119ba995576751425daaf4c6d4a36350.jpg,3,0,0,0
_186_jpg.rf.e86f2e02a4ec5f08fc4c59966ff82bd8.jpg,1,0,0,0
1281_jpg.rf.e2d0ac10746479d990da99f1373787cb.jpg,2,1,0,0
_192_jpg.rf.5d7847c6ccd69089943a4a43a21a7de6.jpg,1,0,0,0
closed_eye_1350-jpg_face_2_jpg.rf.a2cc2d6032485fda114f02296a8fe6bb.jpg,2,0,0,0
Yimg_000341_jpg.rf.ffe28511b9f0bb73ec1d78365bdb439b.jpg,1,1,0,0
253_jpg.rf.25a1e9a26f169e989b08ec8cd6360d4d.jpg,1,1,0,0
_54_jpg.rf.c91dc4f87c77bf3ad429136380917656.jpg,1,0,0,0
39_jpg.rf.cce1a24d2a40711423325f3594ef350a.jpg,1,0,0,0
_478_jpg.rf.439b2cee515069c5fc1a11d1d7fe708e.jpg,1,0,0,0
288346752_1_jpg.rf.96f6dce470f17de6e45fa8d910e0efdf.jpg,2,0,0,0
_652_jpg.rf.a23926b1c20943d64e2d25a29ec8ee20.jpg,1,0,0,0
1316_jpg.rf.7d5e96dad17af1455b06d8e232ab99c2.jpg,1,0,0,0
closed_eye_0297-jpg_face_1_jpg.rf.d2ea6dc0df7e66c4fdab9d70d3cce331.jpg,0,2,0,1
000042_jpg.rf.fa18cad1b6d6e951aaec1a6dbdf20614.jpg,2,0,0,0
281_jpg.rf.45567759002772a090159702cfc4f407.jpg,0,1,1,1
764_jpg.rf.f52b4409be06cf8d9c2797ae54325b30.jpg,1,2,0,0
closed_eye_2158-JPG_face_1_jpg.rf.894333d98467099dd585c1bfad985e64.jpg,2,0,0,0
_414_jpg.rf.a20136eaa7e84022bc6fcde311be9c91.jpg,1,0,0,0
Yimg_000087_jpg.rf.045db2ed152e8072a9718a0bb9bed47d.jpg,1,1,0,0
closed_eye_1286-jpg_face_2_jpg.rf.90fbfee060a7021d27a2c839d021aae4.jpg,2,0,0,0
913_jpg.rf.1ed9945f7697211c0632d6adb882f197.jpg,1,1,0,0
1196_jpg.rf.d6ddbc27b16d4c6aa183c98666136ce2.jpg,1,1,0,0
image_0010_jpg.rf.c497fa80515936882a31be977b81e665.jpg,2,0,0,0
100_jpg.rf.0db80cb070b0046557b5974c426f1778.jpg,1,0,0,0
Yimg_000057_jpg.rf.e4282f9b0543f431ca3a63d48e781212.jpg,1,0,0,0
closed_eye_1507-jpg_face_5_jpg.rf.f55d42094e12321370f3639550a5cd00.jpg,2,0,0,0
1932_jpg.rf.e1b6373bf8f7ba7ea1ecab800291a202.jpg,2,0,0,0
_623_jpg.rf.661a83e2b13f11d49fc2ae7415cff5cd.jpg,1,0,0,0
download-8-_jpg.rf.e8db2acc3838735e18e592d8a66773ee.jpg,1,0,1,1
563_jpg.rf.37c8908e7c834e8dde472064b33633d1.jpg,1,2,0,0
3203_jpg.rf.4f9ae741aefe9dbe5a77890da2d0feee.jpg,1,0,0,0
s0017_00189_1_0_0_0_1_01_png.rf.9ec7c3d7a7aba9fe9d44685106aabff3.jpg,1,0,0,0
Yimg_000276_jpg.rf.145bdde2220ab483707b363c3036fc4d.jpg,1,0,0,0
_275_jpg.rf.43caa8e5ed5c65a7664f6770ae3136e0.jpg,1,0,0,0
_333_jpg.rf.b98402df2bc0b04155f790377d595c5a.jpg,0,0,0,1
s0019_06020_0_0_1_0_0_01_png_jpg.rf.6dcc423c07524c4f0f498df006ae7e8d.jpg,1,0,0,0
_255_jpg.rf.77bc8c2e55bc61143dcffde30dfd6bdd.jpg,0,0,1,1
_710_jpg.rf.17c7c0a86305736ecd47819b2cf88149.jpg,1,0,0,0
Yimg_000104_jpg.rf.bdb240c4f5f08822747bcbf375ce83d2.jpg,1,0,0,0
696_jpg.rf.85cdca86eadc6ee12950735ba98a79df.jpg,1,1,1,1
2708459570_1_jpg.rf.e45aa7ec7f9a8f78b11b8cae1d9bd9d1.jpg,2,0,0,0
980_jpg.rf.148023a31baac407f56299f541a8a1fa.jpg,2,0,0,0
img_000450_jpg.rf.44180bc77812ce28c8a8eef892541b07.jpg,1,1,0,0
_608_jpg.rf.bc2b8bec40f848f79a19d068ee115f49.jpg,0,0,0,1
000549_jpg.rf.2d61294d9e0c225b181876ec765f21f0.jpg,2,0,0,0
_579_jpg.rf.927d5e11a130e6b1a598fe92a8a95a8a.jpg,1,0,0,0
289029016_1_jpg.rf.b302e380e76c00300e909a13e11af31a.jpg,4,0,0,0
closed_eye_0556-jpg_face_3_jpg.rf.acbcd2125fc7de62d5dc77222284d824.jpg,1,2,0,0
closed_eye_2557-jpg_face_1_jpg.rf.d689435c95d1db21f439baaf9e54a4f7.jpg,2,0,0,0
_596_jpg.rf.ef7d6efcc24555c2ebb17433ae9f2450.jpg,1,0,0,0
_711_jpg.rf.53e8f311f4bfba9d17dbd750df76295d.jpg,1,0,0,0
515_jpg.rf.59c4eba20852282f38fbd77574460499.jpg,1,0,0,0
_602_jpg.rf.6512c37d0a7bf4ec055ecc766804ce80.jpg,0,0,0,1
_497_jpg.rf.4c4d525364f6c77ec7ad43998926662c.jpg,1,0,0,0
499_jpg.rf.cb12023eb2e51d659f6845df9ab27c33.jpg,1,2,0,0
_312_jpg.rf.6b24609f88f9165906e487b67c03a9fc.jpg,0,0,1,1
Yimg_000168_jpg.rf.8f8598f508fcd3fd13d39e009c8d1896.jpg,1,0,0,0
100032540_1_jpg.rf.01860b21a4e253cf7b54aa3a767643a5.jpg,2,0,0,0
1031_jpg.rf.d248112415881aed2bb5b0cfb5250cd4.jpg,2,0,0,0
176_jpg.rf.72d412c6b0c033a5e2a806f3bb8bf90f.jpg,1,1,0,1
closed_eye_2313-jpg_face_1_jpg.rf.0f26dabae2db2cc75170eb3685c7e871.jpg,2,0,0,0
WIN_20211018_22_23_28_Pro-2-_jpg.rf.82cc5accaf1eca9cd1b766a868d69d5b.jpg,1,0,0,0
Yimg_000282_jpg.rf.f2dec36abd6081771efa5bb707a93404.jpg,1,0,0,0
_40_jpg.rf.f651ed5d106fc90269c352ab43308181.jpg,1,0,0,0
2666396914_1_jpg.rf.1594ffb88e8abacf269f4957f03b4e09.jpg,1,0,0,1
_675_jpg.rf.d111d67560d9453e60ae37ddab956441.jpg,0,0,1,1
closed_eye_2445-jpg_face_1_jpg.rf.40e9c6fe7a5540341eaaec2e6806dddc.jpg,1,0,1,1
istockphoto-1175477986-612x612_jpg.rf.bf34d1433137eed0a7568f20c8ea1311.jpg,2,1,0,0
3468_jpg.rf.e45d24be7c6bacb8194270c5aa27f306.jpg,1,0,0,0
closed_eye_2778-jpg_face_2_jpg.rf.fccb766a1721941fdcd198a1f3c0ae28.jpg,1,1,0,0
261_jpg.rf.43508700dfd50c8eccaa79236c425403.jpg,1,2,0,0
232_jpg.rf.cbdc56bf704e8a405a31604883b6e857.jpg,1,0,0,0
_33_jpg.rf.b409557d94306f204096aee5041036cb.jpg,0,0,1,1
_301_jpg.rf.b4c58cd9fe5ace96313ca4a35bd695a1.jpg,1,0,0,0
Yimg_000280_jpg.rf.a12a89513b65f6ec8e47359edc815256.jpg,1,0,0,0
_220_jpg.rf.d9a0b8d30f60b1a9eec2ad4668347b44.jpg,1,0,0,0
closed_eye_1850-jpg_face_1_jpg.rf.514494878b617f8faa129630a130b813.jpg,2,0,0,0
915_jpg.rf.8018a2aa364d7b19423bb10513b84930.jpg,1,0,0,0
756_jpg.rf.0bbc2dee90cbc50ebb9f6b7d4860b72d.jpg,1,2,0,0
closed_eye_2062-jpg_face_2_jpg.rf.787409d0e4168044d40aa47f98285a2b.jpg,2,0,0,0
_40_jpg.rf.f09c2ee267e7bea8876ef6f855b2e783.jpg,1,0,0,0
1346_jpg.rf.f4cb8caab68ddd39a809d63aa75123f0.jpg,1,2,0,0
1426_jpg.rf.eb58733498b27b63415742f63bba6fc0.jpg,0,2,1,1
336_jpg.rf.7b7532ccad801089ae788a3fde0276ea.jpg,1,0,0,0
78_jpg.rf.252903b4b33e3a1657a78bf20a0261c9.jpg,2,1,0,0
356_jpg.rf.98382a2b087b2958c58832c883995d4d.jpg,1,0,0,0
1358_jpg.rf.f35fb30cfd77e383945ed26174a124d2.jpg,1,1,0,0
closed_eye_0168-jpg_face_1_jpg.rf.95c6dd424f424afe983b3d767883eaf3.jpg,2,0,0,0
_238_jpg.rf.a72c82ce5f9d5fc924a372ae0aaad243.jpg,1,0,0,0
_689_jpg.rf.18867d06ef36e04b7f9bc4c691a628c5.jpg,1,0,0,0
_445_jpg.rf.f546381d72613e50bac1cb9134115d7e.jpg,1,0,0,0
_137_jpg.rf.6452552bc143cc47aa62f926ae63e33b.jpg,1,0,0,0
_273_jpg.rf.ca565b61cdc6c12a47d6b3bf4bcdb00a.jpg,1,0,0,0
image_870-3-_jpg.rf.06edb8e78bc5b9c85625e3523d50ab86.jpg,2,0,0,1
_432_jpg.rf.42f43259112a6b94cfb938e8634ae8c3.jpg,1,1,0,0
866_jpg.rf.1944800ee8ca8e9ad7edbf6df18d132f.jpg,1,0,1,1
241_jpg.rf.e157e6af934eb71dc3fde712e90a4d23.jpg,1,2,0,0
647_jpg.rf.ab1eda85c9d0bf997d9b12ad46d8720f.jpg,1,1,0,0
closed_eye_2578-jpg_face_1_jpg.rf.e454913b82eb0b1097b8c77cfc9ab5be.jpg,2,0,0,0
_700_jpg.rf.18511fbb60caadc53833b3bbc577f367.jpg,1,0,0,0
closed_eye_2543-jpg_face_1_jpg.rf.6e7bfb604f3649af021ee449b4c3b13f.jpg,1,1,0,0
_595_jpg.rf.871c203d500af3eaba60b4da86d70490.jpg,1,0,0,0
_673_jpg.rf.3cce72aec5ad73c34f6b61c54a0817c7.jpg,1,0,0,0
_650_jpg.rf.f4a42f02cc4b0ce5c439ba6fabc893dc.jpg,0,0,0,1
_214_jpg.rf.363b675b672e9c6bcc48d381eeeed495.jpg,1,0,0,0
closed_eye_2168-jpg_face_1_jpg.rf.ef78a379cb49092b5cd2cb0aca4e4bc2.jpg,1,1,0,0
55_jpg.rf.246238db2ced204ba999be3628ee9586.jpg,1,2,0,0
1345_jpg.rf.634392106641adc01f524f80a9f55170.jpg,1,2,0,0
closed_eye_1497-jpg_face_3_jpg.rf.f023d34935fc34de585b67b3f9c007c5.jpg,2,0,0,0
closed_eye_0656-jpg_face_1_jpg.rf.3fbc40450240d532fc0bd9abc83cd1c9.jpg,2,0,0,0
124_jpg.rf.c871bc6a37a70df64fa968ebe2734377.jpg,1,2,0,0
3711_jpg.rf.f075b2cb05d58ac1465fb5d7e0330863.jpg,1,0,0,0
_590_jpg.rf.be1a7a2c2497cab84346fb1e54e8b4d7.jpg,1,0,0,0
647_jpg.rf.4ed011a44c88ec3bac224f79016d12f4.jpg,1,2,0,0
385_jpg.rf.289686ca9720acf3130489fdc7f23ba5.jpg,1,0,0,0
_491_jpg.rf.4ad0d52c1d6e544a924a15ced83a336d.jpg,1,0,0,0
250_jpg.rf.959ff47adfa1f6c688b2198f4fdb0bd4.jpg,1,0,0,0
137_jpg.rf.d5aa001357091dd8e61821825e91d5b3.jpg,1,2,0,0
photo_10_2023-05-02_17-59-15_jpg.rf.0fe1202f18fec09302e75dc29193fbeb.jpg,2,0,0,0
closed_eye_2715-jpg_face_1_jpg.rf.9b587e7cdfea094f2e2b05fe33e8b845.jpg,2,0,0,0
481_jpg.rf.b12b6fe2ec21adb33318383d71174219.jpg,1,2,0,0
istockphoto-1017591600-612x612_jpg.rf.d7ab03011ce316dbfdf05ca42e9fa9d3.jpg,1,0,0,2
446_jpg.rf.b26e6f47f5afd7cac4fc63fed39185fa.jpg,1,2,0,0
766_jpg.rf.31abcd02d2a4af656676da8f6ec71077.jpg,1,2,0,0
_434_jpg.rf.3647380c8b0d05f52e6684754117831d.jpg,1,0,0,0
closed_eye_2582-jpg_face_1_jpg.rf.62263c36820a3ef05b71921bc8ae8025.jpg,1,1,0,1
554_jpg.rf.de918cd5a4949bc0986b5411655b70bc.jpg,0,1,1,2
WIN_20211018_22_23_24_Pro-2-_jpg.rf.a0a292387e3239ef0c93344b07969a27.jpg,1,0,0,0
closed_eye_2393-jpg_face_1_jpg.rf.8f190e69b94d68f81d4b572573bd6e19.jpg,1,0,0,0
201752783_1_jpg.rf.0efd6b8112276caeed774268705c6daa.jpg,3,0,0,0
_164_jpg.rf.b67e57e2f2c093dd99b08ee12226e056.jpg,1,0,0,0
417_jpg.rf.e810fe7b2d2fa0d8188ff1de962a7800.jpg,1,0,1,2
_701_jpg.rf.b7715450eba7ab8ad906a932c27a6ef1.jpg,1,0,0,0
closed_eye_1311-jpg_face_1_jpg.rf.952d107ffbe2f1a0135e8abe9a7793d4.jpg,1,0,0,1
s0019_06012_0_0_1_0_0_01_png_jpg.rf.a2b23d9be3cd6bed713b9ea2e2473c80.jpg,1,0,0,0
590_jpg.rf.b8d44de96908b66c15d2300fae5da235.jpg,2,1,0,0
415_jpg.rf.338b0c748a24187661f775ce8e5a631e.jpg,1,0,0,0
closed_eye_2288-jpg_face_1_jpg.rf.52318f67563f31d25c66f1a7b78532f8.jpg,2,0,0,0
WIN_20220809_14_28_59_Pro-3-_jpg.rf.dc4bbe8419bf08368b7ce42e8134dc38.jpg,1,0,0,0
99_jpg.rf.6c600d9dbe96c2d52f07b0243b1dc5ce.jpg,1,2,0,0
3468_jpg.rf.d73b585bd7842e315b23dda8e5a06c03.jpg,1,0,0,0
closed_eye_2102-jpg_face_3_jpg.rf.a3e05273a6eb549e54e77bc69267e3d8.jpg,2,0,0,0
791_jpg.rf.c380dfa43bb0a61188d5cf31923dea07.jpg,1,1,0,0
_581_jpg.rf.b236dea8c8d390b8e0908e325687c643.jpg,1,0,0,0
_462_jpg.rf.c82043de7340338161696afa03a421a6.jpg,0,0,0,1
239_jpg.rf.7322adc5ba8f430a3228a4208979508d.jpg,1,2,0,0
578_jpg.rf.23a5e2cfa8f7a0f7aaa603c55b7dad04.jpg,2,1,0,0
s0036_00121_1_0_0_0_0_01_png.rf.54c1ea7261e51e35e3f0d2f23379de92.jpg,1,0,0,0
s0016_01461_1_0_0_0_1_01_png.rf.862dc0a867c16b5896c5abb0c8259546.jpg,1,0,0,0
_691_jpg.rf.9c9406b9a81570a2920e718abb6aadd6.jpg,1,0,0,0
633_jpg.rf.fb59ef68ecc6cc2aa53aecfb87962c85.jpg,2,1,0,0
996_jpg.rf.fe806ba4b945d0b1f094c0561bd3cfc9.jpg,1,1,0,0
_583_jpg.rf.a98d19e8769ba0a139666cfba71840a6.jpg,1,0,0,0
Yimg_000013_jpg.rf.7f620343026a9eac6c5b220dadc0d149.jpg,1,0,0,0
_459_jpg.rf.ac2e549d1ae574eb681a362910c802dc.jpg,1,0,0,0
442_jpg.rf.e701466ed88ae0e928973dddda4b1015.jpg,1,2,0,1
closed_eye_0097-jpg_face_4_jpg.rf.9f1c5a01d39e76adea4f6d8d83a307ba.jpg,2,0,0,0
closed_eye_0035-BMP_face_1_jpg.rf.b86fbddafed38ae760ef417116fec8f3.jpg,0,2,0,1
istockphoto-641147308-612x612_jpg.rf.09f2dddbb4ade11baabeafcdd68ba683.jpg,1,0,1,2
703_jpg.rf.26a9db405716f3c2e9545fb6e452d1b6.jpg,1,0,0,0
PIXECT-20220526015413_jpg.rf.89943d7b2656d3c3926f7db6ab7443cc.jpg,1,1,0,0
1114_jpg.rf.2d1437611f9e614e7a8cd84ea220f59a.jpg,1,0,0,0
Yimg_000098_jpg.rf.a11eccf23982946e003ee6ce3cfb96eb.jpg,1,1,0,0
720_jpg.rf.a582836546c7320a5cfab270ad2dcdf7.jpg,0,1,2,2
275_jpg.rf.374c53c72b37bfe7759214e6cb1a472c.jpg,1,0,0,0
_358_jpg.rf.6d94c68fad1472a59f27a0a0ae291351.jpg,1,0,0,0
1058_jpg.rf.5928dcd6b2d780334716d5c93a50c86b.jpg,1,0,0,0
_22_jpg.rf.4b4e74d314976cec0421cc8b5e4c14a3.jpg,1,0,0,0
777_jpg.rf.38debe5757bef97b09f8d6f136a1a053.jpg,1,1,0,0
s0034_00631_0_0_1_0_0_02_png_jpg.rf.4181836c08baa9caf448906a3815be3f.jpg,1,0,0,0
399_jpg.rf.94ccaf49ee099b7a39bceaa5c9bb7aac.jpg,2,1,0,0
3711_jpg.rf.74c251e33ff8964bd87a5240e55870a4.jpg,0,0,1,1
Yimg_000334_jpg.rf.e75f0f475d716ecdb5d2b8de2c8196ac.jpg,1,1,0,0
closed_eye_1050-jpg_face_2_jpg.rf.7fd91124350273d6f313346a222b77b2.jpg,2,0,0,0
img_h_11310_jpg.rf.33c5c11f82158e8c75551c8a5f855cbc.jpg,0,0,0,1
676_jpg.rf.4fbb87a1151e2418032fcd4ee5f9af88.jpg,1,2,0,0
closed_eye_2050-jpg_face_1_jpg.rf.631f240d24ad2689b58c9f36823116dd.jpg,0,0,0,2
closed_eye_0260-jpg_face_1_jpg.rf.a5016f1e8a0d860fed80c95a476a9d93.jpg,2,0,0,0
closed_eye_0466-jpg_face_1_jpg.rf.af7f6977298d4c9f037beac7d7022f57.jpg,2,0,0,0
_559_jpg.rf.9f18eb956b8f9850c8611f3e94674d8d.jpg,1,0,0,0
closed_eye_0884-jpg_face_1_jpg.rf.b33323eebc41a5fda194e7c93b12b70d.jpg,2,0,0,0
istockphoto-502089477-612x612_jpg.rf.00a18c706151af86ea68c30f023b9321.jpg,1,0,0,0
461_jpg.rf.47e61dc87ad460ae679f89bc381bd007.jpg,2,1,0,0
istockphoto-1309037928-612x612_jpg.rf.0598cd9d568326d18ab95ceccff76daf.jpg,1,1,0,1
_53_jpg.rf.a533dd7f139f2d970a921b876e37c43f.jpg,1,0,0,0
482_jpg.rf.918427a9c1a95c59bb27147f36bc91a1.jpg,0,1,1,2
_5_jpg.rf.f41b3add41520216418171278b909e68.jpg,1,0,0,0
477_jpg.rf.4900e76b4b912b85bae3afff15aac55f.jpg,2,1,0,0
778_jpg.rf.13f236c7d3ff3333801030eb4b60a192.jpg,1,2,0,0
_21_jpg.rf.0f4f8849481d9bb39147ba101c7442e5.jpg,1,0,0,0
691_jpg.rf.0604c96670a1e75870f11bdff4465d93.jpg,0,1,0,2
_261_jpg.rf.df7bb3e691d51fd6cc6043d54bd2b365.jpg,1,0,0,0
3713_jpg.rf.1f286360c11b089aa4f115dfaecae43d.jpg,1,0,0,0
499_jpg.rf.23ee82599152c2a744571471447f4362.jpg,1,0,0,0
542_jpg.rf.f621bb49c37eaccfb86fe068ed0e9f35.jpg,2,0,1,1
_315_jpg.rf.b6786c60d5bea44b2259634d5b0b85f6.jpg,1,0,0,0
_547_jpg.rf.c79d75bf668d5cef9f72c84d39f96f15.jpg,1,0,0,0
3223_jpg.rf.45a8555a299734990bbc457dd763ef79.jpg,1,0,0,0
204_jpg.rf.839f1d3baa05c412255a173f44550048.jpg,1,0,0,0
1338_jpg.rf.708456851cdaf922aff75179c4712626.jpg,1,0,0,0
_240_jpg.rf.2492161b6d3ddec9fd14c5b51b703012.jpg,1,0,0,0
_139_jpg.rf.5da5aa641997e5bcc79ff3b850c0920c.jpg,1,0,0,0
583_jpg.rf.324e4717d2a433dc95c50d015611ef89.jpg,3,0,0,0
closed_eye_0551-jpg_face_1_jpg.rf.a211bb45908a96a02a3cda071435af41.jpg,2,0,0,0
1195_jpg.rf.23270448657b21a6fb9fe1e48ca84e98.jpg,1,0,0,0
_221_jpg.rf.c4161dd3b76ac0daa5001d79c4338d8f.jpg,1,0,0,0
_653_jpg.rf.886de148ce8224fb8d2e535186b40574.jpg,1,0,0,0
_658_jpg.rf.f36a6f303df1c241103bfefd2a49f423.jpg,1,0,0,0
145_jpg.rf.439f6b5ce28581ea4415eb4c030f6701.jpg,1,1,0,0
612_jpg.rf.080b5369b087c86e34675615213ad057.jpg,1,0,1,1
eyes-6926035_960_720_jpg.rf.5b1c8ede22b336b52e07aec3e0d071cb.jpg,2,0,0,0
_9_jpg.rf.fe3dc95add00f804ace87b379a936b29.jpg,0,1,0,0
closed_eye_2532-jpg_face_1_jpg.rf.e38642a40cb6ae6793659eef1a0a9b67.jpg,1,0,0,1
_150_jpg.rf.a240881c6d08b6901e614025b05c0ce1.jpg,1,0,0,0
5_jpg.rf.9ef0415abf477a9a3e9d1efbdedd3ebd.jpg,1,2,0,0
closed_eye_0791-jpg_face_2_jpg.rf.7dcbd2667b99a77ce36b35c1f9962d01.jpg,2,1,0,0
228_jpg.rf.bfe5811179ec9baaac39d51d46496260.jpg,2,1,0,0
544_jpg.rf.25230d6713f1b6e1db2258d79f82c830.jpg,2,1,0,0
53_jpg.rf.d74f946d65ee6b6e891aab0b0750c8dc.jpg,1,2,0,0
000041_jpg.rf.9d37f4daa3547b6d7d371dfc08f3047d.jpg,1,0,0,1
closed_eye_2698-jpg_face_1_jpg.rf.430d810d8ec569a07c398d435812450b.jpg,2,0,0,0
closed_eye_0193-jpg_face_1_jpg.rf.f58d5a8654edee01f6003c181f3ef876.jpg,2,0,0,0
_517_jpg.rf.2c3dbc4842d7a405be5799e3ddd7513d.jpg,1,0,0,0
_8_jpg.rf.650da72366ffbef7717c673e2fef133c.jpg,1,0,0,0
_356_jpg.rf.5a0a92336a0cc3c9038accd8356f2fd3.jpg,1,0,0,0
_140_jpg.rf.63f59236012ceee663313da4fce0db9b.jpg,1,0,1,0
img_000546_jpg.rf.503e4b3ca31eab94340b6bb6d46e99bb.jpg,1,2,0,0
_165_jpg.rf.c06ec6c79b92c764bfc5986ba2fcb49e.jpg,0,0,0,1
72_jpg.rf.3138d0c1cac2d4a4f251297a0e918861.jpg,1,1,1,1
362_jpg.rf.6879ce29dc629d72f94e15c5b84ef585.jpg,1,0,0,0
image_9396_jpg.rf.f6cd63ae3c4a5eae9dff37ce8f5edf9b.jpg,2,0,0,0
1186_jpg.rf.c57caa34b39b96681ca0a9b134fdb4f1.jpg,1,0,0,0
_414_jpg.rf.8c21b78de8b6b267566188d5fddd9ead.jpg,0,0,1,1
600_jpg.rf.28c81fc95a59aac74053c847e902cf39.jpg,1,2,0,0
closed_eye_0378-jpg_face_1_jpg.rf.c6b83b889215dcefb8f8dbc0d8b5c82c.jpg,2,0,0,0
417_jpg.rf.aa14c0bd3cc88b6b9cf0db1c821a8574.jpg,1,0,2,2
PIXECT-20220526010833_jpg.rf.af58135b6d152d1db1c77a1a07404b67.jpg,0,0,0,2
s0016_01687_1_0_0_0_1_01_png.rf.5e323380a0118423f35f4119e85cb4e3.jpg,1,0,0,0
_2_jpg.rf.3c455967cbfa46260b0c6a4529275d4b.jpg,1,0,0,0
87_jpg.rf.309bab847e4c8b63d7f394047ce56152.jpg,3,0,0,1
1245_jpg.rf.a9e2a1df5b16e2b0a637d64aa3e028b2.jpg,1,2,0,0
1767_jpg.rf.babd32d4e464e6104c1b99ddefcaad3f.jpg,2,0,0,0
1820_jpg.rf.d9358e749aea4d31b33a878c8e42e531.jpg,0,1,0,1
_18_jpg.rf.17772efa1bfa157aba6b1fbb32326a53.jpg,0,0,1,1
2254_jpg.rf.ebad6bf621d84441f1f10bae8706e73e.jpg,2,0,0,0
90_jpg.rf.526e2564e7ca4626ddcc74cc791c3aa5.jpg,2,1,0,0
546_jpg.rf.850336436b35f923011d0c95e23ca6b4.jpg,2,0,1,1
closed_eye_1427-jpg_face_2_jpg.rf.c6e0374ad48549d3ac507619b90856e5.jpg,1,1,0,0
540_jpg.rf.6ab9413d7961d32ea0c715c6fe792b1e.jpg,0,2,0,2
Yimg_000036_jpg.rf.0245985c0df471881ec37ed7cf36d940.jpg,1,0,0,0
884_jpg.rf.570fecbb82f10e5cf8abefa278ef0ae9.jpg,2,0,0,0
585_jpg.rf.8b725058fa0a775f50782adff47ebaf9.jpg,1,2,0,0
istockphoto-504241925-612x612_jpg.rf.05845699ca3b564880044304378cf0d0.jpg,1,1,1,2
265_jpg.rf.4b533212c88e7542acbce65e6512cabd.jpg,1,0,0,0
closed_eye_1773-jpg_face_1_jpg.rf.81fc82092473871e54e6ccb3709780ad.jpg,2,0,0,0
closed_eye_0209-jpg_face_1_jpg.rf.74bf31ec458e0808b52ac5e8df7d7b23.jpg,2,0,0,0
_712_jpg.rf.9045e8ccf6b845761ce68d7a423536e9.jpg,1,2,0,0
_340_jpg.rf.9037b9b42bef9ddca4381755b15b5a53.jpg,1,0,0,0
000023_jpg.rf.a601d51d1b10cd0e4b93f77090c18fbe.jpg,2,0,0,0
140_jpg.rf.05a4b90e38ff4b8dc8523bd15bb6eed8.jpg,1,2,0,0
closed_eye_1427-jpg_face_2_jpg.rf.18e5fd3d250d1d291a5770367491e2c1.jpg,1,0,0,0
yawn-93af0fe2-3043-11ec-bd55-302432df5bc8_jpg.rf.9ec8cab7781a1a9b2acff3939837ee6f.jpg,1,0,0,0
2662819619_1_jpg.rf.c38b7357a0d5fb87535156d9bc8153d9.jpg,2,0,0,0
closed_eye_2526-BMP_face_2_jpg.rf.08a18c20a63f3b3ae52b650ecb73a063.jpg,2,0,0,0
142_jpg.rf.ae899e4d9f553d63854c9dda2a7eec55.jpg,2,1,0,0
500_jpg.rf.f82c1d25dd5c5ad52d30c971558742a3.jpg,1,0,0,0
_97_jpg.rf.d7ab1b89ff0aefab14afa49b8451b425.jpg,1,0,0,0
1286_jpg.rf.29c6802b04fd761779397a628599a0b6.jpg,1,2,0,0
307_jpg.rf.bc1ed94a6bcc41e0a9b6bafb242bc01a.jpg,1,0,0,0
251_jpg.rf.e9364c23c20952167456782b1cffc915.jpg,1,2,0,0
1303_jpg.rf.88201036e0698215fbf372c28c81d752.jpg,1,1,1,0
images-31-_jpg.rf.58a8fd9a7c20d03bc408dedb6843c08c.jpg,0,0,0,2
_338_jpg.rf.83239b5e6489b0cd818e99fada7204ca.jpg,1,0,0,0
1248_jpg.rf.0e3e3dc4d1ecf1ed382cacadb240a139.jpg,1,2,0,0
closed_eye_1659-jpg_face_1_jpg.rf.34becea8748ee304e8f8df88ccc95a9b.jpg,2,0,0,0
yawn-29312ddc-3044-11ec-86f9-302432df5bc8_jpg.rf.67bc827633e6a48a1dfc9fa44d048ae1.jpg,1,0,0,0
000176_jpg.rf.07ee0e73b1efa6d342384231582b37c1.jpg,2,0,0,0
_556_jpg.rf.8bf91ad6629902e600ffa3384eec6e80.jpg,1,0,0,0
_86_jpg.rf.10fe691a5d6a613f821f5aa1f25d8bf4.jpg,1,0,0,0
istockphoto-872323864-612x612_jpg.rf.27812e4434a5efa3bfb3cf483bf80501.jpg,1,2,0,2
1113_jpg.rf.01e6b83bd9b473de71a2e2d979346e58.jpg,1,0,1,0
_199_jpg.rf.688d0c2660bf5107ac5dc5c71ddbaf6c.jpg,1,0,0,0
3197_jpg.rf.5a7a04bed1430fd96259c18fa7d82de7.jpg,1,0,0,0
389_jpg.rf.199a92b83c616d86ff6daf83bc035606.jpg,1,0,0,0
_719_jpg.rf.7b1159d377ce095abc42823d307acf29.jpg,1,0,0,0
img_g_14640_jpg.rf.e002848dc7fc0939c8ceba4b021494cc.jpg,2,0,0,0
_284_jpg.rf.a4249b66fa1674e86a4cf7d74da778af.jpg,0,0,1,1
_248_jpg.rf.e628912ead87c8a2976d4cbdd287c9e5.jpg,0,0,0,1
1310_jpg.rf.1694e841d338b34e50559efe929db7cc.jpg,1,0,0,0
153057847_1_jpg.rf.faa31bdebb5a6057b352cd9b5f54b32e.jpg,2,0,0,0
_309_jpg.rf.5eb9412cb89f1e07ddd8fa5cfcb47b15.jpg,1,0,0,0
90_jpg.rf.e4a13484cc44faa848911d8b0fa9ebee.jpg,1,0,0,0
img_k_17820_jpg.rf.bec7469a5b3078d28c121a916b123a51.jpg,1,0,0,1
310_jpg.rf.5b20344f401fc7c8612d400091918280.jpg,1,0,0,0
_160_jpg.rf.e7d672935a67b9642b5f8b070a5679e8.jpg,0,0,0,1
1226_jpg.rf.e62703db35f9c5e42f18f39da13af26a.jpg,1,2,0,0
471_jpg.rf.646336ad2ef6b6bfe74f2e72d545aad3.jpg,2,1,0,0
Yimg_000297_jpg.rf.ee16b164dc1c70eaabaf5026644d7b91.jpg,1,1,0,0
313_jpg.rf.cf13cc42fc20b3c5d6744b8d12673032.jpg,1,2,1,0
12_jpg.rf.20ec21bb744002c95c28e8fda2f5d268.jpg,1,1,0,0
280005127_1_jpg.rf.2d46ed3e790d9291c7b5fca9faad7c29.jpg,2,0,0,0
_304_jpg.rf.d0a21c8eb6febf4b0d74403bafeadce7.jpg,1,0,0,0
_31_jpg.rf.ad32ba21c22ab96a1d4b82a2a2ac6c7b.jpg,1,0,0,0
img_000421_jpg.rf.87ded5f9e766a604a221d0014b2a2324.jpg,1,0,0,0
1140_jpg.rf.9e64f6b8692537d7d2d37b4e6ffff91d.jpg,1,0,0,0
Yimg_000028_jpg.rf.256a5e457bfae760abf68166ce8e3459.jpg,1,0,0,0
closed_eye_2247-jpg_face_2_jpg.rf.e8d3c37e2198422b8e3c4e30736bba67.jpg,2,1,0,0
s0016_00332_1_0_0_1_1_01_png.rf.8a8b522d50b10202ea71d642108c3436.jpg,1,0,0,0
Yimg_000046_jpg.rf.9f86865341d750d2bcad95469ee488dd.jpg,1,0,0,0
658_jpg.rf.d9b38d4645904fbee86e9857cbada30b.jpg,2,1,0,0
_164_jpg.rf.d00916a1f86035e04ea8ef1401b4dcc4.jpg,0,0,0,1
64_jpg.rf.ef451f57790adc8f47a50b5d7f87a853.jpg,1,1,0,0
106_jpg.rf.384d427ff4ee6f625d70154ef9befe7a.jpg,1,2,0,0
1379_jpg.rf.8968c323840d79e83b9cf741fae8a1fb.jpg,1,2,0,0
s0036_00013_1_0_0_0_0_01_png.rf.7bbca36ecac7d8e61908a322b24c5099.jpg,1,0,0,0
2514_jpg.rf.c62a14688af7a7b8df522107b9039ff0.jpg,2,0,0,0
814_jpg.rf.6ffce128759e174a833c50c5bb8fbae5.jpg,1,2,0,0
_207_jpg.rf.7fecc245f843c97c36d5264f73398f35.jpg,0,0,0,1
_414_jpg.rf.c574e8bcea979af344bd199dd4236973.jpg,1,0,0,0
_225_jpg.rf.1ffd224edd17e3f89424bcb452275039.jpg,1,0,0,0
74_jpg.rf.075943afc8eecff525f32816ccdfcf45.jpg,1,0,0,0
1339_jpg.rf.79caef575a91e54babc5f7fcb088df49.jpg,1,0,0,0
193_jpg.rf.8f6de4c2a68111da9f748c8baa6808cf.jpg,1,0,0,0
_294_jpg.rf.e3d616b9349a15259462f4643f091b90.jpg,0,0,0,1
closed_eye_2021-jpg_face_1_jpg.rf.960de5b13ff3ac35630d0ddbb40803e9.jpg,1,1,0,1
istockphoto-929736050-612x612_jpg.rf.6078e08793a3e24ae972a4a716e9380c.jpg,1,0,0,1
90_jpg.rf.64ac0ec7362bcc16d7678e893ef042c9.jpg,1,0,0,0
587_jpg.rf.bca5211a3b15aa064fbb003777bcb4f7.jpg,1,0,0,0
_265_jpg.rf.98a537074f0139869b4626a3e2332cec.jpg,1,0,1,0
_521_jpg.rf.ade8fb4ca80d09281b1d83b49060e1ec.jpg,1,0,0,0
110520830_5_jpg.rf.c432fa94b7537437b89d1110c63e1ce3.jpg,6,0,1,2
_541_jpg.rf.f70b3ead9f7c4e67bb2a21b2223ceea3.jpg,1,0,0,0
closed_eye_2631-jpg_face_1_jpg.rf.12736175c1c60ab7a757105ed484937e.jpg,0,0,0,2
1318_jpg.rf.db8ca2403980cc54f71d9db08b8752a1.jpg,1,0,0,0
_90_jpg.rf.57cfd5bdc274e67c107cf0536c4deeee.jpg,1,0,0,0
closed_eye_1411-jpg_face_1_jpg.rf.879b34c397633e7a0579affbc6dff965.jpg,2,1,0,0
image__15399_jpg.rf.adaf530e99145e3686b03e2ecdc75090.jpg,2,0,0,0
s0012_04567_0_0_1_0_1_03_png_jpg.rf.3a74cb6b56cc55bf264b9d77f2fff008.jpg,1,0,0,0
istockphoto-1346552994-612x612_jpg.rf.4fd4297336f7ce34f3ea8e9f4a27b796.jpg,1,0,0,1
_657_jpg.rf.d6c9b343f48760a05078a0f26129f945.jpg,1,0,0,0
_642_jpg.rf.91506f3312ada390b19f326d95474d6b.jpg,0,0,0,1
_373_jpg.rf.9d09e1727a0cdd307a499274bd10d2bf.jpg,1,0,0,0
_502_jpg.rf.ce55163ab1a38ebb3b39de4c83e2741d.jpg,0,0,0,1
79_jpg.rf.0651754e6cb790a64c76759c070ad162.jpg,2,1,0,0
57_jpg.rf.c4621622e45b9fcc5d87cdfea57a21b2.jpg,1,1,0,1
3500_jpg.rf.399a95192b38b95f2459a4c8dbce13f6.jpg,1,0,0,0
closed_eye_1934-png_face_1_jpg.rf.b9f72c4d8c55099fcf7baee53d05c65f.jpg,2,0,0,0
796_jpg.rf.13b48ad6bd04be94f1e0cba0c2be8a6a.jpg,1,2,0,0
closed_eye_1463-jpg_face_1_jpg.rf.6ca89c31a7cedc2eef784f03bbedb4f7.jpg,2,0,0,0
2259_jpg.rf.e984ba43741d3f3e78865054b6a2dcd8.jpg,2,0,0,0
closed_eye_0139-jpg_face_1_jpg.rf.295610659f442b7a7d4da8c859e23c5c.jpg,2,1,0,0
_333_jpg.rf.6fe8f5236c8616b4996fe0d28f22be1a.jpg,0,0,0,1
istockphoto-1333976514-612x612_jpg.rf.230f9840da5afe32ac18c9f449776715.jpg,1,0,0,1
111168419_1_jpg.rf.ceef2119e4ef0e3a118909b74aeb3054.jpg,2,0,0,0
img_000528_jpg.rf.72bc461d4b56e57f9165dc3b2a47ccc5.jpg,1,0,0,0
4_jpg.rf.36020009ff4f155e38b33c78366ae981.jpg,2,1,0,0
709_jpg.rf.89380743e3b4b15dd362b76d3846632c.jpg,3,0,0,0
_640_jpg.rf.945902770c803d064e41fdca6aa04b76.jpg,1,0,0,0
_467_jpg.rf.f9b4354e6d112b83aea9c1de9ed4f2d2.jpg,1,0,0,0
3706_jpg.rf.4155c4d6a3335fc8e80c95558b67d00a.jpg,1,0,0,0
closed_eye_1205-jpg_face_2_jpg.rf.1f5215ea68dedcf4b6f1e129a703ec0a.jpg,2,0,0,0
_42_jpg.rf.576bccbb11120ca65df1e877409df3b1.jpg,1,0,0,0
closed_eye_0833-jpg_face_1_jpg.rf.acf8d09a892a4a5ca5a1ee7f0b4e79f7.jpg,2,0,0,0
_263_jpg.rf.10b43ef9e0d22af9f050ac4dba89a998.jpg,1,0,0,0
_373_jpg.rf.d7f0fd629b1cbec6c13935be1aa077ea.jpg,1,0,0,0
img_000513_jpg.rf.d651badc7c027b3759d9311e774a436f.jpg,1,1,0,0
173744986_1_jpg.rf.0931377ffebab9ec5c529fac2b33bb2f.jpg,4,0,0,0
2935_jpg.rf.20b37557de1d1abc0a5e99bd074ad2ab.jpg,1,0,0,0
_63_jpg.rf.775bfe090b2823a208c5de597d61e1bc.jpg,1,0,0,0
473_jpg.rf.0be64054030d60f1d6f2c42f7caf7f56.jpg,0,0,1,1
202_jpg.rf.5224cf1d1bdd6c5860d93a3b8bba607d.jpg,1,1,0,0
closed_eye_0864-jpg_face_1_jpg.rf.b177400875751015d6802609c0a022db.jpg,2,0,0,0
373_jpg.rf.eb424bf9146aa50862e1fbdb52a37383.jpg,0,0,1,1
1804_jpg.rf.8d0dcfb1c4ce1b9e6a6860c761fb53ef.jpg,2,0,0,0
_476_jpg.rf.cc3ed06cde46b3aaaf4be165e4855eff.jpg,1,0,0,0
_365_jpg.rf.1cb963481eeade742827ae86d914e26c.jpg,1,0,0,0
293_jpg.rf.ca9d43498fa187313a6b77b038b75610.jpg,1,2,0,0
1685_jpg.rf.565a64b9fffd11775ba3adbed4427324.jpg,1,0,0,0
671_jpg.rf.7694d63a737b512792c9e4a79667052d.jpg,0,2,1,1
_526_jpg.rf.329837af0d06f311d2ca26e61558185a.jpg,1,0,0,0
istockphoto-680789516-612x612_jpg.rf.0ac38ad727f29168db9e54920fd0c449.jpg,1,0,0,2
1388_jpg.rf.6ad6fa29daa1cda486e4a149fad4aff8.jpg,1,2,0,0
_263_jpg.rf.d9cd6652b83cd95d24877e85ead4c73b.jpg,1,2,0,0
000443_jpg.rf.c066ee4dde31da42a1f90089b481549d.jpg,2,0,0,0
closed_eye_0957-JPG_face_1_jpg.rf.17be63c37b9788c5d42e8b773432aa0c.jpg,2,0,0,0
1128_jpg.rf.4c488138f97b1fdff14450bcdd0b86a5.jpg,1,0,0,0
1197_jpg.rf.8fb8f54b54996a0e33d40bf5f02ef44d.jpg,1,0,0,0
702_jpg.rf.ab41a919e49afaab1ecf85b6af6f1047.jpg,2,1,0,0
_88_jpg.rf.0cd7b18aac574c1e50d442daac51fc71.jpg,1,0,0,0
703_jpg.rf.b132c4b170629a314ccdfad4035e68d0.jpg,3,0,0,0
579_jpg.rf.22ad0b199095059a7ffbc81345085172.jpg,1,1,0,0
000430_jpg.rf.711d09caab2ba2626a5b64cb474690aa.jpg,2,0,0,0
000458_jpg.rf.af5aaf5dd9c1271dcfb2d32d92c59dee.jpg,1,0,1,1
_198_jpg.rf.4fa6ee00d8edec3ae96f1ef81dc201fd.jpg,1,0,0,0
_37_jpg.rf.bcd1cf6478e5d0c26a0123972d113741.jpg,1,0,0,0
1368_jpg.rf.d014d6ac8c1c091cbfd56f300a6bb84c.jpg,2,0,0,0
1149_jpg.rf.2f8babc5a84e25ec2510723ed958a94f.jpg,1,0,0,0
3495_jpg.rf.24b3cd1b2460a922729593d7a25a65b2.jpg,1,0,0,0
closed_eye_1825-jpg_face_1_jpg.rf.75d3bb602fe15b32f409ccb0d59093bf.jpg,2,0,0,0
3703_jpg.rf.1be73ff11b6e6c0c1080d0163b191ba0.jpg,1,0,0,0
2702096048_1_jpg.rf.832e411bed5787848a0c3e71c02512d2.jpg,2,0,0,0
374_jpg.rf.9e5f3b86c3e08aa0f6347d248ad4eeed.jpg,2,0,0,1
s0037_00240_1_0_0_0_0_01_png.rf.64c22b9da586110bab340ce3144c0e0e.jpg,1,0,0,0
istockphoto-894946282-612x612_jpg.rf.3f28cd506a25bbc48a78b4a144fbd7a6.jpg,1,0,0,0
closed_eye_1431-jpg_face_2_jpg.rf.97320006eab4dfbc89c963317bb9c780.jpg,2,0,0,0
_577_jpg.rf.aa47b6255e0d05fe965f9acc8bbf4b36.jpg,1,0,0,0
425_jpg.rf.73ce57ace5a2155f0459df5de4dc2a9c.jpg,1,2,0,0
closed_eye_1416-jpg_face_1_jpg.rf.f0f24e21bf9bf082be5fb298c0d57ae1.jpg,2,0,0,0
3207_jpg.rf.80930e87f78d92fd3ed5f2a69d1c007e.jpg,1,0,0,0
551_jpg.rf.d4724c045fd770b0f3b569f7004b1bd4.jpg,1,2,0,0
_418_jpg.rf.37ab86d20b16f05e022cc1c34ffc9df7.jpg,1,0,0,0
closed_eye_0747-jpg_face_1_jpg.rf.f9d1694fe73aa227176af61d16602b3e.jpg,2,0,1,0
closed_eye_1244-jpg_face_1_jpg.rf.16cd9e0812527cfb31baedfa3d1df01d.jpg,2,0,0,0
s0016_00381_1_0_0_0_1_01_png.rf.108e462b26cf7eb426b3ba01a380490e.jpg,1,0,0,0
_504_jpg.rf.a1b893fc4c2def4faafb706d161da4d0.jpg,1,0,0,0
_619_jpg.rf.f30d0e1930e892d25f290bb2afd66d5a.jpg,1,0,0,0
944_jpg.rf.423783af8f5bb4334ddd1ab734bcdfdf.jpg,1,0,0,0
880_jpg.rf.be35df51f8aa2a13ccac57817c2fed7b.jpg,1,0,0,0
PIXECT-20220526010251_jpg.rf.7ac2b3b015de0a96de0e1838f52bfc29.jpg,1,0,1,1
closed_eye_1409-jpg_face_1_jpg.rf.25d9b1d9c4966a41695cbd44d8a02ebc.jpg,2,0,0,0
_364_jpg.rf.d8617623f5ba2204cd07907604010f11.jpg,1,0,0,0
_360_jpg.rf.85c020947725766437242cb4d315ee3b.jpg,1,0,0,0
1127_jpg.rf.0946873ad5e6b893d1934366427caf40.jpg,1,0,0,0
_652_jpg.rf.2ec8562314da662a661652f6a56b7954.jpg,1,0,0,0
57_jpg.rf.f8dee2a24b9b00e40ceedb96584888a4.jpg,1,1,0,0
_506_jpg.rf.e6f4662d2963b12aa979ed80c690cbed.jpg,1,0,0,0
_591_jpg.rf.0610f0826135002d8a8494f9b3a5140e.jpg,1,0,0,0
_236_jpg.rf.5df24055ed12bdd7bb8a392d598193b3.jpg,1,0,0,0
1174_jpg.rf.071cdbb9bd4344f77ee9de03342ab1f3.jpg,1,2,0,0
_120_jpg.rf.a00aa41bdf56237baa020bc841658a01.jpg,1,0,0,0
_268_jpg.rf.9b7abf2a4e06b275124866003f64ba0a.jpg,1,0,0,0
img_000486_jpg.rf.f55893a1b6ff589eaea938881885b880.jpg,1,1,0,0
closed_eye_1354-jpg_face_1_jpg.rf.9560fc164dbbe2d4d98db25e83a77eed.jpg,2,0,0,0
image_690-3-_jpg.rf.3956c793a01dd2563201379d5682d0f1.jpg,2,1,0,0
113_jpg.rf.4ab1156fa44728ecbc97ef2c60524cf6.jpg,1,1,0,1
113_jpg.rf.c0485f1d3d1001d7e2afaa849cff2bd9.jpg,1,1,1,1
_78_jpg.rf.cd83611ad42535fb996834a7504ba56e.jpg,1,0,0,0
closed_eye_2698-jpg_face_1_jpg.rf.71d4b4163e29067f8856d1bf805b98a2.jpg,2,0,0,0
closed_eye_0766-jpg_face_1_jpg.rf.9acbdefb95845a41f6abea1026164cc9.jpg,1,0,0,0
closed_eye_2466-jpg_face_1_jpg.rf.fef445507da09e4f05fb13e7b56e54b2.jpg,2,0,0,0
503_jpg.rf.aa0f159a0600914eafafc9852d689813.jpg,1,1,0,0
777_jpg.rf.77fbe74e294a76e727dd83b41a8db41a.jpg,1,2,0,0
1161_jpg.rf.d56951044dc2db4a6284f28fc55aa204.jpg,1,1,0,0
1678_jpg.rf.4b1b8bacc0d5b980d465e94713562b99.jpg,1,0,0,0
301_jpg.rf.f3bc93f710e40330d1582dd46e7211ea.jpg,2,1,0,0
1268_jpg.rf.998af666563635d4baad792a1fbed0b3.jpg,1,0,0,0
_498_jpg.rf.c9b842eeddbe6afc0f09a9719638b7ae.jpg,1,0,0,0
closed_eye_0043-jpg_face_2_jpg.rf.3a627de5561a71342b34c6c57ce08b84.jpg,2,0,0,0
WIN_20220809_14_28_59_Pro_jpg.rf.c607f5f7b5b846382738bc84d6ddee3f.jpg,0,0,1,1
yawn-22ef34e4-3044-11ec-9ca7-302432df5bc8_jpg.rf.33ed1949b9c874fceb112d72e88c55ca.jpg,1,0,0,0
756_jpg.rf.ced0142ef7b534989bcff1028d1b64fc.jpg,1,2,0,0
_674_jpg.rf.165759a78c657003f9fb60e0844ab10b.jpg,1,1,0,0
522_jpg.rf.aa7bd757d7bb1eeb833ab1a610bdbdc2.jpg,3,0,0,0
156_jpg.rf.6eccbda3b4c9df9febe7066dd367e368.jpg,1,2,0,0
1257_jpg.rf.6bf97b0d31499532c6dcb8708221aa5d.jpg,1,2,0,0
istockphoto-1276837802-612x612_jpg.rf.66d5ca34eb870d09bbeda8d0a5e58888.jpg,1,0,0,0
Yimg_000266_jpg.rf.5eb508cfa392aa650fed5eb07df14364.jpg,1,1,0,0
555_jpg.rf.11a5ee3cf34330f56aa7782102cc91bc.jpg,2,1,0,0
711_jpg.rf.ea06ba6965f93696dd856e9820ab4e10.jpg,1,1,0,1
closed_eye_0972-jpg_face_1_jpg.rf.4ba31904f4664509075961f2a03497d3.jpg,1,1,0,1
541_jpg.rf.be23f58db6119b76692141032abc0073.jpg,1,2,0,0
_167_jpg.rf.1eedfcc219234c169df64da69c63b227.jpg,0,1,0,1
closed_eye_2339-jpg_face_1_jpg.rf.85311b4c479f44c0487f9daff465ab6e.jpg,0,0,0,2
_177_jpg.rf.70c7a6d82d4519e2f21fb2653c718521.jpg,1,0,0,0
_191_jpg.rf.0626b67a184cc72e3a1203340f82ed10.jpg,1,0,0,0
image__1015_jpg.rf.f22b2ed6b28142b19a1cf0813dd4d5d7.jpg,1,0,0,1
Yimg_000117_jpg.rf.c297d1c8402d4524bc9cd11e5db900a5.jpg,1,0,0,0
118736733_2_jpg.rf.40fbe4c3ca315fb32404f442b95c1069.jpg,2,0,0,0
366_jpg.rf.5d81cfd24e088e9efe8bbb8a7a5e61e4.jpg,1,1,0,0
250_jpg.rf.2ec19c864da4e6f2397239e0ece9942c.jpg,1,0,0,0
yawn-31c37a54-3043-11ec-b1df-302432df5bc8_jpg.rf.d60e449f5f521de7dd02c1d915d7e916.jpg,1,0,0,0
602_jpg.rf.80f423c69837363a995a5753dc57b140.jpg,1,1,0,0
647_jpg.rf.0cdd0e93884a2abd63e313372ab9fd5c.jpg,2,1,0,0
closed_eye_1885-jpg_face_1_jpg.rf.546a043a99636573bc67b6f4ddcd3905.jpg,2,0,0,0
1279_jpg.rf.33e612cc335a2008e4689ccc953037c5.jpg,0,2,1,1
closed_eye_1276-jpg_face_2_jpg.rf.d485018ae7cf962e78326db68af24842.jpg,2,0,0,0
_334_jpg.rf.21d12885667b7393df4451107a0d7975.jpg,0,1,0,1
Yimg_000163_jpg.rf.972aacd2cde95aa343335cc9170cc489.jpg,1,0,0,0
671_jpg.rf.ac7430400c13435973c701942514c9a4.jpg,1,1,0,1
_284_jpg.rf.5ae1d27d7c460c84c8b83f5c23eaa064.jpg,1,0,0,0
_286_jpg.rf.3fcbccd2ace53ad78657b887fb321a25.jpg,1,0,0,0
84_jpg.rf.ad6e03c9559ec601438e885c113ca795.jpg,1,0,2,2
closed_eye_2708-jpg_face_1_jpg.rf.d3389d92a125a1df7082c5ef1d558ab0.jpg,2,0,0,0
_418_jpg.rf.f6b84be0c1e6ca3595d38e3171bf3aa3.jpg,1,0,0,0
closed_eye_1823-jpg_face_1_jpg.rf.d994308c1a3e8c84e9a84d62ab361d77.jpg,0,0,0,2
webcam-toy-photo6_jpg.rf.9ea6efc7172775bdf87685c2290bcdbe.jpg,1,0,1,1
150_jpg.rf.7bf33f0f1c9ec3c29ff52c2301b83582.jpg,2,1,0,0
closed_eye_2431-jpg_face_1_jpg.rf.0933e4b8cb1a591589241b730cd50d8e.jpg,2,0,0,0
1400_jpg.rf.d45ec08b5d6e03a3ea960aafe09091a5.jpg,1,2,0,0
closed_eye_2813-BMP_face_1_jpg.rf.bf314da7eea160497203a3f6d8cec32e.jpg,2,0,0,0
1362_jpg.rf.db604b206ea56cdf98938dda3faac3c6.jpg,1,0,0,0
Yimg_000136_jpg.rf.c35dd4d0df614bdd637a58a8ab554b4a.jpg,1,0,0,0
_620_jpg.rf.205bdd1dbbf200c366d4f4720b77f033.jpg,1,0,0,0
_328_jpg.rf.a014e208616a823441146b101bb79dde.jpg,1,0,0,0
000438_jpg.rf.0eec4392a24918c867831a54e51b8670.jpg,2,0,0,0
closed_eye_2758-jpg_face_1_jpg.rf.16544ff06f02112399aabe48d407bb6c.jpg,0,0,0,2
istockphoto-1190506636-612x612_jpg.rf.7fa01389f85b6dd8af52275c90f4fa4b.jpg,1,0,0,2
1729_jpg.rf.0bdad9416aff4bc8dde7bca67c82ec64.jpg,1,0,0,0
205_jpg.rf.96e6caed5bd797ca83fcdc4bfbba829e.jpg,1,0,0,0
_381_jpg.rf.ba84e14f8c86fe27a52bf65d28e4c7e7.jpg,1,0,0,0
388_jpg.rf.d4d00197b92b4da4b5dd6c51e4dbe102.jpg,3,0,0,0
